step,t,motion_id,phase,phase_label,mode,base_x,base_y,base_z,upright_cos,com_x,com_y,com_z,com_vx,com_vy,com_vz,lin_momentum_norm,ang_momentum_norm,momentum_norm,cp_x,cp_y,cp_margin,com_margin,support_area,support_mode,contact_left,contact_right,grf_left,grf_right,grf_total,torque_norm,torque_max,tracking_err_rms,head_force,torso_force,push_force,arm,seed
0,0.0,horse_stance_hold,0.0,transition,nominal,0.0028579987691578785,1.0371512553768548e-05,0.7754281258656032,0.9999682222762024,0.021578626937179664,0.00010528226912702852,0.6816920700518175,0.005565958965903974,0.00014190993277394146,-1.3366361876247127e-05,0.18563626997900998,0.046298741638296934,0.19132275925516454,0.023045861732014877,0.00014269095150757431,0.07128640823726459,0.0698191734583037,0.04965071613412247,double,1,1,163.6427764265791,163.33306560657186,326.975842033151,11.720257122596607,7.592852428479564,0.00902208596594895,0.0,0.0,0.0,protective,0
1,0.02,horse_stance_hold,0.004347826086956522,transition,nominal,0.0029744920349706965,1.3843464915249785e-05,0.7754328568155521,0.9999699288571158,0.02169486556797744,0.0001080470068718648,0.6816912492260826,0.005997968283176297,0.00013477034529565973,-5.996727132119066e-05,0.2000395798557237,0.04139076993947104,0.20427684485774858,0.02327598079340452,0.00014357361101892597,0.07151814092101817,0.06993702570869169,0.04965159279825144,double,1,1,163.67221480120293,163.34516179806718,327.01737659927005,11.726411370693235,7.578228327246956,0.009001117538681186,0.0,0.0,0.0,protective,0
2,0.04,horse_stance_hold,0.008695652173913044,transition,nominal,0.0031064310781135284,1.7089019210124257e-05,0.7754310875286218,0.9999716502133222,0.021819739993632934,0.00011063687523563027,0.681685195299929,0.006398627565199901,0.00012477686174477946,-0.00036945409351673577,0.21373336507164264,0.03622778482580139,0.2167819266872417,0.023506464908525877,0.00014352896644777077,0.07175018995370336,0.07006346502294168,0.049652572190949706,double,1,1,163.70141448000277,163.35800318868212,327.0594176686849,11.751818136876532,7.5744619041926455,0.00888722632697407,0.0,0.0,0.0,protective,0
3,0.06,horse_stance_hold,0.013043478260869566,transition,nominal,0.0032422833879753384,2.0025249986036343e-05,0.7754109204791684,0.9999735235053476,0.02195356769916905,0.00011299981769820391,0.6816648923188244,0.006822603059554503,0.00011238865332124458,-0.0011411497090550295,0.23066376135806746,0.029712021978808692,0.2325695058556059,0.023752028865139642,0.00014262584558369376,0.07199776466089448,0.07019930348179004,0.0496539228071812,double,1,1,163.8282028459876,163.4699832265097,327.2981860724973,11.813515023674302,7.5908648461984525,0.008727192971707992,0.0,0.0,0.0,protective,0
4,0.08,horse_stance_hold,0.017391304347826087,transition,nominal,0.0033728800551098403,2.2588025890593148e-05,0.7753631727465488,0.9999754655872881,0.022096404472284736,0.00011509320982044024,0.6816231258102372,0.007230052746042442,9.809094943713208e-05,-0.0021822868986598725,0.2518209039176613,0.0224719389605111,0.25282158865601834,0.024002212360788103,0.0001409495226018925,0.07225045866236875,0.0703446507635375,0.0496558572763908,double,1,1,164.12247472610687,163.75136708323626,327.87384180934316,11.909207793586933,7.623133752313748,0.008559771365156729,0.0,0.0,0.0,protective,0
5,0.1,horse_stance_hold,0.02173913043478261,transition,nominal,0.0034927757087654912,2.4732706942083167e-05,0.7752835379322123,0.9999773927880266,0.022247464155423294,0.00011688441261908955,0.6815564444767377,0.00758234757155229,8.23907837908639e-05,-0.0033297557787434692,0.27612033260178526,0.015117294047535205,0.27653385083103327,0.024246037537815728,0.00013860117327731402,0.07249735118595982,0.07049877779596224,0.04965863680208789,double,1,1,164.51898506968405,164.13721528171845,328.65620035140256,12.036396800439567,7.666163344224487,0.008410394541813132,0.0,0.0,0.0,protective,0
6,0.12,horse_stance_hold,0.026086956521739132,transition,nominal,0.003598374117091818,2.6434235251053424e-05,0.7751706312193389,0.9999792662257143,0.022405367284665943,0.00011835092404141019,0.6814637403343624,0.007857931487551838,6.579037163884569e-05,-0.004502881053111709,0.30196723418662036,0.007959607717751772,0.30207212032449754,0.024476438871290897,0.0001356909287984586,0.07273144513182393,0.07066037354009203,0.049662500115264074,double,1,1,164.95500435503803,164.56506498760768,329.5200693426456,12.196707914763518,7.7168212641546425,0.008296906327447935,0.0,0.0,0.0,protective,0
7,0.14,horse_stance_hold,0.030434782608695657,transition,nominal,0.003686831404125538,2.7685439856201016e-05,0.7750242213932477,0.99998107518164,0.022568480166336478,0.00011948000627538467,0.6813448433492568,0.008050828276653354,4.8763131706176266e-05,-0.005677330258837818,0.32845728302778077,0.0010615679950948052,0.3284589985075761,0.02469020737767813,0.0001323311142478726,0.07294963667655643,0.07082790946224639,0.049667665975323745,double,1,1,165.39654940272771,165.00114384987558,330.3976932526033,12.395695979678733,7.773856275169259,0.008233776288560223,0.0,0.0,0.0,protective,0
8,0.16,horse_stance_hold,0.034782608695652174,transition,nominal,0.0037557245210621585,2.8494290211891433e-05,0.7748442967277819,0.9999828160305386,0.022735162720891964,0.00012026792686366303,0.6811997555251381,0.008164627780354908,3.173838595265553e-05,-0.006853809312582328,0.35541853844372884,0.00574194450633876,0.3554649172509015,0.024886651712851725,0.00012863141750116768,0.07315136437604534,0.07099987538276303,0.04967433669240171,double,1,1,165.8313828358011,165.4333494992433,331.2647323350444,12.64136711539425,7.837145245824631,0.008233873949584837,0.0,0.0,0.0,protective,0
9,0.18,horse_stance_hold,0.0391304347826087,transition,nominal,0.003803042062066474,2.888077270871997e-05,0.7746307333216362,0.9999844816461161,0.022903894580009073,0.00012071898133583614,0.681028375288759,0.008206771887809775,1.5093669368889487e-05,-0.00803967536366501,0.3830427287961425,0.012549293701542395,0.383248244426511,0.025066217053639456,0.0001246958654179166,0.07333720889123944,0.07117488641731182,0.04968270103352428,double,1,1,166.25763745288938,165.85986165886567,332.1174991117551,12.942711857853988,7.907066484277373,0.008308546282566593,0.0,0.0,0.0,protective,0
10,0.2,horse_stance_hold,0.04347826086956522,transition,nominal,0.003827212844630477,2.887382808890305e-05,0.7743832464559248,0.9999860598214215,0.0230733070450941,0.00012084442159916865,0.6808304583006768,0.008184753705061259,-8.478840780636255e-07,-0.009241672238948001,0.4115959589594407,0.01954759122862195,0.41205987641917147,0.025229514780640575,0.00012062105333741669,0.07350790783455292,0.07135170009900198,0.04969293623308806,double,1,1,166.67667357006343,166.28199701249616,332.9586705825596,13.30858770805027,7.984143947045405,0.00846689309345518,0.0,0.0,0.0,protective,0
11,0.22,horse_stance_hold,0.04782608695652174,transition,nominal,0.0038270723141046433,2.8508589444192853e-05,0.7741014294263031,0.9999875358526017,0.023242160440606733,0.00012066136923753873,0.6806056534374976,0.008104195200576514,-1.5816988566737946e-05,-0.010464303262338664,0.4412884643481946,0.02686055044401247,0.44210518876953153,0.02537679317732141,0.0001164951984142596,0.07366381847257215,0.0715291857353304,0.049705209332153305,double,1,1,167.0901006539783,166.70123611362408,333.7913367676024,13.74693610606799,8.068888322329784,0.008714955173872989,0.0,0.0,0.0,protective,0
12,0.24,horse_stance_hold,0.052173913043478265,transition,nominal,0.003801768944430811,2.782403399487445e-05,0.7737847993926834,0.9999888957568545,0.023409298405690806,0.00012019176351806116,0.6803535460161468,0.007968229521004082,-2.9595636293483303e-05,-0.011710131975178756,0.47224611587213383,0.03456898913126748,0.4735096714597016,0.0255077292339297,0.00011239776167412766,0.07380470707129728,0.07170627624115285,0.04971967811912847,double,1,1,167.49898914281752,167.1184454830577,334.6174346258752,14.26426431683027,8.161741863016054,0.009055270525786226,0.0,0.0,0.0,protective,0
13,0.26,horse_stance_hold,0.05652173913043479,transition,nominal,0.0037506449031464977,2.686108777543877e-05,0.7734328298932218,0.9999901285423732,0.02357359885018447,0.00011946137586888532,0.6800736900860569,0.007777629725692552,-4.201325764422784e-05,-0.012980403909727867,0.5045255983265524,0.04271307565640526,0.5063304120816717,0.0256214139770559,0.00010839947300549906,0.07392973517952477,0.07188192004852473,0.049736491843418315,double,1,1,167.9038571434503,167.5338774360823,335.4377345795326,14.865348913958922,8.263068531914843,0.009486974068479098,0.0,0.0,0.0,protective,0
14,0.28,horse_stance_hold,0.060869565217391314,transition,nominal,0.0036731223964286386,2.5661176549346266e-05,0.7730449708093643,0.9999912272209356,0.023733931938368296,0.00011849890966579297,0.6797656295009792,0.007531295017938637,-5.2942193293802556e-05,-0.014275535008205617,0.5381410161867212,0.051300326009698756,0.5405806847744176,0.025716439066426223,0.00010456262442799707,0.07403754886928078,0.07205504173409395,0.04975579178804604,double,1,1,168.30481099312686,167.94732514304854,336.2521361361754,15.553134225294345,8.373161578662266,0.010006368726915994,0.0,0.0,0.0,protective,0
15,0.3,horse_stance_hold,0.06521739130434782,transition,nominal,0.0035686141724195876,2.426518529325351e-05,0.7726206604608693,0.9999921888090404,0.02388912944575504,0.00011733519364327999,0.6794289111480927,0.007226858650794917,-6.229295908560757e-05,-0.015595428860643619,0.5730883274403626,0.060315050891315336,0.5762535348372401,0.025791026773998527,0.00010094151304455036,0.07412641194050107,0.07222451460147339,0.04977771174545271,double,1,1,168.7016632783726,168.3582554467779,337.0599187251504,16.328794393573318,8.492257016673122,0.010607750360074355,0.0,0.0,0.0,protective,0
16,0.32,horse_stance_hold,0.06956521739130435,transition,nominal,0.0034364648473118654,2.2712767750843222e-05,0.7721593334566874,0.9999930136874942,0.024037966319045753,0.0001160024687820898,0.6790630932261434,0.006861283836070955,-7.00096759962046e-05,-0.016939671753820305,0.6093631620909452,0.0697272544143463,0.6133395090173456,0.025843168898887322,9.758293524555093e-05,0.0741943480081582,0.07238914541339256,0.04980237842303282,double,1,1,169.0940114468655,168.76590175362065,337.85991320048623,17.191915659616036,8.620548284400556,0.011284253150712258,0.0,0.0,0.0,protective,0
17,0.34,horse_stance_hold,0.07391304347826089,transition,nominal,0.0032759219595873026,2.1041935732734228e-05,0.7716604264605841,0.9999937046295952,0.024179153333141273,0.00011453376239658735,0.6786677505155907,0.006431376491797375,-7.606591629127026e-05,-0.018307647092171222,0.6469713788182809,0.07950003947097184,0.651837572778613,0.025870754735193312,9.4526659591955e-05,0.0742392712514529,0.0725476698300601,0.04982991179456589,double,1,1,169.4812919096814,169.16933126999066,338.6506231796721,18.140749003587832,8.758199897017125,0.012028555854363854,0.0,0.0,0.0,protective,0
18,0.36,horse_stance_hold,0.0782608695652174,transition,nominal,0.003086131566642996,1.9288854307146485e-05,0.7711233830953326,0.9999942657022783,0.024311338770642704,0.00011296233943760482,0.6782424779458806,0.005934182447996613,-8.046109904014165e-05,-0.01969859418736953,0.6859332132424223,0.08959516094521036,0.6917598325241735,0.02587167748435804,9.180583323297989e-05,0.07425909505843876,0.0726987563209207,0.049860425405078346,double,1,1,169.86282083243046,169.56749734250303,339.4303181749335,19.172486697302894,8.905358930187258,0.012833385107548716,0.0,0.0,0.0,protective,0
19,0.38,horse_stance_hold,0.08260869565217392,transition,nominal,0.0028661516460107995,1.7487772499398685e-05,0.7705476587014708,0.999994701149945,0.024433116694476238,0.00011132121950887328,0.6777868933784247,0.005367261786270248,-8.321746730270897e-05,-0.021111627358923888,0.7262824522935536,0.09997671689438413,0.7331313282287955,0.025843914767828685,8.944730181768566e-05,0.07425181417490934,0.07284101607348697,0.049894026630053274,double,1,1,170.23782652408255,169.95928154919858,340.1971080732812,20.283527252335393,9.75080338703928,0.013691823190231133,0.0,0.0,0.0,protective,0
20,0.4,horse_stance_hold,0.08695652173913045,transition,nominal,0.002614976569520083,1.5671027816470247e-05,0.7699327253772377,0.9999950143033112,0.02454303942819649,0.00010964274833914664,0.6773006402539147,0.004728849182419073,-8.437760248436734e-05,-0.022545727483924423,0.7680622265125936,0.11061317829683069,0.7759863781075085,0.025785583216631845,8.747184336721324e-05,0.07421556035878953,0.07297301653844554,0.04993081688623363,double,1,1,170.60547540332257,170.34352742058527,340.94900282390785,21.469706905103134,10.698495251684635,0.014597462158466922,0.0,0.0,0.0,protective,0
21,0.42,horse_stance_hold,0.09130434782608696,transition,nominal,0.002331566795107617,1.3869074904952338e-05,0.7692780775381389,0.9999952065147402,0.024639632151841742,0.00010795821395115083,0.6767833905350737,0.0040179187738897835,-8.400238015056643e-05,-0.02399971613235504,0.8113189285136138,0.121478073595869,0.8203629234241646,0.02569496995448964,8.58943315597533e-05,0.07414863442622589,0.07309329658847241,0.04997089179055614,double,1,1,170.96489274243638,170.71906701983391,341.6839597622703,22.726488132758437,11.675008298503277,0.015544453108538142,0.0,0.0,0.0,protective,0
22,0.44,horse_stance_hold,0.09565217391304348,transition,nominal,0.0020148792088010656,1.2110502131350469e-05,0.7685832381004893,0.9999952761015952,0.024721407949419353,0.00010629750002326674,0.6762348481943411,0.003234176612478619,-8.216924429585815e-05,-0.025472220710066034,0.8560955363182898,0.13254968911459294,0.8662961314634134,0.025570545413096495,8.472385329524232e-05,0.07404951922207326,0.07320038172091659,0.05001434126526305,double,1,1,171.31517928535098,171.08474160599258,342.3999208913435,24.049104680762184,12.677818258713733,0.016527492088732283,0.0,0.0,0.0,protective,0
23,0.46,horse_stance_hold,0.1,transition,nominal,0.0016638949440614694,1.0422013327145583e-05,0.7678477652957587,0.9999952172737041,0.024786882118281988,0.00010468877150943151,0.6756547533490421,0.002378004397286247,-7.897067019660528e-05,-0.02696163728590786,0.9024253130358575,0.14381013904590367,0.913812235473058,0.02541096255369281,8.396380973172232e-05,0.07391687869148407,0.07329279821718321,0.05006124958997926,double,1,1,171.6554247948185,171.4394176261693,343.0948424209878,25.432667892534294,13.704335119301795,0.01754177276976205,0.0,0.0,0.0,protective,0
24,0.48,horse_stance_hold,0.10434782608695653,transition,nominal,0.001277642809498908,8.828364212748935e-06,0.7670712600536506,0.9999950190246444,0.02483458500544493,0.0001031581901040391,0.6750428870345216,0.0014503760657347074,-7.451269515854803e-05,-0.02846609605836509,0.9503265239408357,0.15524411598514645,0.9629232771376345,0.02521504745822061,8.361203001997334e-05,0.07374954811491981,0.07336908562290104,0.05011169540461714,double,1,1,171.9847194764228,171.7819992112776,343.76671868770046,26.872241449135217,14.751909446017839,0.01858292545991597,0.0,0.0,0.0,protective,0
25,0.5,horse_stance_hold,0.10869565217391305,transition,nominal,0.0008552175514029176,7.3522533218725094e-06,0.7662533738463994,0.9999946639748946,0.024863073028161754,0.00010172965934260161,0.6743990765268122,0.0004527650195002432,-6.891341702202448e-05,-0.029983432813769858,0.9997985017108761,0.16683757005532776,1.0136231147745594,0.024981785636069405,8.366092368024406e-05,0.07354651993997562,0.0734278072935748,0.05016575166972212,double,1,1,172.30216407007367,172.11143820334064,344.41360227341437,28.36289194797319,15.817839312684656,0.019646954086899704,0.0,0.0,0.0,protective,0
26,0.52,horse_stance_hold,0.11304347826086958,transition,nominal,0.00039579300902397793,6.014175154275433e-06,0.7653938168607386,0.9999941271647871,0.024870937842535114,0.0001004246008380521,0.6737232010774465,-0.0006129448023254643,-6.230138768659139e-05,-0.031511168310317694,1.0508191319695184,0.1785764943536745,1.0658848026165022,0.0247103074891938,8.409769198788556e-05,0.07330692872396252,0.07346755904066193,0.05022348559287594,double,1,1,172.6068792136404,172.4267425497083,345.0336217633487,29.899721972330187,16.89937777259715,0.02073017738441679,0.0,0.0,0.0,protective,0
27,0.54,horse_stance_hold,0.1173913043478261,transition,nominal,-0.0001013692206305523,4.832248653431264e-06,0.7644923663538914,0.9999933748046728,0.024856813837640067,9.926176427593964e-05,0.6730151978996727,-0.0017445353928141922,-5.481385910982668e-05,-0.0330464963360226,1.1033436425326035,0.19044592652796327,1.119659253723296,0.024399875374337274,8.490461184870449e-05,0.07303003767937222,0.07348697610894134,0.05028495853086967,double,1,1,172.89801448597865,172.72698368249337,345.624998168472,31.477432218950746,17.99332940748532,0.021829177158353075,0.0,0.0,0.0,protective,0
28,0.56,horse_stance_hold,0.12173913043478263,transition,nominal,-0.0006369297654776416,3.822484683217538e-06,0.763548928767199,0.9999923632726715,0.02481936583184566,9.82555600381486e-05,0.6722751190880923,-0.0029406817597457083,-4.664694670574706e-05,-0.03458488329896554,1.157261356015332,0.20242148885676792,1.1748311816075685,0.02404954963703596,8.604425057104923e-05,0.07271494018611743,0.07348475635096505,0.05035030628909917,double,1,1,173.17169014352282,173.0081774913096,346.17986763483236,33.08971021125182,19.09540865851458,0.022940632913517122,0.0,0.0,0.0,protective,0
29,0.58,horse_stance_hold,0.12608695652173912,transition,nominal,-0.0012115184311004927,3.001852807619018e-06,0.7625636309959631,0.9999910387184636,0.024757249930209814,9.741661881480423e-05,0.6715032149680186,-0.004202250664426734,-3.796013903131147e-05,-0.03611995568494095,1.2124040185887346,0.21446497454044916,1.2312265143322523,0.023657810017565048,8.748506182943299e-05,0.07236024026515177,0.07345968015219133,0.050419884238067945,double,1,1,173.4181437075287,173.26040341969633,346.6785471272251,34.72991017266652,20.200610603786345,0.02406105230634611,0.0,0.0,0.0,protective,0
30,0.6,horse_stance_hold,0.13043478260869565,transition,nominal,-0.0018257829989491885,2.3791058489885546e-06,0.7615367495051115,0.9999893363215374,0.024669104144124883,9.675428531364631e-05,0.670699866028121,-0.0055301493077806125,-2.8884960414336323e-05,-0.03764794834392666,1.2686956887565644,0.22654875903098828,1.2887641719445704,0.02322311023693381,8.92016001248719e-05,0.07196457791670513,0.07341057180329097,0.050494233432069144,double,1,1,173.6285835612877,173.4749073796057,347.1034909408934,36.391619006927264,21.303506803357298,0.02518677236528092,0.0,0.0,0.0,protective,0
31,0.62,horse_stance_hold,0.13478260869565217,transition,nominal,-0.002480390781644971,1.9601315867449995e-06,0.760468598222782,0.9999871781953196,0.024553575134410213,9.627480622478988e-05,0.6698654831718406,-0.00692420209412921,-1.958333712951601e-05,-0.03916632487509499,1.326100056725913,0.23866213645740056,1.34740527527054,0.022744198276664497,9.115744591122802e-05,0.07152690845011028,0.07333628529297337,0.05057399964005958,double,1,1,173.79899595491423,173.64777096146773,347.446766916382,38.06884557590043,22.398533776502806,0.02631409131881184,0.0,0.0,0.0,protective,0
32,0.64,horse_stance_hold,0.1391304347826087,transition,nominal,-0.0031759862901669543,1.7489279688022674e-06,0.7593594813533113,0.9999844709839053,0.02440934601277379,9.598030614876843e-05,0.6690004640556306,-0.008382911841332974,-1.0290638779779023e-05,-0.04067243099168773,1.3845689374954553,0.2508070728652717,1.407101748444845,0.02222020566861898,9.329297590525293e-05,0.07104655507157531,0.07323569540732273,0.050659857883070744,double,1,1,173.9302211818804,173.7798975966602,347.7101187785406,39.755651277410585,23.479211282852603,0.027439397466041935,0.0,0.0,0.0,protective,0
33,0.66,horse_stance_hold,0.14347826086956522,transition,nominal,-0.003913148462015833,1.7477374534886612e-06,0.7582097354018819,0.9999811036697682,0.024235147975366397,9.586931454127536e-05,0.668105233436441,-0.009905011007358473,-1.1518020272875113e-06,-0.04215892508938049,1.4439002028109027,0.26298033076771776,1.4676533821199285,0.021650253039755325,9.556873060199956e-05,0.07052282640311366,0.07310772133768874,0.05075252991543018,double,1,1,174.0259376213709,173.8750970443335,347.90103466570446,41.44649930878145,24.539077656607276,0.028559143582260055,0.0,0.0,0.0,protective,0
34,0.68,horse_stance_hold,0.14782608695652177,transition,nominal,-0.004692362274526297,1.9531207922232627e-06,0.757019749135567,0.999976946677992,0.02402975783225863,9.593866186698714e-05,0.6671802480539536,-0.0114876443879027,7.652709841040023e-06,-0.043621354736475874,1.5039732837698365,0.27518805445354066,1.5289421518184887,0.02103392159517865,9.793439438442032e-05,0.06995543824120345,0.07295127448570496,0.050852695484181955,double,1,1,174.0950830053638,173.9422351290296,348.0373181343934,43.136335714069034,25.57176195440663,0.029669956510204033,0.0,0.0,0.0,protective,0
35,0.7000000000000001,horse_stance_hold,0.15217391304347827,transition,nominal,-0.005514002732947622,2.3588720275140463e-06,0.7557899589258105,0.9999718498848247,0.02379201414879932,9.618097265889326e-05,0.6662259945036731,-0.013126657011721056,1.593367374031185e-05,-0.045054159429676145,1.5646151646431847,0.28744027377337544,1.5907993350571696,0.020371192587680713,0.00010033330593232445,0.06934444640963229,0.07276526798788427,0.05096095787148329,double,1,1,174.16936670025748,174.0144671206917,348.1838338209492,44.820545944779816,26.57814721358013,0.030768673432626653,0.0,0.0,0.0,protective,0
36,0.72,horse_stance_hold,0.1565217391304348,transition,nominal,-0.006378323064940887,2.957288084141492e-06,0.7545209038286281,0.9999656413228977,0.023520807850205584,9.658689392101966e-05,0.6652430244709855,-0.014816386562583538,2.3809472249779872e-05,-0.046463697600450805,1.6260092709232363,0.29974895333158535,1.6534072650595484,0.019662490363090274,0.00010278709008573784,0.06869028970084999,0.07254860721659598,0.05107785204549159,double,1,1,174.2880422049395,174.13108971299243,348.41913191793196,46.4956603228794,27.55688330476856,0.03185243293400554,0.0,0.0,0.0,protective,0
37,0.74,horse_stance_hold,0.16086956521739132,transition,nominal,-0.0072854120826039625,3.7342693795117824e-06,0.7532130731875903,0.9999581229029371,0.023215159162128362,9.714605587653885e-05,0.6642318283181077,-0.016549896546979068,3.123925709432957e-05,-0.047860854494166244,1.688445418017606,0.3121154481109299,1.7170509551478474,0.01890869714905316,0.00010527484832013734,0.06799380412468219,0.07230026618003642,0.05120374381561217,double,1,1,174.37849308187754,174.21586719725758,348.59436027913506,48.16019386982294,28.507170855979126,0.03291890462219208,0.0,0.0,0.0,protective,0
38,0.76,horse_stance_hold,0.16521739130434784,transition,nominal,-0.008235092876440447,4.671769601942475e-06,0.7518668489331519,0.9999490655445047,0.022874297437412525,9.7845942029326e-05,0.6631927879151266,-0.018317398860845668,3.79500517032025e-05,-0.049241654552047404,1.7516856898170057,0.3245405784242697,1.7814963774741834,0.018111641637307566,0.00010771322914970899,0.06725657845776159,0.07201923431578244,0.0513385000888122,double,1,1,174.45682686752514,174.28776673812308,348.74459360564816,49.81177447407766,29.427933551757373,0.03396654008977061,0.0,0.0,0.0,protective,0
39,0.78,horse_stance_hold,0.16956521739130437,transition,nominal,-0.00922692201859751,5.7530772500839e-06,0.7504828972254931,0.9999382105969793,0.022497595783756003,9.867075615346131e-05,0.662126528021799,-0.02011377560658121,4.382104612349582e-05,-0.05058943784385451,1.8151357167912074,0.33696113744476974,1.8461474693315276,0.017272074858958056,0.0001100553811957104,0.066479111005322,0.07170463200557502,0.05148187588730532,double,1,1,174.52773842695242,174.3515924558863,348.87933088283876,51.44732003250959,30.317880547783094,0.034994047798425715,0.0,0.0,0.0,protective,0
40,0.8,horse_stance_hold,0.1739130434782609,transition,nominal,-0.01026027924912364,6.959969713031959e-06,0.7490622961321537,0.9999252774149373,0.022084503534965945,9.960268488070053e-05,0.6610340118872902,-0.021935947643551806,4.8764748059445506e-05,-0.051888085142907533,1.8782523235552422,0.34928764736908435,1.9104537815778992,0.016390289335390808,0.0001122612180496755,0.06566145678114338,0.07135567107545301,0.05163360213976484,double,1,1,174.58824060292505,174.40444434655976,348.9926849494848,53.06356759207578,31.175573494658284,0.03600015958667116,0.0,0.0,0.0,protective,0
41,0.8200000000000001,horse_stance_hold,0.1782608695652174,transition,nominal,-0.011334464886757725,8.272747463749212e-06,0.7476064596885923,0.9999099677345616,0.02163453222810715,0.00010062240325173986,0.6599164724073181,-0.02378066319755939,5.271470780147658e-05,-0.053126171218019685,1.9406471670066967,0.36143334553354445,1.9740176012575692,0.015466680244520047,0.00011429470971251681,0.06480380490036064,0.07097165699943678,0.05179342178363844,double,1,1,174.6344044035364,174.44250779082049,349.07691219435696,54.657347739475355,31.999511531714823,0.03698356518310938,0.0,0.0,0.0,protective,0
42,0.84,horse_stance_hold,0.1826086956521739,transition,nominal,-0.012448744489431939,9.670615070929202e-06,0.7461170322529884,0.9998919667569243,0.021147270217372123,0.00010170945340794916,0.658775321882674,-0.025643640781592522,5.5621819334942627e-05,-0.05429624226853511,2.002046416051506,0.3733246108365718,2.0365561905041947,0.014501981692566434,0.00011612328180709877,0.0639067179541598,0.07055200661628526,0.05196109821745727,double,1,1,174.66370737294062,174.46338507904755,349.1270924519882,56.22553828382221,32.78804915938942,0.037942932700454075,0.0,0.0,0.0,protective,0
43,0.86,horse_stance_hold,0.18695652173913044,transition,nominal,-0.013602349569872236,1.1149244178110987e-05,0.7445958407520652,0.999870943797779,0.020622389913229584,0.00010284084896477318,0.6576121110376307,-0.02752020247371876,5.7441966294824193e-05,-0.05539228097585005,2.0622162438489746,0.3848945252416792,2.0978273599025234,0.013497108482756082,0.00011771320232631765,0.06297101948193468,0.07009630107452948,0.052136432066648655,double,1,1,174.67419140051345,174.46503355064635,349.1392249511598,57.76466456888288,33.5389066319527,0.038876918870046524,0.0,0.0,0.0,protective,0
44,0.88,horse_stance_hold,0.19130434782608696,transition,nominal,-0.014794481061052338,1.2677514580929319e-05,0.7430449396167066,0.9998465571051269,0.020059608609094795,0.00010399625087408839,0.6564285655129808,-0.029407462428638717,5.8175950445632284e-05,-0.056406921379006596,2.1209115240710967,0.3960635833332001,2.1575755038886397,0.012452549637070027,0.0001190450802951042,0.06199735013581247,0.06960440929540622,0.052319329110317066,double,1,1,174.6608321990024,174.44253912227774,349.10337132128006,59.27231941071062,34.250928652935336,0.03978408429870636,0.0,0.0,0.0,protective,0
45,0.9,horse_stance_hold,0.1956521739130435,transition,nominal,-0.0160242738522966,1.4229946353310834e-05,0.7414663955241516,0.999818449332573,0.01945881326570867,0.0001051536776644931,0.6552263907131374,-0.03129602800824816,5.780259387350111e-05,-0.05734168733161499,2.1780504716008378,0.4068188556040067,2.2157178155432127,0.011370640697509852,0.0001200922300589111,0.06098797009759826,0.06907614287802744,0.052509614552686365,double,1,1,174.62729739550917,174.39994227502456,349.02723967053373,60.746433390095085,34.92311237322885,0.04066319204499995,0.0,0.0,0.0,protective,0
46,0.92,horse_stance_hold,0.2,transition,nominal,-0.01729070405731664,1.5783181118924364e-05,0.7398623199283814,0.9997862420236978,0.01882007569781594,0.00010629088998316248,0.6540073133827972,-0.03317701211736098,5.6315331024874163e-05,-0.05819306378353924,2.2333961553614134,0.4171354406229206,2.2720168050889984,0.010253760107792831,0.00012083152722949401,0.059945153718057226,0.06851146954263374,0.05270707029765563,double,1,1,174.57783558678068,174.34155509960473,348.91939068638544,62.18448483588918,35.553933424716625,0.041513212792702675,0.0,0.0,0.0,protective,0
47,0.9400000000000001,horse_stance_hold,0.20434782608695654,transition,nominal,-0.01859257050827544,1.7334517787136383e-05,0.7382350483438976,0.999749545046325,0.018143584866526948,0.00010738384826047617,0.6527732290274333,-0.03504514143734717,5.377068579575602e-05,-0.05895132181258154,2.2865857820205395,0.42695047404861775,2.326104306738806,0.009103458922040576,0.00012125435218137104,0.05887052762312499,0.06791065382312961,0.05291152608929605,double,1,1,174.51090839001571,174.26605847054597,348.77696686056174,63.58455627671556,36.1428957292408,0.04233315529404807,0.0,0.0,0.0,protective,0
48,0.96,horse_stance_hold,0.20869565217391306,transition,nominal,-0.019928524218367986,1.885377515838984e-05,0.7365870941705573,0.9997079630072628,0.01742968119358537,0.00010841684828593195,0.6515261509586978,-0.036892282281427956,5.051988987590207e-05,-0.0596109838623248,2.3373335387410346,0.4362344019682197,2.377693951034123,0.007922167811835414,0.00012143633364537991,0.057766493081699906,0.0672740067360356,0.0531227556399814,double,1,1,174.42904786175387,174.17609840974865,348.6051462715026,64.94507122012605,36.68998898971377,0.043122193478352465,0.0,0.0,0.0,protective,0
49,0.98,horse_stance_hold,0.21304347826086958,transition,nominal,-0.021297053735535004,2.032004168315744e-05,0.7349211103206835,0.9996610926469587,0.016678885134463174,0.0001093769483752396,0.6502681854857179,-0.0387095801049079,4.6608414907060814e-05,-0.06016705951605816,2.3853504810817916,0.44496260119661213,2.4264971943237006,0.006712671096188946,0.00012137680571519472,0.056635661041677214,0.0666018753633538,0.053340422907841696,double,1,1,174.33397042634476,174.0733612099799,348.40733163632467,66.26412410911986,37.19451527950834,0.04387975316494543,0.0,0.0,0.0,protective,0
50,1.0,horse_stance_hold,0.2173913043478261,transition,nominal,-0.022696475601051,2.173961568987565e-05,0.733239958890022,0.9996085307444038,0.015891849947848133,0.00011024853244532766,0.6490015911484737,-0.04049111947326012,4.2014241007127085e-05,-0.06061103366304828,2.4302993815432323,0.4530789504236051,2.4721722470827903,0.005477116453791888,0.00012105502850511782,0.05548011859040609,0.06589485237214104,0.05356421508451634,double,1,1,174.22401347199255,173.95630974238125,348.1803232143738,67.5399944241484,37.656146490646684,0.04460531330610169,0.0,0.0,0.0,protective,0
51,1.02,horse_stance_hold,0.22173913043478263,transition,nominal,-0.024124964297370866,2.309290890122355e-05,0.7315466701787837,0.9995498830123645,0.015069374003981811,0.0001110216304350001,0.6477287317570218,-0.0422289014764913,3.6900641833919145e-05,-0.06093937553414208,2.4719458558291145,0.46055094915354505,2.5144827481843985,0.00421832159074647,0.00012050354411548712,0.054302597405268015,0.06515365010106194,0.05379382031000571,double,1,1,174.09837339763715,173.8235633018354,347.92193669947255,68.77146364958531,38.0752404739303,0.045298422669072004,0.0,0.0,0.0,protective,0
52,1.04,horse_stance_hold,0.22608695652173916,transition,nominal,-0.025580538238529425,2.4370879074054085e-05,0.7298443479801863,0.9994847609813333,0.014212442617584857,0.0001116853743759557,0.6464520018984566,-0.04391318738711603,3.130355119511439e-05,-0.0611507525262508,2.5100773181357896,0.4673617177258971,2.5532166218743484,0.002939725736356461,0.00011972113973474849,0.0531063652562833,0.06437908240384266,0.05402888611765312,double,1,1,173.9586813722541,173.67751183353874,347.63619320579284,69.95721039665817,38.45164777593084,0.04595879364982033,0.0,0.0,0.0,protective,0
53,1.06,horse_stance_hold,0.23043478260869568,transition,nominal,-0.02706104925346474,2.5571513370900684e-05,0.7281362373070666,0.9994127874633163,0.013322187965013034,0.00011223070506398299,0.6451738935994681,-0.0455380215090015,2.5312162730392154e-05,-0.06123760547756949,2.544380571028539,0.47345551166483557,2.5880557590116418,0.0016439304634965589,0.000118722026919663,0.051893986682135164,0.06357224442123435,0.054269095873595574,double,1,1,173.80597610436118,173.51890644850567,347.3248825528668,71.09616120688352,38.785617948996105,0.04658620797063517,0.0,0.0,0.0,protective,0
54,1.08,horse_stance_hold,0.2347826086956522,transition,nominal,-0.028564216158127695,2.6679596184168148e-05,0.7264257116297975,0.9993336074902321,0.012399908547726192,0.00011265245695194593,0.6438969662088465,-0.047093645690256335,1.9067321678559026e-05,-0.06119941947297188,2.5746574692675246,0.4788191177410361,2.618802938666703,0.00033466764343884764,0.0001175374435797481,0.05066902847379559,0.06273426957282201,0.05451408695682514,double,1,1,173.6399340928121,173.34708140615606,346.9870154989682,72.18747168782201,39.07720093378765,0.047180584076492435,0.0,0.0,0.0,protective,0
55,1.1,horse_stance_hold,0.23913043478260873,transition,nominal,-0.03008759942901637,2.7700936111129773e-05,0.7247162389710181,0.9992468860039736,0.011447063359601386,0.0001129434141591224,0.6426238373594012,-0.04857367445811136,1.2567242185329471e-05,-0.06103008833969838,2.600624827151723,0.48340194273779546,2.645170491639547,-0.0009850473728241337,0.00011615991668219094,0.049434414332933045,0.06186652520163528,0.05476350741106714,double,1,1,173.4628821314523,173.16576606229276,346.6286481937451,73.23033844938269,39.32737517272068,0.04774194454739286,0.0,0.0,0.0,protective,0
56,1.12,horse_stance_hold,0.24347826086956526,transition,nominal,-0.03162864200513309,2.863127813524394e-05,0.7230114280377921,0.9991523225319325,0.010465259098270547,0.0001131025369039578,0.641357207076318,-0.04996980251321479,6.040871798709356e-06,-0.06072746377081015,2.6220653665684246,0.4871808210153297,2.6669405578157863,-0.0023115709798789755,0.00011464713361265169,0.0481936303560791,0.06097046049670851,0.055016973444502765,double,1,1,173.27488989890253,172.97346595250966,346.24835585141216,74.22411968371195,39.53651933817813,0.048270427747853506,0.0,0.0,0.0,protective,0
57,1.1400000000000001,horse_stance_hold,0.24782608695652172,transition,nominal,-0.03318466093307652,2.946692363103105e-05,0.7213149901180519,0.9990496516650803,0.009456244990430707,0.00011312922718329244,0.6400998383173346,-0.05127641221354766,-4.761614073581518e-07,-0.06028605079153593,2.63873146703415,0.4901041342972999,2.6838602455365486,-0.0036418153028659143,0.00011300759638749994,0.0469496488525577,0.06004770911810224,0.055274101563666994,double,1,1,173.07821155899583,172.77336242058402,345.8515739795798,75.16812786703663,39.70570803985696,0.048766259275734754,0.0,0.0,0.0,protective,0
58,1.16,horse_stance_hold,0.25217391304347825,transition,nominal,-0.03475288658384703,3.0214730921759016e-05,0.7196307688791805,0.9989386578211186,0.008421894055552338,0.00011302453210985988,0.6388545723421263,-0.05248667674296544,-6.938429987593159e-06,-0.05970369167325494,2.650438788483796,0.49214247275417566,2.6957429374827355,-0.004972268821531281,0.00011125390254952066,0.04570583960153497,0.059100002343283976,0.05553450116699726,double,1,1,172.8713588801244,172.5644742251028,345.43583310522723,76.06187880791889,39.83577436017009,0.04922973074259148,0.0,0.0,0.0,protective,0
59,1.18,horse_stance_hold,0.2565217391304348,transition,nominal,-0.036330457672843874,3.088396988511055e-05,0.7179626773945934,0.9988191751031666,0.007364210605678428,0.00011279317118849646,0.6376242832805145,-0.05359467840400472,-1.3170663002458084e-05,-0.05897808677284988,2.657020110558388,0.4932589948791176,2.702417492531616,-0.006299529403846714,0.00010943536551864824,0.04446546142440928,0.05812920117509261,0.05579778300671137,double,1,1,172.65649026661555,172.34833595009866,345.00482621671426,76.9049224114529,39.92736259708062,0.049661201378451474,0.0,0.0,0.0,protective,0
60,1.2,horse_stance_hold,0.2608695652173913,transition,nominal,-0.03791443805945486,3.147987076803126e-05,0.7163147040283376,0.998691095337478,0.006285312659042893,0.00011244328830510067,0.6364118836423499,-0.05459557472944589,-1.901837027371096e-05,-0.05810686819124842,2.6583336574329643,0.49341098266882205,2.703736716483159,-0.007620362463840303,0.0001075992459133226,0.04323161826472412,0.05713729299164222,0.056063567380819725,double,1,1,172.43663983657626,172.12761319825438,344.5642530348307,77.69677874107693,39.98127941281427,0.05006107643528789,0.0,0.0,0.0,protective,0
61,1.22,horse_stance_hold,0.26521739130434785,transition,nominal,-0.0395018402006789,3.200848977539423e-05,0.7146909084902225,0.9985543774799726,0.005187415822682362,0.00011198500436466468,0.635220319981823,-0.05548487511539044,-2.4729985239819477e-05,-0.05708901270835339,2.6542831335163704,0.49256019653351185,2.6995989517109042,-0.00893153092789159,0.00010569209401716279,0.04200741598616632,0.056126362185496735,0.056331484231340725,double,1,1,172.21246250103917,171.9097492750496,344.12221177608876,78.43694166199076,40.000242212925215,0.050429792008595556,0.0,0.0,0.0,protective,0
62,1.24,horse_stance_hold,0.26956521739130435,transition,nominal,-0.041089639867083284,3.248840672363514e-05,0.713095392101753,0.9984090527131838,0.004072826028330405,0.00011143208270937972,0.6340525497541153,-0.05625781395946574,-2.8981940669266008e-05,-0.05592507947165074,2.6448073920701822,0.49068485219453795,2.6899401044116678,-0.010229641667455797,0.00010406398144469088,0.040796114726090724,0.05509858172487402,0.056601173118211286,double,1,1,171.99800078404382,171.6934543765583,343.69145516060206,79.12551042969119,39.98589564955599,0.05076781462010458,0.0,0.0,0.0,protective,0
63,1.26,horse_stance_hold,0.2739130434782609,transition,nominal,-0.042674785231354526,3.28946055817738e-05,0.7115322661566734,0.9982552171770188,0.002943957253173301,0.00011080136286346608,0.6329115325968386,-0.05690587370501199,-3.2600715422158106e-05,-0.05461533008157925,2.6297504887905934,0.4878364176848539,2.674616234848274,-0.01151024397603923,0.00010252071852487186,0.039602049111367645,0.05405624949640348,0.05687226412323294,double,1,1,171.77461963577278,171.46859113019306,343.24321076596584,79.76313719228024,39.940162912591894,0.051075726055452124,0.0,0.0,0.0,protective,0
64,1.28,horse_stance_hold,0.2782608695652174,transition,nominal,-0.04425411699725426,3.321665087721493e-05,0.7100056119353858,0.9980929986342435,0.0018034075677193216,0.0001101054170749098,0.6318002166927367,-0.057420523535559834,-3.5604776604198857e-05,-0.05316022523079023,2.608958176143469,0.48403219914547013,2.653478836296882,-0.012768705402868084,0.00010106967871826448,0.0384296272645859,0.05300173924562247,0.057144278330499246,double,1,1,171.54282761301914,171.23533609002564,342.7781637030448,80.33904785444365,39.854182901031464,0.051354355501683664,0.0,0.0,0.0,protective,0
65,1.3,horse_stance_hold,0.28260869565217395,transition,nominal,-0.04582305781307003,3.3692074426166106e-05,0.7085182584925277,0.997922674788509,0.0006539408434788475,0.00010737408767282124,0.6307198464159122,-0.05779110626427777,-1.6817433304556805e-05,-0.05184615941338495,2.5885776858206326,0.4782703690124575,2.6323899751753754,-0.01399967333922508,0.00010310982981173475,0.037286071226314436,0.05193968477523128,0.05741917513480374,double,1,1,169.2846951597363,170.86137945871766,340.14607461845395,80.84009121457242,39.53898598150137,0.05160139726028377,0.0,0.0,0.0,protective,0
66,1.32,horse_stance_hold,0.28695652173913044,transition,nominal,-0.04737349715899723,3.280125703982493e-05,0.707064839243236,0.9977444759869147,-0.0004989886886807213,0.00010289910058504282,0.6296650047339987,-0.05776387474471151,-0.0001882029307075414,-0.05066459212622843,2.561763244251755,0.47326037339364757,2.6051115716268223,-0.015133444996293322,5.521795768082105e-05,0.03625045014551866,0.0508848994965809,0.05770721066427157,double,1,1,171.04603912118617,170.84805311074473,341.8940922319309,81.330256877057,39.3126056510839,0.05181260156556011,0.0,0.0,0.0,protective,0
67,1.34,horse_stance_hold,0.291304347826087,transition,nominal,-0.048902285357807815,3.034731762032508e-05,0.7056487533342037,0.9975577375410394,-0.0016496619433272917,9.67072629238187e-05,0.6286392983811346,-0.057567053409957644,-0.00034052391229693756,-0.04915187457644918,2.5238139799156603,0.46720836752613254,2.5666945014754208,-0.016222369854828285,1.050595129082672e-05,0.035262450475589915,0.04983514388412128,0.0579986477086188,double,1,1,171.16603777944155,170.80898341405938,341.97502119350094,81.78183230702474,39.104993246823845,0.052000477790169745,0.0,0.0,0.0,protective,0
68,1.36,horse_stance_hold,0.29565217391304355,transition,nominal,-0.05040441085304569,2.643094303092412e-05,0.7042786067861114,0.9973632847212943,-0.002795034194350789,8.883934193088874e-05,0.6276489300937681,-0.05718654483135003,-0.00044319083496386936,-0.0472366032290114,2.4730485059581704,0.4603781293847277,2.5155351189831796,-0.017260011290575063,-2.3262994307730655e-05,0.03432594085262139,0.04879089620503923,0.058292494367837976,double,1,1,171.3704994405415,171.00245962815174,342.37295906869326,82.15509633440021,38.79126895743808,0.05216451785908968,0.0,0.0,0.0,protective,0
69,1.3800000000000001,horse_stance_hold,0.3,transition,nominal,-0.05187581461696428,2.134789586189055e-05,0.7029617047419586,0.9971619144829641,-0.003932246739686968,7.925805441271001e-05,0.6266990044346841,-0.056727924438368035,-0.0006986560633308193,-0.04525993168597644,2.419704973076432,0.4503296156352794,2.4612535260409554,-0.018270356233883137,-9.732882469485786e-05,0.033415058879551054,0.047753129705652556,0.0585890897852335,double,1,1,171.28366144318204,169.67169338592328,340.9553548291054,82.47478998394064,38.435670851262174,0.05230226609727488,0.0,0.0,0.0,protective,0
70,1.4000000000000001,horse_stance_hold,0.30434782608695654,transition,nominal,-0.05331476627507251,1.3679263048858248e-05,0.7017073389516877,0.9969546906900343,-0.005058294940197841,6.956978268026824e-05,0.6257976694203542,-0.0561411791324867,-0.00045690748829049636,-0.04286745489774198,2.3551356373545596,0.4388224838267849,2.3956688090488165,-0.019237895499362254,-4.5831528381638575e-05,0.032542615999845814,0.0467221882058592,0.058884867793784004,double,1,1,170.09481704006708,169.7680767575842,339.8628937976513,82.74690680771444,38.176966333127666,0.05241610451040449,0.0,0.0,0.0,protective,0
71,1.42,horse_stance_hold,0.30869565217391304,transition,nominal,-0.05471843926876398,6.033755394672873e-06,0.7005227310887753,0.9967431342184645,-0.00617053535460211,6.077526256656289e-05,0.6249506321029651,-0.055397412846538624,-0.00042780316185432783,-0.040041287952594935,2.279022807935258,0.4267734936229372,2.3186376547335366,-0.020152810212146047,-4.720200724825514e-05,0.03171790768092142,0.04570015409373339,0.059180277532536324,double,1,1,170.06292367881062,169.7418369387784,339.80476061758895,82.95345264864571,37.93511521714614,0.052503997332728404,0.0,0.0,0.0,protective,0
72,1.44,horse_stance_hold,0.3130434782608696,transition,nominal,-0.05608592226132483,-1.0015221573613244e-06,0.6994180711172935,0.996528471036578,-0.007267554095955097,5.242118189843867e-05,0.6241655622045092,-0.05459529033568784,-0.00040920208458319245,-0.03693525478196049,2.1977418194180443,0.4126684090944573,2.2361494405972704,-0.021038715796387032,-5.0796294193365544e-05,0.03091336645750074,0.04468449927963155,0.05946850956999383,double,1,1,169.81628228729713,169.51970403373136,339.3359863210285,83.09379505922016,37.678930399133115,0.0525666845918852,0.0,0.0,0.0,protective,0
73,1.46,horse_stance_hold,0.3173913043478261,transition,nominal,-0.057414701634825815,-7.5265688469262084e-06,0.6983984137130957,0.9963126316804803,-0.008347636883413492,4.4408056040422356e-05,0.6234458147719637,-0.0536828708371529,-0.0003930665475390766,-0.03374168253921378,2.11407720248571,0.3969653528205917,2.151023921161683,-0.02188083956374185,-5.468219699093667e-05,0.03014548372470709,0.04367865713093369,0.05975144399159623,double,1,1,169.43636565290632,169.1680699434504,338.60443559635667,83.17300943411117,37.4041936562361,0.05260094697666232,0.0,0.0,0.0,protective,0
74,1.48,horse_stance_hold,0.32173913043478264,transition,nominal,-0.058702402158974105,-1.3691374976276771e-05,0.697464826632743,0.9960970356804514,-0.00940807468658298,3.671076432453191e-05,0.6227918481622985,-0.05261677973481502,-0.00037749840087112485,-0.030567324787036276,2.028892557889892,0.3802112008733912,2.0642106405913556,-0.0226655620171741,-5.8404905849328834e-05,0.02942957821317156,0.042687036014053756,0.0600310121400157,double,1,1,168.99294591133753,168.75231122294005,337.7452571342776,83.19591994878218,37.11159113506698,0.05260608254697404,0.0,0.0,0.0,protective,0
75,1.5,horse_stance_hold,0.32608695652173914,transition,nominal,-0.0599462758306555,-1.9588492316271445e-05,0.6966166444816079,0.9958825733251015,-0.010445496972466247,2.9328150234797538e-05,0.6222027580841325,-0.051372542154994254,-0.00036164338164120695,-0.027450992757928637,1.94205380227588,0.36277006191577554,1.9756454866085107,-0.02338335912047669,-6.174953488924693e-05,0.028776088958088572,0.04171392151517486,0.06030815228317071,double,1,1,168.53680714310778,168.32344809103046,336.8602552341382,83.16604389302877,36.80322964195959,0.05258327012870755,0.0,0.0,0.0,protective,0
76,1.52,horse_stance_hold,0.3304347826086957,transition,nominal,-0.06114299163667325,-2.5278317202218025e-05,0.6958529980449257,0.9956698404928912,-0.01145623968166159,2.227140209349386e-05,0.6216774220936827,-0.04994308061156404,-0.0003450489849196507,-0.024383658230486566,1.8530577063542317,0.3448192668464351,1.8848668891641445,-0.024028789669615802,-6.459039253498352e-05,0.028190789161804893,0.04076330972902076,0.06058306534302675,double,1,1,168.10032843427177,167.91421399821422,336.014542432486,83.08535675696668,36.481551452605935,0.0525344730978419,0.0,0.0,0.0,protective,0
77,1.54,horse_stance_hold,0.3347826086956522,transition,nominal,-0.06228880672216132,-3.0803059779514065e-05,0.6951736820226687,0.995459384183299,-0.0124366505013052,1.5557908807611577e-05,0.6212152127745102,-0.04833451006479603,-0.0003275008178855064,-0.021330778084809945,1.7615151830585802,0.3263918583696022,1.7914986422980805,-0.024599738766847852,-6.685569897777304e-05,0.027675778143268402,0.03983883741329906,0.060855519798594666,double,1,1,167.6972903865504,167.53839377799142,335.2356841645418,82.95448407361738,36.1487454175542,0.05246166694295844,0.0,0.0,0.0,protective,0
78,1.56,horse_stance_hold,0.33913043478260874,transition,nominal,-0.06337986902717963,-3.6189048778560084e-05,0.6945794593980409,0.9952518775089183,-0.01338329471094668,9.207860805536952e-06,0.6208162814379111,-0.04656080704122658,-0.00030890393200596103,-0.018252228394608203,1.6674398184929038,0.3074315066823865,1.695544065955424,-0.025096278568092538,-6.850098916759672e-05,0.027230796880640805,0.038943752436220835,0.061125078089886944,double,1,1,167.32676447821663,167.19491096214225,334.5216754403589,82.77311884105754,35.80650424654734,0.05236640886020191,0.0,0.0,0.0,protective,0
79,1.58,horse_stance_hold,0.34347826086956523,transition,nominal,-0.06441249453800965,-4.14463170435429e-05,0.6940719581921928,0.9950482031124579,-0.014293056764121227,3.242726888506704e-06,0.620481508430141,-0.04463889816400659,-0.00028921083483494,-0.01511592443313258,1.571357109029626,0.2878451816675223,1.5975036815942407,-0.02551953100329838,-6.94924462565903e-05,0.026854482369750115,0.038080929276792984,0.061391243421515584,double,1,1,166.97910733149558,166.8739326031562,333.8530399346518,82.54048171623826,35.456009237652914,0.05224968784723048,0.0,0.0,0.0,protective,0
80,1.6,horse_stance_hold,0.3478260869565218,hold,nominal,-0.06538335152957651,-4.656871881175795e-05,0.6936533446603852,0.9948494563082246,-0.01516315737388422,-2.3152758408240865e-06,0.620212260037783,-0.04258508569206899,-0.0002683883133372657,-0.011904312299277615,1.4742947096175694,0.2675439446774394,1.4983740030913235,-0.02587078341515419,-6.979903562101974e-05,0.026545318822479715,0.037252918778439364,0.06165354066160122,double,1,1,166.64166084425082,166.5626000822946,333.2042609265454,82.25570322851623,35.09802520196482,0.05211196784115978,0.0,0.0,0.0,protective,0
81,1.62,horse_stance_hold,0.35217391304347834,hold,nominal,-0.06628953907874069,-5.1535170534036674e-05,0.69332593487942,0.9946568943754556,-0.015991116469713046,-7.443339800724083e-06,0.6200100825789899,-0.04041304862988683,-0.00024640889714477735,-0.0086150469830805,1.3777172514249252,0.2464679668300984,1.3995896839957105,-0.026150947513794452,-6.93904793416388e-05,0.02630220773645979,0.03646201421751318,0.06191154956289576,double,1,1,166.30286869824877,166.24914939294067,332.55201809118944,81.91873049026651,34.74919714091187,0.05194922582321737,0.0,0.0,0.0,protective,0
82,1.6400000000000001,horse_stance_hold,0.3565217391304348,hold,nominal,-0.067128635123415,-5.6307020930787744e-05,0.6930850029898077,0.99447460089414,-0.016774042006458805,-1.2118670278449848e-05,0.6198715939482276,-0.038080471450778676,-0.00022324152888039643,-0.005641351561374442,1.2835244093554348,0.22489689837832164,1.3030784797207753,-0.02634639444521043,-6.823527051988954e-05,0.026139429419713235,0.03571175909053745,0.06216565891429463,double,1,1,165.75738909142243,165.72853225433607,331.48592134575847,81.54293299950034,34.41932693505273,0.05175617619889081,0.0,0.0,0.0,protective,0
83,1.6600000000000001,horse_stance_hold,0.36086956521739133,hold,nominal,-0.06790074854563191,-6.0832166083996385e-05,0.6929130960985695,0.9943075531346068,-0.01750786372782916,-1.631613999991923e-05,0.6197839040105966,-0.03551852164003723,-0.00019871639809211744,-0.003494689662119165,1.189964800622366,0.20351087563455852,1.2072418577989135,-0.026435582969210634,-6.626428336029019e-05,0.026080198918115232,0.0350078974710801,0.06241740781394921,double,1,1,164.9803182524047,164.97595727582876,329.95627552823345,81.15103335963826,34.10001234904515,0.051536976599255324,0.0,0.0,0.0,protective,0
84,1.68,horse_stance_hold,0.3652173913043478,hold,nominal,-0.06860797444756421,-6.505680196519443e-05,0.6927868234198842,0.9941571182352154,-0.01818771101891595,-2.0006408557788185e-05,0.6197290522544553,-0.032707932302302616,-0.00017266655018510088,-0.0022551855496191803,1.0931240627996033,0.1829498638921243,1.108327961106124,-0.026408613839892334,-6.340490028711789e-05,0.026135892531696667,0.03435677703877276,0.06266837199580207,double,1,1,164.25068036302585,164.2697533596686,328.5204337226945,80.75769082253599,33.78936424858156,0.051300410028248346,0.0,0.0,0.0,protective,0
85,1.7,horse_stance_hold,0.3695652173913044,hold,nominal,-0.06925110962535572,-6.892906829540811e-05,0.6926851861282658,0.9940222263530116,-0.018808777607803192,-2.315945830077947e-05,0.6196904316053458,-0.02966939598576714,-0.00014517202873225854,-0.001757876655405526,0.9909581200632402,0.16352791686308207,1.0043601820626156,-0.026265733881968276,-5.9646263458781366e-05,0.02630695581846072,0.03376389643056813,0.06291939221192039,double,1,1,163.71544128270276,163.75607446452568,327.4715157472284,80.3696669336538,33.487770269772405,0.05105550139884119,0.0,0.0,0.0,protective,0
86,1.72,horse_stance_hold,0.3739130434782609,hold,nominal,-0.06982913034927608,-7.236972370974247e-05,0.6925934370794365,0.9939010033246766,-0.01936703482941156,-2.5758799069288175e-05,0.6196560822146349,-0.026456525884619497,-0.00011855012437501458,-0.0017321270085748196,0.88398810399475,0.14514780145812758,0.8958252353402203,-0.02601630025283368,-5.555376332071463e-05,0.02658413957429547,0.03323339199975717,0.06317065994842992,double,1,1,163.41477380983417,163.49717537241546,326.91194918224966,79.98629386236004,33.191040627552454,0.05080915651401773,0.0,0.0,0.0,protective,0
87,1.74,horse_stance_hold,0.37826086956521743,hold,nominal,-0.07034007236876398,-7.502245049950528e-05,0.6925042014996837,0.993791996971617,-0.0198599702289201,-2.7853286493005164e-05,0.6196198813732534,-0.023161243553858093,-9.208170303514775e-05,-0.0018794824215622973,0.7747667461334948,0.127272088047213,0.7851507468697848,-0.025680868935434854,-5.0995319641811767e-05,0.026947483693402625,0.0327683720492175,0.06342223881559314,double,1,1,163.3494794251467,163.46939809589207,326.81887752103876,79.6025062282007,32.902135542175685,0.05056503805896852,0.0,0.0,0.0,protective,0
88,1.76,horse_stance_hold,0.3826086956521739,hold,nominal,-0.07078239021972332,-7.699738833027325e-05,0.692416518709433,0.9936948096118837,-0.02028675175154021,-2.9352058546285265e-05,0.6195808581141637,-0.019848743648463528,-6.0469762171914015e-05,-0.0019965128050363446,0.6651222277227384,0.10960278795055321,0.6740922406743697,-0.0252749937543511,-4.4548879710796404e-05,0.02738195581027141,0.03237019076577706,0.0636741323621625,double,1,1,163.41013026709751,163.54285390056876,326.9529841676663,79.21372881316451,32.6226123542598,0.050323481653812806,0.0,0.0,0.0,protective,0
89,1.78,horse_stance_hold,0.3869565217391305,hold,nominal,-0.0711550379630069,-7.837383745401545e-05,0.6923326395576043,0.9936097509700909,-0.02064737372972744,-3.019298202146763e-05,0.6195406603984609,-0.01654793530132389,-2.6782974311680172e-05,-0.0020003837429619195,0.5557443483807012,0.09196709843101768,0.563302519034764,-0.024805945659068115,-3.692366612970771e-05,0.02787977916460378,0.032038347722466456,0.0639261186851072,double,1,1,163.51526287803847,163.6564644304903,327.1717273085288,78.82963620204511,32.26398900723541,0.05008296774843222,0.0,0.0,0.0,protective,0
90,1.8,horse_stance_hold,0.391304347826087,hold,nominal,-0.07144326026134983,-7.264913892241731e-05,0.6922392881638851,0.9935365956219526,-0.02093509053383782,-3.835577503119864e-05,0.6194842624500677,-0.01264649571031664,5.593005376655733e-05,-0.003294450482571862,0.43572470181332706,0.07473605855170062,0.44208765445119136,-0.024113068167192244,-2.4300936127688728e-05,0.02861088811650611,0.031788872495633995,0.06419270962580353,double,1,1,163.31227207693985,163.94687313878285,327.25914521572275,78.45328148239288,31.994414647484028,0.04984176703769819,0.0,0.0,0.0,protective,0
91,1.82,horse_stance_hold,0.3956521739130435,hold,nominal,-0.07165528694046006,-7.932304129671561e-05,0.6921439023138101,0.9934748674755869,-0.02114920173983584,-3.587927216868174e-05,0.6194255110067648,-0.009221650465815886,0.00011227812001668208,-0.002556537730324061,0.3190789600777004,0.058855540782537394,0.32446164248655285,-0.02346642936334828,-7.665888655269487e-06,0.029294361052444224,0.03161160183984494,0.06445719111814047,double,1,1,164.23816266479665,164.3636055915281,328.60176825632476,78.05084072746965,31.747220629901868,0.04960804892064182,0.0,0.0,0.0,protective,0
92,1.84,horse_stance_hold,0.4,hold,nominal,-0.07179076559806626,-7.45956948960488e-05,0.6920618799572743,0.9934262011891192,-0.021293507236894237,-4.209500161524582e-05,0.6193712545838451,-0.005710596989583013,-0.00032577228288213026,-0.0022931295754853513,0.2054623058516822,0.04108896414269666,0.20953057557361413,-0.02272841019584724,-0.00012395187463660334,0.030062227827902837,0.031497086878227484,0.06471717672909913,double,1,1,164.47787354584227,164.62676708171207,329.10464062755426,77.61524658373838,31.52896287026061,0.04936959896220148,0.0,0.0,0.0,protective,0
93,1.86,horse_stance_hold,0.4043478260869566,hold,nominal,-0.07186046049607805,-7.311800381545354e-05,0.6920088340777906,0.9933932687550391,-0.021374193821604597,-4.729912822603305e-05,0.6193386864621123,-0.0026864486347852406,-0.00021756971078954992,-0.001099365638970571,0.09705049015345349,0.021497184872813567,0.09940285004204606,-0.02204920061220757,-0.00010196647987789592,0.030759702461636042,0.03143467745991487,0.06496507956879063,double,1,1,164.41200726937439,164.56206076579448,328.9740680351689,77.14266372661012,31.406607896675386,0.04912269800580042,0.0,0.0,0.0,protective,0
94,1.8800000000000001,horse_stance_hold,0.40869565217391307,hold,nominal,-0.07186073571252292,-7.27060863013606e-05,0.6919851396634136,0.9933787731208122,-0.021394400498111116,-5.356349890488821e-05,0.6193238825422076,0.0005168002795868161,-0.0006786155710911504,-0.0008432527990819848,0.039990985582168626,0.011480196184198781,0.0416061754101589,-0.021264548944503612,-0.00022407286139765095,0.0315620746367157,0.031432116364850396,0.06521454621268633,double,1,1,164.17494640079838,164.1718007259088,328.34674712670716,76.68385444657683,31.21190484052198,0.04885878339312312,0.0,0.0,0.0,protective,0
95,1.9000000000000001,horse_stance_hold,0.41304347826086957,hold,nominal,-0.0717900094801877,-6.847871333347592e-05,0.691974726102049,0.993382275483363,-0.021350132505484336,-6.526905143471139e-05,0.6193184985687404,0.0035459284803694814,-0.0004986429456358746,0.00019605287129744955,0.11956735208099688,0.02100103901945005,0.12139767429221011,-0.020459184224402488,-0.00019055783764327608,0.032393177076004094,0.031502138397489395,0.06547269078117485,double,1,1,164.27308871701865,164.41108256654937,328.684171283568,76.19032964324217,31.08797731516975,0.04858627665885272,0.0,0.0,0.0,protective,0
96,1.92,horse_stance_hold,0.4173913043478261,hold,nominal,-0.07165977656176471,-7.059378050594809e-05,0.691989180203892,0.9934024040953612,-0.021246599941006028,-7.5573085709163e-05,0.6193287047653997,0.006659828780508148,-0.0008779337845370939,0.00022576034601822021,0.22409378691267412,0.04158416123097528,0.22791943269091106,-0.019573240783122583,-0.00029616412292473606,0.03329579599118723,0.031622263922226015,0.06572306176781012,double,1,1,163.91463449591558,163.46400160163608,327.3786360975517,75.70982562732941,31.062631366470907,0.04830137308487576,0.0,0.0,0.0,protective,0
97,1.94,horse_stance_hold,0.4217391304347826,hold,nominal,-0.07145855633143197,-6.916711634732531e-05,0.6920086651827454,0.9934383695219989,-0.021078612756878494,-9.206325631812398e-05,0.6193409434633982,0.009735330621605913,-0.000719934231427071,0.0009673703138133228,0.32706755056914893,0.05757748711287453,0.33209689799444986,-0.018632473952264465,-0.0002729568621660203,0.034263216736006394,0.03181691394406214,0.06598404452950488,double,1,1,164.13252074744864,164.2092089780549,328.3417297255035,75.20601100123815,30.94761446142425,0.0480114868063881,0.0,0.0,0.0,protective,0
98,1.96,horse_stance_hold,0.42608695652173917,hold,nominal,-0.07120167097513493,-7.686470711039236e-05,0.6920489061582912,0.993488526608934,-0.020852201311893553,-0.00010478772652729991,0.6193675469905564,0.012612384299327884,-0.0005783649139410261,0.001590828310741656,0.4242815606415459,0.07461971002969557,0.43079338879019674,-0.01768309422606878,-0.00025011317042933953,0.035226741184040594,0.03205749334384713,0.06623313352546437,double,1,1,163.9431757191447,163.99283405187475,327.9360097710195,74.70547163799148,30.864446085448005,0.047714571129213776,0.0,0.0,0.0,protective,0
99,1.98,horse_stance_hold,0.43043478260869567,hold,nominal,-0.07087413794588664,-8.096507015863007e-05,0.692094737303622,0.9935525693572166,-0.020564327889994613,-0.0001225078851258747,0.6193926230098259,0.01586819071753533,-0.0009974539201926703,0.0011910493405243483,0.5315931063303448,0.0925606837744985,0.5395912442569357,-0.016577055346546625,-0.00037314267393918465,0.03635609764306213,0.03236855294324744,0.06649224078076187,double,1,1,164.0359042297969,163.9759976389867,328.01190186878364,74.20387272392817,30.775428487728362,0.04741058628314931,0.0,0.0,0.0,protective,0
100,2.0,horse_stance_hold,0.4347826086956522,hold,nominal,-0.07048640523298644,-8.967435618814824e-05,0.6921479627580167,0.9936284658066378,-0.020215107557240063,-0.00014010632031945356,0.6194232322638916,0.018737490256658912,-0.0008058425245691009,0.0017948541506300423,0.628163772481878,0.1071602210139803,0.6372386036850167,-0.015506736716908522,-0.00034259904440409587,0.03744315082273783,0.032734543151438526,0.06674473255026872,double,1,1,164.0257935516185,163.95714997376626,327.98294352538477,73.68513818050181,30.642767727947593,0.04710749668533995,0.0,0.0,0.0,protective,0
101,2.02,horse_stance_hold,0.4391304347826087,hold,nominal,-0.07004041445955186,-0.00010471288933643908,0.6922184866116071,0.993716442019782,-0.019809794731614955,-0.0001550087524736299,0.6194644239032485,0.021505476381500063,-0.0007033855127653777,0.002256528152029733,0.7213348061478738,0.12294587470494849,0.7317373782084359,-0.014405702549972262,-0.0003317618772491422,0.0385526298616636,0.03314832369802065,0.06699103824581742,double,1,1,163.91183557150075,163.83713124166826,327.748966813169,73.15973105539014,30.504508034423594,0.04679820668447082,0.0,0.0,0.0,protective,0
102,2.04,horse_stance_hold,0.44347826086956527,hold,nominal,-0.06953480290064958,-0.0001205791498064214,0.6923027516054449,0.9938165548885999,-0.019349794362075474,-0.0001683141545836915,0.6195134683761713,0.0242146022317791,-0.0006380130582725528,0.0025958554211703583,0.8122469408686647,0.13847176976792225,0.8239657298535932,-0.01326468746438372,-0.0003286462395194709,0.03970147758315924,0.03361617215138792,0.06723696770755719,double,1,1,163.80170904397968,163.7566649367652,327.55837398074493,72.6312088738847,30.363003723770852,0.046483081481824014,0.0,0.0,0.0,protective,0
103,2.06,horse_stance_hold,0.44782608695652176,hold,nominal,-0.06897117696782297,-0.00013560999026027905,0.6923976870389286,0.9939280408860928,-0.01883619392987661,-0.0001805550655149097,0.6195681202651959,0.02687033238591535,-0.0005932371027310286,0.0028318682507755045,0.9010662893771005,0.15331676862680893,0.9140166789473719,-0.012083406690754004,-0.00032964157027269927,0.04089087878176097,0.034137903729249575,0.06748299733533719,double,1,1,163.71982652145329,163.69293703173966,327.4127635531929,72.10286176167862,30.227121838594485,0.046163615931130685,0.0,0.0,0.0,protective,0
104,2.08,horse_stance_hold,0.4521739130434783,hold,nominal,-0.06835124733778954,-0.00014974442219975914,0.6925012167080244,0.9940497396285468,-0.018270082535205217,-0.00019216093425952605,0.6196269885024633,0.029471667809714597,-0.0005755122568835448,0.0030366314703927154,0.9880075460620366,0.16735616327504824,1.00208133225885,-0.010863201445621721,-0.00033679987630572876,0.04211993160654992,0.03471286562707397,0.06772867399196862,double,1,1,163.73612366120796,163.68452410664767,327.42064776785566,71.56366548565575,30.05882093426025,0.04584155520240403,0.0,0.0,0.0,protective,0
105,2.1,horse_stance_hold,0.4565217391304348,hold,nominal,-0.06767583065547451,-0.00016237736624386657,0.6926126793512358,0.9941804119803253,-0.0176529095778701,-0.00020317018407989515,0.6196890161732462,0.0319237619351061,-0.00041311770725155887,0.0029762173461060464,1.0690789810292223,0.18237475958658517,1.0845231305107075,-0.009629361504904808,-0.0003070009854329459,0.04336309568823193,0.035339414166278615,0.06797388635257892,double,1,1,163.2176629445005,163.77275388399258,326.990416828493,70.89354133679701,29.799349582557987,0.04551635457392587,0.0,0.0,0.0,protective,0
106,2.12,horse_stance_hold,0.46086956521739136,hold,nominal,-0.06694859561589943,-0.0001624425186674714,0.6927252709477373,0.9943233815237204,-0.016989842972647072,-0.00020811196930145922,0.6197443896968552,0.03409803827664789,-0.00024680967312539436,0.002514310136254725,1.1399837610047039,0.19760025599269326,1.156982643138093,-0.008419440992724077,-0.0002701465677160743,0.04457161513160235,0.03600113344591157,0.06822908046174196,double,1,1,163.35074973786362,163.2760383004196,326.6267880382832,70.28042852090603,29.647602078032453,0.04515986563688576,0.0,0.0,0.0,protective,0
107,2.14,horse_stance_hold,0.4652173913043479,hold,nominal,-0.06618289212147765,-0.00016442389253430785,0.6928354862503666,0.9944754105674777,-0.0162840087326365,-0.00021271477042822864,0.6197962081803757,0.03624390512039999,-0.0002591131479718702,0.002681296975076091,1.2117462527295768,0.20796210257104192,1.229462165790367,-0.007173871090748279,-0.00027784451941650863,0.04580990354881882,0.03669968032582287,0.06849639855752546,double,1,1,163.79486486644902,163.88844881686865,327.68331368331764,69.69852298431341,29.51491836926109,0.044784071769288634,0.0,0.0,0.0,protective,0
108,2.16,horse_stance_hold,0.4695652173913044,hold,nominal,-0.06537851234002212,-0.0001698848008626143,0.69295239344967,0.9946303353010075,-0.015536209404722631,-0.00021846235860752575,0.6198551554467384,0.03831370980366255,-0.000310548716686959,0.0031973959733167063,1.2819051870702265,0.21706884461939324,1.3001537570387398,-0.005905355151028071,-0.00029652447904458346,0.047074022021887776,0.03744306203089464,0.06876610699913402,double,1,1,163.98517428990806,164.08230473487438,328.0674790247824,69.1152979760535,29.35984612365752,0.044414804681614496,0.0,0.0,0.0,protective,0
109,2.18,horse_stance_hold,0.47391304347826096,hold,nominal,-0.06453044778649217,-0.00017738484756365096,0.6930833794322663,0.9947876319917077,-0.0147480616154476,-0.0002252501982767498,0.619925803034857,0.0402871805026506,-0.0003630966041498231,0.0038056481690139153,1.349254561176643,0.2261859607390598,1.3680818541634954,-0.004620562187867584,-0.0003165263959357457,0.04835688434076053,0.038229258174656215,0.06903436699550675,double,1,1,163.99457639325607,164.07396035959604,328.0685367528521,68.52667455430311,29.18501643057448,0.04405150469144864,0.0,0.0,0.0,protective,0
110,2.2,horse_stance_hold,0.47826086956521746,hold,nominal,-0.06363722530270674,-0.00018664736565709677,0.6932301486606386,0.9949484967366194,-0.013921471929219317,-0.0002330890611311448,0.6200080248315271,0.042168708152996254,-0.0004153553470773263,0.0043438209426139044,1.4134604471114094,0.23541765846520726,1.4329312298451822,-0.0033202860807338853,-0.00033750912568595703,0.04965603441974373,0.039054700611510715,0.06929966357915587,double,1,1,163.9011954761862,163.97735823820977,327.87855371439593,67.93652023887677,28.99732885434213,0.04368969433312914,0.0,0.0,0.0,protective,0
111,2.22,horse_stance_hold,0.482608695652174,hold,nominal,-0.06270043081024772,-0.00019757465042669796,0.6933907208120093,0.9951136470398918,-0.01305818341986215,-0.00024195368468100942,0.6200995347408805,0.043966082920473014,-0.00046563171022502033,0.0047431762099886515,1.4744669053861656,0.24456715010358226,1.4946122393413097,-0.0020043230665025627,-0.0003590218326493751,0.05097061020483444,0.0399165812120828,0.06956106294504806,double,1,1,163.77058808195014,163.85897843447987,327.62956651643003,67.34903888407568,28.802549330532152,0.04332769894082409,0.0,0.0,0.0,protective,0
112,2.24,horse_stance_hold,0.4869565217391305,hold,nominal,-0.06172302626991328,-0.00021005256482026322,0.6935617546102705,0.995283031467282,-0.012159872787359916,-0.0002517892401738624,0.6201974205933981,0.045678441867489095,-0.0005125728273378334,0.004998868209283264,1.5321593300197052,0.2534564306086392,1.5529817689796954,-0.0006745883411902708,-0.000380669396340976,0.05229802272826118,0.040812550138794056,0.06981792143072321,double,1,1,163.64719795325533,163.76022605628685,327.4074240095422,66.76709521294167,28.60401251169606,0.042965904779821734,0.0,0.0,0.0,protective,0
113,2.2600000000000002,horse_stance_hold,0.49130434782608695,hold,nominal,-0.06070837472924498,-0.00022393182624936775,0.6937400944398797,0.9954560891179894,-0.01122833223476551,-0.0002625153140586659,0.620299123527889,0.04729639514224798,-0.0005549444421597053,0.005143123471569564,1.5863197784538459,0.26198465998927195,1.607807949222653,0.0006647417569295069,-0.0004020607337896038,0.05363363238774913,0.04174035251298258,0.07006977166754738,double,1,1,163.55359027844727,163.70142739155534,327.25501767000264,66.19203919428172,28.41022133227496,0.042605503732849985,0.0,0.0,0.0,protective,0
114,2.2800000000000002,horse_stance_hold,0.49565217391304345,hold,nominal,-0.059659868299185445,-0.00023903260647092426,0.6939235100294486,0.9956320508851263,-0.010265602960703718,-0.0002740277103986418,0.6204029137443583,0.048805601069032395,-0.000591595280501286,0.005221828006549621,1.6366406146216679,0.27011222869576074,1.6587806116301764,0.0020080001776500538,-0.0004228017349440139,0.054971446465831325,0.0426976220212785,0.07031626661967669,double,1,1,163.49431273696393,163.68583536311496,327.18014810007884,65.62405827064576,28.213987287358428,0.04224767433307447,0.0,0.0,0.0,protective,0
115,2.3000000000000003,horse_stance_hold,0.5,hold,nominal,-0.05858085984485028,-0.00025514975276588097,0.6941108357950169,0.9958101331022501,-0.009274029551658099,-0.0002862002770908007,0.6205079606267655,0.05019077639427118,-0.0006214753202514447,0.005277102838993791,1.6827694459431717,0.27782665856616473,1.7055499583447942,0.0033489851739376443,-0.0004425017468569416,0.05630505737760707,0.04368180874288621,0.07055715916156574,double,1,1,163.46180298516433,163.70504862759526,327.1668516127596,65.06270961372984,28.013610510766593,0.04189321132944371,0.0,0.0,0.0,protective,0
116,2.32,horse_stance_hold,0.5043478260869565,hold,nominal,-0.05747469241689958,-0.00027205763550603915,0.6943017411256542,0.9959896139642589,-0.008256241097734514,-0.00029888725194452466,0.6206141330042095,0.05143896019460229,-0.0006436660414276521,0.0053370922202754575,1.724373916405224,0.28511062649301194,1.7477853051556214,0.004681799454155146,-0.00046078355222664276,0.05762848140269665,0.04469019759545928,0.07079229938978322,double,1,1,163.4426959622067,163.74491655718128,327.187612519388,64.5074154210635,27.807712686376558,0.04154247292407519,0.0,0.0,0.0,protective,0
117,2.34,horse_stance_hold,0.5086956521739131,hold,nominal,-0.056344723148473365,-0.0002895170035173277,0.694496337083541,0.9961698296925139,-0.007215080556586231,-0.00031192496230462844,0.620721672139553,0.052541537047359886,-0.0006571469693760506,0.0054124294289675965,1.761201242848783,0.2919216312472417,1.7852305331811207,0.006001427473585874,-0.00047722633500587203,0.058936731820478774,0.04571997490541067,0.07102163574057213,double,1,1,163.42152354149712,163.7905655334201,327.21208907491723,63.957591999765334,27.59533519816297,0.041195506438295684,0.0,0.0,0.0,protective,0
118,2.36,horse_stance_hold,0.5130434782608696,hold,nominal,-0.05519426688148427,-0.00030728890246643504,0.6946947314044145,0.9963501332986053,-0.0061534942075511904,-0.00032512160121789686,0.6208308098833384,0.0534967397620928,-0.0006605589205680621,0.005492874444673884,1.793155051091507,0.2981860674744918,1.8177788556617351,0.007304472288165923,-0.0004912958365261809,0.06022658618991318,0.04676836948781747,0.0712452714679748,double,1,1,163.3804092473713,163.82296438341936,327.2033736307906,63.41356416014873,27.377000438034745,0.04085218669952588,0.0,0.0,0.0,protective,0
119,2.38,horse_stance_hold,0.5173913043478261,hold,nominal,-0.05402646964087893,-0.0003251054815840015,0.6948965849527491,0.9965298443051371,-0.005074373433892609,-0.0003382813402894943,0.6209413956555729,0.05431029317688415,-0.0006544941946376308,0.005555418805904707,1.8203466591939301,0.30378576495533416,1.845520997070475,0.008589472303092491,-0.000502944559509368,0.0614969148654946,0.04783282167169567,0.07146350019960354,double,1,1,163.32048032620077,163.83784611590312,327.1583264421039,62.8765349710075,27.15436115964994,0.040512468578022626,0.0,0.0,0.0,protective,0
120,2.4,horse_stance_hold,0.5217391304347826,hold,nominal,-0.05284431843318388,-0.0003426921567805168,0.6951010582139768,0.9967082177825916,-0.0039804786324336774,-0.0003512190102684601,0.6210528721663675,0.0549885084018829,-0.0006393017473724195,0.005583419134607788,1.8429297272943375,0.3085945872052845,1.8685878622632601,0.009855240046310942,-0.0005120744214178155,0.0627468251316213,0.04891086563363295,0.07167660655365038,double,1,1,163.25008335621578,163.84289958710025,327.09298294331603,62.34782500471183,26.92912186713913,0.0401766538084685,0.0,0.0,0.0,protective,0
121,2.42,horse_stance_hold,0.5260869565217392,hold,nominal,-0.05165066415302154,-0.0003597932995839771,0.6953070369953566,0.9968844689522955,-0.002874470295227726,-0.0003637545260100955,0.6211644568659541,0.05553517046756695,-0.0006152086310143177,0.0055699127234146275,1.8610085210904281,0.31251885327189327,1.8870667050270273,0.011100049856477117,-0.0005185617470779268,0.06397477441906414,0.050000023820281715,0.07188479697273906,double,1,1,163.1774014201758,163.84528416084987,327.02268558102566,61.828582231374725,26.7027206095651,0.03984531565542267,0.0,0.0,0.0,protective,0
122,2.44,horse_stance_hold,0.5304347826086957,hold,nominal,-0.050448244862662014,-0.0003761757043772116,0.6955133528719232,0.9970578228434792,-0.0017589634719049807,-0.0003757129045012754,0.6212753195799632,0.055951369019792016,-0.0005825035319580101,0.005515890055899931,1.8746262939027067,0.3155053392427079,1.9009911522366572,0.012321542604769552,-0.0005223035003188293,0.06517850354990098,0.05109778094266252,0.07208822277501511,double,1,1,163.10869324787842,163.8499985654948,326.95869181337315,65.1583961838092,34.02852624554659,0.03951913548725365,0.0,0.0,404.5296671649321,protective,0
123,2.46,horse_stance_hold,0.5347826086956522,hold,nominal,-0.049997264303093134,0.004738408307469898,0.6956584027631862,0.9972600765833202,-0.0010503649528736225,0.0023758019057060977,0.6214090875057581,0.019220173771478926,0.2474442776643855,0.007687304369386076,8.278893602733232,0.40527286870780654,8.288807235271424,0.0037870306578765443,0.06465337946097084,0.05652575260202154,0.05187464338306063,0.07236103914405592,double,1,1,155.65588774382428,175.26918914831796,330.9250768921422,70.73555544358967,39.875836719653805,0.03956289652673044,0.0,0.0,404.5296671649321,protective,0
124,2.48,horse_stance_hold,0.5391304347826087,hold,fall,-0.05047367992976703,0.017121953524671378,0.695780771608924,0.9974468249504558,-0.001009312250111828,0.009822764272822245,0.6215345802293303,-0.011570813010432958,0.4710292346379972,0.003741992370037001,15.709885694841224,0.6220548393434,15.722196435871403,-0.003921786000095227,0.12838489816272128,0.048563848441228824,0.05221025503299213,0.0727701744898229,double,1,1,166.7756825348701,151.91681526835208,318.6924978032222,82.61814302585584,50.0,0.6025689295050405,0.0,0.0,404.5296671649321,protective,0
125,2.5,horse_stance_hold,0.5434782608695653,hold,fall,-0.05583405391849718,0.03432261865595464,0.6789258930497496,0.9981447059356003,-0.001684307010704224,0.021902991401124543,0.6197017801384829,-0.05637791147529026,0.7106148861565462,-0.16684497151043004,24.409478613829528,0.92795384344153,24.42711085115387,nan,nan,-999.0,-999.0,0.0,no_contact,0,0,0.0,0.0,0.0,74.90076726696046,47.634742133795086,0.506823086953576,0.0,0.0,404.5296671649321,protective,0
126,2.52,horse_stance_hold,0.5478260869565218,hold,fall,-0.07820574370728132,0.0570070052112569,0.6552572914489613,0.9956529931027978,-0.0031071455502046695,0.038761841949640996,0.6138267200454695,-0.09485561157871267,0.9477304301621081,-0.38672540567942265,34.27409551623247,1.4288602571674915,34.30386662011062,nan,nan,-999.0,-999.0,0.0,no_contact,0,0,0.0,0.0,0.0,64.7302670995081,34.29250528441451,0.41326406631269486,0.0,0.0,404.5296671649321,protective,0
127,2.54,horse_stance_hold,0.5521739130434783,hold,fall,-0.10178024497400877,0.0855197544396979,0.6353046399135942,0.9955951473875702,-0.005200250138847793,0.0604147129810457,0.6039279230834387,-0.1255732285439924,1.1863975855602047,-0.5868289544266312,44.328375402372224,2.136854384973659,44.379849171400075,nan,nan,-999.0,-999.0,0.0,no_contact,0,0,0.0,0.0,0.0,64.49948563237902,42.01806163288356,0.3450319291318365,0.0,0.0,0.0,protective,0
128,2.56,horse_stance_hold,0.5565217391304348,hold,fall,-0.12087128056959641,0.11520023975070051,0.6175925207515741,0.9966154466758956,-0.007524804572224995,0.08422925338834313,0.5901137058071648,-0.11800947913484298,1.187721060356632,-0.780545549955747,47.548944696402174,2.1267931646662595,47.596485068823974,nan,nan,-999.0,-999.0,0.0,no_contact,0,0,0.0,0.0,0.0,61.70918463037239,44.209584670852294,0.29255962370232347,0.0,0.0,0.0,protective,0
129,2.58,horse_stance_hold,0.5608695652173914,hold,fall,-0.1345371896314031,0.14407643861862346,0.5990219855279579,0.9977053986825373,-0.009789874302714266,0.10805677300954601,0.5724005386645425,-0.11423918049589514,1.1896036062746775,-0.9744347532686726,51.411677947007355,2.123334261249905,51.45550677732948,nan,nan,-999.0,-999.0,0.0,no_contact,0,0,0.0,0.0,0.0,53.16549100267019,36.546728520385834,0.2514385371225249,0.0,0.0,0.0,protective,0
130,2.6,horse_stance_hold,0.5652173913043479,hold,fall,-0.14349011239241355,0.17305862510941383,0.5775478791435422,0.99831140959548,-0.012026125502412744,0.13190003412985113,0.5507827667828255,-0.11233184453282859,1.1914484166427608,-1.1688633233335675,55.77455123658461,2.121386209236374,55.81488014043512,nan,nan,-999.0,-999.0,0.0,no_contact,0,0,0.0,0.0,0.0,40.106221594359454,27.443237790503925,0.21837981340322019,0.0,0.0,0.0,protective,0
131,2.62,horse_stance_hold,0.5695652173913044,hold,fall,-0.14793864769861922,0.20184686081149403,0.551817162476118,0.9978965987408034,-0.014248613565177454,0.15576107584632987,0.5252558541122785,-0.11175151924561633,1.1929608265829432,-1.3640669323608476,60.53343529414462,2.120199161233896,60.57055417439806,nan,nan,-999.0,-999.0,0.0,no_contact,0,0,0.0,0.0,0.0,23.46393910517188,15.599953655228274,0.19107000036618377,0.0,0.0,0.0,protective,0
132,2.64,horse_stance_hold,0.5739130434782609,hold,fall,-0.1502114088303046,0.2305064475180144,0.522336866069387,0.9975624887489798,-0.01647017175216721,0.1796316225678824,0.495810755131416,-0.11194134942299365,1.193732592244643,-1.55993164077444,65.5975008805713,2.119885412220367,65.63174564140053,nan,nan,-999.0,-999.0,0.0,no_contact,0,0,0.0,0.0,0.0,12.844175160036174,8.26797505480383,0.1657583091272658,0.0,0.0,0.0,protective,0
133,2.66,horse_stance_hold,0.5782608695652175,hold,fall,-0.15109151619608774,0.25900724910616624,0.48878708476925004,0.9971765489748188,-0.01869292746008536,0.20350773176326684,0.46244337443307576,-0.1120200967573435,1.1943392658152405,-1.7561099498546093,70.90710880052806,2.1189478354410625,70.93876245311336,nan,nan,-999.0,-999.0,0.0,no_contact,0,0,0.0,0.0,0.0,67.48454686782166,50.0,0.14248822668866004,0.0,0.0,0.0,protective,0
134,2.68,horse_stance_hold,0.582608695652174,hold,fall,-0.15090735325108517,0.287510612454564,0.45107338623604065,0.996600814603105,-0.02067935266990426,0.2269078863947091,0.42624813332273626,-0.05907585531932626,1.1055181367495321,-1.7364041006111892,68.65976200270542,2.4060174487172223,68.70190563755625,-0.03299356845464171,0.4573504050224678,-0.03471551329280687,0.06413112916743441,0.05810868475108622,double,1,1,352.14894144662486,796.2741579076924,1148.4230993543172,146.42634209221646,83.25290434882537,0.12244090076745091,0.0,0.0,0.0,protective,0
135,2.7,horse_stance_hold,0.5869565217391305,hold,fall,-0.15108830310881372,0.3152726842768386,0.4134178370820806,0.9994416409015339,-0.020414484951387975,0.24697537635509884,0.3980357334509718,0.021260433078131292,0.9565502400016089,-1.1665039513809918,50.30173838305108,4.073088295379703,50.46637427653064,-0.01613197249927794,0.4396543447853974,-0.013298388110317987,0.06746293369564983,0.05886999252293137,double,1,1,626.5852976812482,526.6236620021297,1153.208959683378,173.98162903501006,108.73916085743431,0.1146158728027915,0.0,0.0,0.0,protective,0
136,2.72,horse_stance_hold,0.5913043478260871,hold,fall,-0.1514033452344965,0.3387437853705116,0.3838926385417095,0.9996651426121046,-0.020741163093370842,0.26549519751556855,0.37994703989847206,-0.05520711731393414,0.9088166465276007,-0.6920961189183811,38.131431401489145,3.9446000655761897,38.33491790005316,-0.031605972186021,0.4443511103971617,-0.010664210410352728,0.07420946692664004,0.058871688091004695,double,1,1,606.5821976985212,490.3789657253927,1096.9611634239138,168.50178310830734,111.5010845897257,0.12126094613566807,0.0,0.0,0.0,protective,0
137,2.74,horse_stance_hold,0.5956521739130436,hold,fall,-0.15318414416693268,0.3584437756844758,0.36607405877491755,0.9968526863703236,-0.022651976609758446,0.2831892027174886,0.37099200694533724,-0.1272472462476075,0.8683363078899021,-0.25371793060124787,30.458781881581448,3.7846509871739085,30.693011856194087,-0.04739747272474766,0.45205268202282295,-0.011545746223354712,0.08273232427718341,0.05882549982493822,double,1,1,581.2334595414425,440.8315684526381,1022.0650279940805,147.89006686560597,104.08816745874763,0.12739785115294264,0.0,0.0,0.0,protective,0
138,2.7600000000000002,horse_stance_hold,0.6,hold,fall,-0.15635848491704135,0.3753894270099655,0.35926425931108935,0.9914896340059729,-0.025782454973384487,0.3001706609089916,0.37018376871026876,-0.1781103287897831,0.8367734483356897,0.12202508015128063,28.812673665282457,3.6995943859640046,29.04921965152795,-0.060381434352867365,0.46271882687434485,-0.024383957141892298,0.08286527164394437,0.058756808747174316,double,1,1,531.9034783135496,357.7714107041826,889.6748890177322,120.37133999776039,90.8474046212683,0.12665904837295763,0.0,0.0,0.0,protective,0
139,2.7800000000000002,horse_stance_hold,0.6043478260869565,hold,fall,-0.16059031569777962,0.390546340464365,0.36130998335323294,0.9845501273506729,-0.029717989214837506,0.31666869752697663,0.3758770633126155,-0.20958382712448542,0.8169407703796621,0.40081694835188175,31.133768985648498,3.6031836827765495,31.341577878332092,-0.07074276115234437,0.47657993328931525,-0.04137650190361321,0.07195793338259793,0.058660891523010475,double,1,1,455.43129946538227,251.9864656273192,707.4177650927015,92.87976236952723,74.87748466606027,0.119488984003626,0.0,0.0,0.0,protective,0
140,2.8000000000000003,horse_stance_hold,0.6086956521739131,hold,fall,-0.1655525777497868,0.40454516809183905,0.369371871697801,0.977066344087506,-0.03409295927991389,0.3328566410091323,0.385915688927579,-0.22554319308363838,0.8050335411130195,0.5684885605101628,33.70800963854931,3.4509272346437383,33.884197092027115,-0.07882734088988719,0.49252751001036765,-0.059225621718448675,0.06063471599047727,0.058493579843088804,double,1,1,370.2263042314421,159.3433666388358,529.5696708702778,70.32676600952198,58.743075798944744,0.10828653745116672,0.0,0.0,0.0,protective,0
141,2.82,horse_stance_hold,0.6130434782608696,hold,fall,-0.1710000509133778,0.41796098953160427,0.3805541585870031,0.9698431274676027,-0.03872339531666805,0.3488736302433915,0.39817572029181486,-0.23629566688674888,0.7980422310477484,0.6335452013495178,34.87436546090448,3.284163619323684,35.02866107888248,-0.08632906087386721,0.5096524208675486,-0.07792386195589311,0.04911667647881821,0.05817650847314673,double,1,1,289.0757776771168,70.97488671520703,360.0506643923238,56.06369115259648,44.88886957370602,0.09522904270354648,0.0,0.0,0.0,protective,0
142,2.84,horse_stance_hold,0.6173913043478261,hold,fall,-0.17644005082272932,0.43130796961790263,0.39221902154674687,0.9633641037594679,-0.04346475090813194,0.3647212343203012,0.41071832121145174,-0.23463015514254426,0.7872616679531046,0.6121857770368004,34.15805563532625,3.1484735564929087,34.30285192986114,-0.09147360744472943,0.5258068051437157,-0.09459235801751424,0.03767022811669592,0.057737108941058254,double,1,1,224.18316759174982,25.392340192762468,249.5755077845123,47.03710357975445,35.94366363135844,0.08251493077225615,0.0,0.0,0.0,protective,0
143,2.86,horse_stance_hold,0.6217391304347827,hold,fall,-0.1810966217691485,0.4445496132257794,0.4023032911899994,0.9581544843021887,-0.04799332096172662,0.38033634148489676,0.42228393375489975,-0.22053309321619777,0.7778469871182809,0.544528318797222,32.50020696899389,3.0353712477990054,32.641644131988876,-0.09374863543176859,0.5417208892011919,-0.10969015783950985,-0.009091847241293326,0.009125161466027563,single_left,1,0,191.3858642597615,0.0,191.3858642597615,40.89873919057064,29.99498644377192,0.0717461558434872,0.0,0.0,0.0,protective,0
144,2.88,horse_stance_hold,0.6260869565217392,hold,fall,-0.1850636775265641,0.4578743250188654,0.40999292774053914,0.9530387976042202,-0.05227912494643129,0.39580405910232674,0.43221491758937514,-0.21013614321696097,0.7702410751013405,0.45468621909525037,30.633380980341585,2.9750931208713323,30.777511422540474,-0.09638699937093408,0.5574787529320638,-0.12490236670157959,0.0032954845365332002,0.009063060936525046,single_left,1,0,167.03388067209735,0.0,167.03388067209735,36.556949543557074,26.277664862655648,0.0628213335884151,0.0,0.0,0.0,protective,0
145,2.9,horse_stance_hold,0.6304347826086957,hold,fall,-0.18857006299249762,0.47143923958656353,0.4151331077726412,0.9465980683348498,-0.056383592714344004,0.4111203367209946,0.4402134465607864,-0.20185717993068455,0.7629568628294987,0.35341016328833014,28.830898087544405,2.9859809986345422,28.9851128522657,-0.09914395243043017,0.5727410921167094,-0.13979675648200043,0.0038120913217973805,0.008990757808943815,single_left,1,0,151.78035809140084,0.0,151.78035809140084,33.890921943361015,24.337464582535723,0.05544842613101999,0.0,0.0,0.0,protective,0
146,2.92,horse_stance_hold,0.6347826086956522,hold,fall,-0.19183424136062643,0.48523465622629325,0.4177520109642551,0.9383240354028674,-0.06033804439726364,0.4263060873899254,0.44610380979046166,-0.19490676589773032,0.757081569688833,0.24534602613780312,27.31850012914285,3.0351537648140923,27.486589597147976,-0.10190137844389573,0.5877516587460092,-0.15453115928598796,-0.005164197976644379,0.008906682105689555,single_left,1,0,143.5834482862697,0.0,143.5834482862697,32.79947544561577,23.994991688257247,0.04947603243418319,0.0,0.0,0.0,protective,0
147,2.94,horse_stance_hold,0.6391304347826088,hold,fall,-0.19501199074493883,0.4991620376580247,0.417889611224413,0.928110876790689,-0.06417031899144927,0.4413901092041784,0.4497947615488456,-0.1894834336265862,0.7526618550966782,0.13446831093167788,26.263119707099214,3.1087315151728636,26.446467975570044,-0.10474395594446612,0.6025558020175052,-0.1691514562047986,-0.014244032883818585,0.008809692946942263,single_left,1,0,141.81135110534004,0.0,141.81135110534004,33.3341689874816,25.086216703241917,0.044835929299001626,0.0,0.0,0.0,protective,0
148,2.96,horse_stance_hold,0.6434782608695653,hold,fall,-0.19820018407896578,0.513103408339938,0.4156057718901212,0.9159356442386414,-0.06791478164649552,0.45640164711350323,0.4512717473070039,-0.18595807151414084,0.749764736591821,0.02450274466351287,25.76836653904658,3.198315018720494,25.96609198646628,-0.10779886381043552,0.6172103612196777,-0.18373156686337394,-0.0237345271027351,0.008699186361585015,single_left,1,0,146.04810511657595,0.0,146.04810511657595,35.474287489945766,27.387119125507088,0.041470159038926195,0.0,0.0,0.0,protective,0
149,2.98,horse_stance_hold,0.6478260869565218,hold,fall,-0.20145559354244874,0.5269631435983549,0.4110086223282395,0.9017798719112339,-0.0716123571899426,0.4713749825194016,0.45059135427376285,-0.18461003312341806,0.7487838866902516,-0.08115849666887763,25.854865235286734,3.297796483308076,26.064334213253133,-0.11117745318271449,0.6318522104008073,-0.19842645955761118,-0.03630303573775446,0.008574571862167032,single_left,1,0,155.58129093803913,0.0,155.58129093803913,39.016264462073266,30.617484258401667,0.039333950522616325,0.0,0.0,0.0,protective,0
150,3.0,horse_stance_hold,0.6521739130434783,hold,fall,-0.2048109689059549,0.5406882056405427,0.40426120698770157,0.8856184440781826,-0.07530866000444862,0.48635553788240526,0.4478724082761139,-0.18563880708396457,0.7503818743664188,-0.17965508813777484,26.459734377244313,3.4036859061924636,26.677755172846492,-0.11497402174305017,0.6466893008297803,-0.2134644238096573,-0.05035898506963774,0.008434717897145602,single_left,1,0,169.3979027549005,0.0,169.3979027549005,43.635302509499205,34.46417047562099,0.03837920683865724,0.0,0.0,0.0,protective,0
151,3.02,horse_stance_hold,0.6565217391304349,hold,fall,-0.2082865096913948,0.5542722301551918,0.3955716425998244,0.8674094078835806,-0.07905316022217518,0.5014035722183304,0.44328366514675077,-0.18923291714384258,0.7553457359307952,-0.2687989578900972,27.465678329708823,3.515668182015747,27.689770834679628,-0.11927880782520586,0.6619690375221702,-0.22911868915783676,-0.06504920060386812,0.008277639750426748,single_left,1,0,186.3119149061108,0.0,186.3119149061108,48.958993936219684,38.60066482583926,0.03852563842115359,0.0,0.0,0.0,protective,0
152,3.04,horse_stance_hold,0.6608695652173914,hold,fall,-0.21189854306298328,0.5677500773165952,0.3851776260943584,0.847074554072979,-0.08289943777301546,0.5165953793465073,0.43702949854806783,-0.19560781220723197,0.7644837341680211,-0.34714744720987634,28.743258072017785,3.6364677995160073,28.972379651170048,-0.12418584272430185,0.6779528664089057,-0.24568345905637623,-0.08019785997183579,0.008100448684587874,single_left,1,0,205.04592009410334,0.0,205.04592009410334,54.5950006858048,42.699282242279835,0.039641478154755376,0.0,0.0,0.0,protective,0
153,3.06,horse_stance_hold,0.6652173913043479,hold,fall,-0.21566651179816695,0.581188855895803,0.3733308266854708,0.82448076555595,-0.08690573235623782,0.5320231633032674,0.42933447261445684,-0.20500281258329056,0.778583549023585,-0.41405111277361034,30.185369737015822,3.7710416661429274,30.420014816040716,-0.1297924882773221,0.6949034780188503,-0.26346047487181085,-0.0958224240646852,0.007899479457643162,single_left,1,0,224.24252448157623,0.0,224.24252448157623,60.13799118609422,46.43951713113492,0.04153927835955165,0.0,0.0,0.0,protective,0
154,3.08,horse_stance_hold,0.6695652173913044,hold,fall,-0.21961805180314248,0.5946792915550929,0.3602820674963799,0.7994317166623861,-0.09113512981765169,0.5477944919145362,0.42042692263880055,-0.21765286325013297,0.7983994243892736,-0.4697066300796088,31.725611718381405,3.925394625975506,31.96753293382423,-0.1361934649113715,0.7130785514282487,-0.282750346136751,-0.11201836078418849,0.0076705130359943086,single_left,1,0,242.4477234451181,0.0,242.4477234451181,65.1782540590749,49.516430539140224,0.04398398708547452,0.0,0.0,0.0,protective,0
155,3.1,horse_stance_hold,0.673913043478261,hold,recovery,-0.22379147592515622,0.6083289059033152,0.3462663813489103,0.771672399424022,-0.09565503121901801,0.5640314075405056,0.4105213936144388,-0.23374776983991294,0.8246250526985786,-0.5152147334369688,33.34265432313012,4.105346518933802,33.59444101860112,-0.14347187093716382,0.7327216329037705,-0.3038392505915796,-0.12892193593661727,0.007409044344886135,single_left,1,0,258.116645524485,0.0,258.116645524485,69.31649442813926,51.651135760865756,0.046708476055596505,0.0,0.0,0.0,protective,0
156,3.12,horse_stance_hold,0.6782608695652175,hold,recovery,-0.22823527193146378,0.6222566229430548,0.33148719467940563,0.7409034454211942,-0.1005357059023997,0.5808685276262455,0.39980008521981936,-0.25338251892118746,0.8578212266726115,-0.5526179889001718,35.05495028147595,4.315515192551756,35.319586784302786,-0.15168781989052163,0.7540429413743239,-0.32697356125898175,-0.14669212402198512,0.007110573693516139,single_left,1,0,269.67402270676394,0.0,269.67402270676394,72.18330020064877,52.603637949566924,0.049431654061495515,0.0,0.0,0.0,protective,0
157,3.14,horse_stance_hold,0.682608695652174,hold,recovery,-0.2330047024341029,0.6365873926095854,0.3160999228622181,0.7068003751905755,-0.10584774890228568,0.5984490816820623,0.38839411064999374,-0.27649834739674184,0.8982883723455108,-0.5848811507602675,36.90879927349271,4.558674888032062,37.189258940529456,-0.16086442573421744,0.7771873690842,-0.3523196085660871,-0.1654958758628842,0.006770914819548958,single_left,1,0,275.6393676013164,0.0,275.6393676013164,73.4616094305343,52.186928402301994,0.05187593444207681,0.0,0.0,0.0,protective,0
158,3.16,horse_stance_hold,0.6869565217391305,hold,recovery,-0.23815593578196595,0.651445211016903,0.3001963987597956,0.6690336036088731,-0.11165827555730683,0.6169178886805046,0.3763661317276577,-0.3028168699281012,0.9458966443651056,-0.6157777024754276,38.96209818128207,4.835537610898769,39.2610177997754,-0.1709714038320186,0.8021918762729656,-0.3799112933264152,-0.18549164318520875,0.006386513427634268,single_left,1,0,274.80611253044026,0.0,274.80611253044026,72.91031526311886,50.280204148977134,0.053783137333015665,0.0,0.0,0.0,protective,0
159,3.18,horse_stance_hold,0.6913043478260871,hold,recovery,-0.24373834033274488,0.6669434261861034,0.2837923903064253,0.6272867291580172,-0.11802580111080108,0.6364107634316205,0.3636965337967529,-0.3317762339868209,0.9999063389251941,-0.6496594347546363,41.266927439382904,5.144905667626427,41.58640829184541,-0.1819080726483858,0.8289389849012416,-0.4095935925559081,-0.20680998102950401,0.005954760428230739,single_left,1,0,266.4429265417418,0.0,266.4429265417418,70.38626619105618,46.83840622171232,0.054929282941486184,0.0,0.0,0.0,protective,0
160,3.2,horse_stance_hold,0.6956521739130436,hold,recovery,-0.2497857717823227,0.6831722616590624,0.26682072660740797,0.5812724895582853,-0.12499401153333192,0.6570406547538452,0.350275501001578,-0.3624851523388292,1.058824323907028,-0.6911115208096744,43.85519443163315,5.48407437258791,44.196754975455185,-0.19348928438304325,0.8571163281931025,-0.4409740393309539,-0.22953230922631493,0.005474267497187636,single_left,1,0,250.46619431982037,0.0,250.46619431982037,65.86174143286216,41.89525613274167,0.05513873390492424,0.0,0.0,0.0,protective,0
161,3.22,horse_stance_hold,0.7000000000000001,hold,recovery,-0.2563079352930744,0.700184733748079,0.24913206260126677,0.5307474013696459,-0.1325849896309737,0.6788817529055426,0.33590293446439345,-0.39371336004171276,1.1203419035690376,-0.7445292892410709,46.73115271940729,5.849341045204423,47.09581112102944,-0.2054388463668473,0.886193053007645,-0.4733954328407539,-0.25367039309112405,0.004945056847786903,single_left,1,0,227.52616127632646,0.0,227.52616127632646,59.4366637081466,35.557943888668966,0.05429747837793993,0.0,0.0,0.0,protective,0
162,3.24,horse_stance_hold,0.7043478260869567,hold,recovery,-0.2632831210469006,0.7179831113136688,0.2305040732421525,0.47552709377015756,-0.14079279103064873,0.7019535427249269,0.32029708124026474,-0.4239322583963458,1.1813812491872508,-0.8136824762582969,49.87214550734016,6.236514718574267,50.26057116010823,-0.21739449873213157,0.9154211884204508,-0.5059398487919231,-0.27914964015401145,0.004368614632650515,single_left,1,0,198.97410342175755,0.0,198.97410342175755,51.345676521717614,28.494275916903817,0.05236502868372302,0.0,0.0,0.0,protective,0
163,3.2600000000000002,horse_stance_hold,0.7086956521739131,hold,recovery,-0.2706548797161513,0.7365073607124465,0.21065816050313937,0.4154910130833206,-0.1495791360320355,0.7262042933850328,0.3031113140499575,-0.45149015723158537,1.2379324588723022,-0.9013573955770849,53.228642872165075,6.644353853405295,53.641736177548836,-0.22894154772264486,0.9438066128876449,-0.5374601371442654,-0.30583857581079055,0.0037461769858904564,single_left,1,0,166.5400679617618,0.0,166.5400679617618,41.97340416532498,24.54722215755935,0.04938234824548296,0.0,0.0,0.0,protective,0
164,3.2800000000000002,horse_stance_hold,0.7130434782608696,hold,recovery,-0.27833076376835914,0.7556242546484169,0.1892810423186652,0.350580488942729,-0.1588706927754448,0.7514988801868299,0.283954727995194,-0.47449769871946673,1.2859361942393275,-1.0092510279728655,56.75214373195594,7.067015412467611,57.19045833889286,-0.23959868641273468,0.9702798125004521,-0.5667074852253301,-0.3335078803276564,0.0030808138798055443,single_left,1,0,132.37815670636073,0.0,132.37815670636073,32.099499537738225,19.82047578509192,0.04548081766545051,0.0,0.0,0.0,protective,0
165,3.3000000000000003,horse_stance_hold,0.717391304347826,hold,recovery,-0.2861786748566734,0.775133668005866,0.16604892233307494,0.2809272389808147,-0.16855414328010276,0.7776266076845634,0.26241955747462714,-0.4909613253740512,1.3217286437246367,-1.1374898437728078,60.40079646077783,7.496330680220129,60.86420283519305,-0.24885328038708135,0.9938018216890572,-0.5922865221537154,-0.36167934097981697,0.002381849555031056,single_left,1,0,98.74844633349879,0.0,98.74844633349879,23.18420627126411,14.512511888397357,0.040927513327914805,0.0,0.0,0.0,protective,0
166,3.3200000000000003,horse_stance_hold,0.7217391304347827,hold,recovery,-0.29404240346606375,0.7947814790921959,0.1406466442314585,0.20691480102464518,-0.17848292997624177,0.8042885032489703,0.2380989508890516,-0.49951722565458884,1.3399686837037945,-1.2860353825335014,64.12361120730344,7.925432870343394,64.61153148198649,-0.25630355355860807,1.0130444643872925,-0.612681872137065,-0.38989254329439366,0.0016561545891471477,single_left,1,0,66.42618779379097,0.0,66.42618779379097,67.67653094508327,37.411601986994555,0.0361221408009228,0.0,0.0,0.0,protective,0
167,3.34,horse_stance_hold,0.7260869565217392,hold,recovery,-0.30191516260060564,0.8129501800289985,0.11815034006272206,0.11129396519445402,-0.18822453806989892,0.8307124373935905,0.2142910795907236,-0.47047580270573597,1.2709764307571876,-1.0297913203655353,56.75048986564078,9.856973889379761,57.60015654706254,nan,nan,-999.0,-999.0,0.0,no_contact,0,0,0.0,0.0,1040.2148740268244,69.71237775238579,36.688137180008404,0.03598424356212316,0.0,0.0,0.0,protective,0
168,3.36,horse_stance_hold,0.7304347826086957,hold,recovery,-0.30785476737839856,0.8260173195423027,0.10685181368266021,0.0014629734640349522,-0.19705818631439811,0.8543522560144117,0.19739406197217216,-0.4133267393087741,1.1170001099202174,-0.7344556408721743,46.65322160472324,12.099399780194144,48.19666545665143,nan,nan,-999.0,-999.0,0.0,no_contact,0,0,0.0,0.0,654.0764319591277,67.35800947280167,27.082088490244757,0.04329079086087087,0.0,0.0,0.0,protective,0
169,3.38,horse_stance_hold,0.7347826086956523,hold,recovery,-0.3112156344402644,0.8367913356495444,0.10038065093731403,-0.09968990466042033,-0.20502799214165623,0.8755183022805717,0.1854078117894546,-0.429185352003457,0.9554241685884571,-0.3225184963264914,36.53942123469916,10.946497316006619,38.14387378932722,nan,nan,-999.0,-999.0,0.0,no_contact,0,0,0.0,0.0,1991.9566576016248,65.62524917532242,37.75191388213901,0.0441200959581558,0.0,0.0,0.0,protective,0
170,3.4,horse_stance_hold,0.7391304347826088,hold,recovery,-0.3179763179102936,0.8424883141964931,0.10124853432758968,-0.15496638763966508,-0.21446695214842731,0.8920228603882234,0.18576099405045807,-0.48943639571627456,0.7401215834054291,0.18530827357496493,30.222363196752205,6.932971686133301,31.007375470960582,nan,nan,-999.0,-999.0,0.0,no_contact,0,0,0.0,0.0,715.2511916944712,62.72501327567609,31.7394502144951,0.05975913937762536,0.0,23.19132314929487,0.0,protective,0
171,3.42,horse_stance_hold,0.7434782608695653,transition,recovery,-0.32540876848381173,0.8460979481554475,0.10444051976573573,-0.19686836371535313,-0.22387457455384524,0.9053353045788842,0.1909180298583584,-0.45051415655907673,0.6103082680865471,0.28902199152666913,27.06538744673089,5.568177476345221,27.632223907057067,nan,nan,-999.0,-999.0,0.0,no_contact,0,0,0.0,0.0,399.67443919583405,58.886430364961676,26.659672326379802,0.08662790019152632,0.0,0.0,0.0,protective,0
172,3.44,horse_stance_hold,0.7478260869565218,transition,recovery,-0.33169041815998446,0.8499169106256529,0.10855949705201878,-0.2365530224621806,-0.23223801886786247,0.9163505045410048,0.19707654470525257,-0.39497777332531353,0.5048957254572611,0.3198287769866317,23.885329367076647,4.7976064203536035,24.362388765027788,nan,nan,-999.0,-999.0,0.0,no_contact,0,0,0.0,0.0,373.12186608708816,46.45196498847834,23.06847141796875,0.10228494591459461,0.0,0.0,0.0,protective,0
173,3.46,horse_stance_hold,0.7521739130434784,transition,recovery,-0.33700643710890565,0.8542263118267379,0.11321509859604705,-0.2753337449386045,-0.23969011288858616,0.9254266132713408,0.20376827527045369,-0.3594883196960734,0.41438200698873845,0.3382393291733251,21.487587286482878,4.2142328281938894,21.89694420973958,nan,nan,-999.0,-999.0,0.0,no_contact,0,0,0.0,0.0,306.6553536912558,37.353345112034035,20.84390339003375,0.10336185540014182,0.0,0.0,0.0,protective,0
174,3.48,horse_stance_hold,0.7565217391304349,transition,recovery,-0.3415944596226618,0.8582759623011383,0.11704121073548471,-0.3143434414313241,-0.24672819373343086,0.9328481958121622,0.21017758231317354,-0.3496840547364321,0.33814080260292395,0.2993844198482373,19.04386876914889,3.924367359923932,19.44401185126672,nan,nan,-999.0,-999.0,0.0,no_contact,0,0,0.0,0.0,236.90961570455755,33.770045718842205,17.135033121991164,0.09685015338326755,0.0,0.0,0.0,protective,0
175,3.5,horse_stance_hold,0.7608695652173914,transition,recovery,-0.34493249362997525,0.8610868856479014,0.12001201828817659,-0.3485767189899858,-0.25334742249600833,0.9384865866649296,0.21622613050824382,-0.3151114777842544,0.23740439128715304,0.30304116202261605,16.586674779722287,3.448888129184095,16.941446501875284,nan,nan,-999.0,-999.0,0.0,no_contact,0,0,0.0,0.0,305.93110123555533,30.366580122775456,14.04824748115896,0.08889033451280473,0.0,345.22595868783037,0.0,protective,0
176,3.52,horse_stance_hold,0.7652173913043478,transition,recovery,-0.3470173217093485,0.8626941343089518,0.12224171214358132,-0.37730842146851373,-0.2593237005263519,0.9423559988999591,0.221975942134533,-0.2877904071469652,0.1606877343748995,0.2693924305154974,14.193154124253278,3.0953685739724546,14.526766006360262,nan,nan,-999.0,-999.0,0.0,no_contact,0,0,0.0,0.0,251.2435417540287,27.645962977213983,14.73214184449606,0.08086025608544967,0.0,278.5726481045809,0.0,protective,0
177,3.54,horse_stance_hold,0.7695652173913045,transition,recovery,-0.34808137017733326,0.8635517286905166,0.12341325525038599,-0.40098781825366897,-0.2648416700219938,0.944867035346908,0.22680978172424004,-0.2677976411088151,0.0979667978690579,0.21751496730990366,11.957615056683798,2.8049310170423682,12.282190189628128,nan,nan,-999.0,-999.0,0.0,no_contact,0,0,0.0,0.0,243.32092351597174,25.651101134470146,14.680080581800254,0.07323131098376119,0.0,272.53325158894904,0.0,protective,0
178,3.56,horse_stance_hold,0.773913043478261,transition,recovery,-0.3483321784923862,0.8637933515790611,0.12361257554229269,-0.4192380722689378,-0.26999979481779585,0.9462044119951928,0.23059850892813333,-0.25114373271852036,0.041824390849055273,0.16521362969723483,10.11935230038895,2.5347094997170205,10.431972163850077,nan,nan,-999.0,-999.0,0.0,no_contact,0,0,0.0,0.0,238.94318833467415,24.104111266968022,14.244402831131463,0.06644399420851745,0.0,264.6517080561017,0.0,protective,0
179,3.58,horse_stance_hold,0.7782608695652175,transition,recovery,-0.3479854271345025,0.8635099072579416,0.12288999154962511,-0.432451852537905,-0.27486108363418826,0.9464557050664417,0.23333588747439404,-0.23732388418750286,-0.011612175982336846,0.11295443373074954,8.771709942199873,2.3158184294950734,9.072260485043248,nan,nan,-999.0,-999.0,0.0,no_contact,0,0,0.0,0.0,240.86663467463595,22.800067625309133,13.498483256199641,0.060674268992668305,0.0,261.9908135828182,0.0,protective,0
180,3.6,horse_stance_hold,0.782608695652174,transition,recovery,-0.3472244288011679,0.8627464024260685,0.12126829729962232,-0.44083042110148424,-0.2794682663105323,0.9456507714585305,0.23504024145036603,-0.22544958855696534,-0.0639900770946945,0.06170898186252018,8.080000342247319,2.170620058844152,8.366480560580618,nan,nan,-999.0,-999.0,0.0,no_contact,0,0,0.0,0.0,242.18992817488498,21.633612330096668,12.598996818541499,0.05587639048887541,0.0,259.2522549426751,0.0,protective,0
181,3.62,horse_stance_hold,0.7869565217391306,transition,recovery,-0.3462020386121688,0.8615464309728044,0.11874437077862772,-0.4444609519495453,-0.2838535602964652,0.9438084980042523,0.2357271185558227,-0.21489160134624583,-0.11583817159799763,0.011173650238837549,8.147918409242378,2.1214328003468816,8.419563618742865,nan,nan,-999.0,-999.0,0.0,no_contact,0,0,0.0,0.0,243.34154674587847,20.636846731316865,11.702149524935653,0.051907312750063744,0.0,259.0761724594905,0.0,protective,0
182,3.64,horse_stance_hold,0.791304347826087,transition,recovery,-0.34505503860652564,0.859912773700344,0.11528391678269813,-0.4434042086147468,-0.2880455983915967,0.9409193336080328,0.23540283219684185,-0.20586794868474498,-0.16839438073206825,-0.039853265082183405,8.966632775184017,2.1797616965666213,9.22777678418931,nan,nan,-999.0,-999.0,0.0,no_contact,0,0,0.0,0.0,240.52372646675508,19.68923414163011,10.788138501533119,0.04866655853890285,0.0,256.26746066185035,0.0,protective,0
183,3.66,horse_stance_hold,0.7956521739130435,transition,recovery,-0.34386597071264646,0.8578734173207349,0.11081080574774109,-0.43762908050774996,-0.29207211032846275,0.9369834670632471,0.2340313176427987,-0.198068291400573,-0.22050080337992034,-0.09355182420321966,10.362800045005825,2.341444413971078,10.624028742265766,nan,nan,-999.0,-999.0,0.0,no_contact,0,0,0.0,0.0,235.0504750087124,18.822145770964053,9.886431525790574,0.04598195317338079,0.0,250.6882429317077,0.0,protective,0
184,3.68,horse_stance_hold,0.8,transition,recovery,-0.342674644092049,0.855472292611093,0.10523278875907295,-0.4270619661369657,-0.29595365877367424,0.9320129643621288,0.23155085529194822,-0.19113635447707217,-0.27195504921894414,-0.1505947945859627,12.16707067407632,2.5905226895176194,12.439791661956143,nan,nan,-999.0,-999.0,0.0,no_contact,0,0,0.0,0.0,229.03657004355145,18.04356144263011,9.018486831490055,0.04372445231617184,0.0,244.60161805791924,0.0,protective,0
185,3.7,horse_stance_hold,0.8043478260869567,transition,recovery,-0.3414866932347253,0.8527596247319017,0.09845621837011276,-0.4116216767998174,-0.29970236028643854,0.926021708264653,0.2278882862017588,-0.18465470417204743,-0.32268066294041103,-0.21150038181202005,14.260992201661747,2.909067121151389,14.554675197036214,nan,nan,-999.0,-999.0,0.0,no_contact,0,0,0.0,0.0,222.61951087100476,21.606776701839024,13.474615386308031,0.04180717574960356,0.0,238.10047786880418,0.0,protective,0
186,3.72,horse_stance_hold,0.8086956521739131,transition,recovery,-0.34058824985288627,0.8498602927607714,0.09099485562004862,-0.3890389568482039,-0.3034565720951083,0.9190768357532861,0.22316364140201592,-0.20491804894734908,-0.36199025726194306,-0.23207203072767096,15.881229095740219,3.20336499420156,16.20107974418562,nan,nan,-999.0,-999.0,0.0,no_contact,0,0,0.0,0.0,444.4788340230764,22.431576874426806,10.260008415144153,0.03994165608237832,0.0,457.54161107685127,0.0,protective,0
187,3.74,horse_stance_hold,0.8130434782608696,transition,recovery,-0.34136218952438,0.8471630858615824,0.0859051677674605,-0.3538372954179409,-0.30789533075470804,0.9115288283214295,0.21919912328179422,-0.22865290377797934,-0.3896435606348051,-0.17964927380178716,16.210040696996728,3.4016382180799676,16.563108463238187,nan,nan,-999.0,-999.0,0.0,no_contact,0,0,0.0,0.0,371.12985715319854,20.24023771592754,10.209885974183099,0.038054630932804076,0.0,374.17993225127464,0.0,protective,0
188,3.7600000000000002,horse_stance_hold,0.8173913043478261,transition,recovery,-0.34240358894171685,0.8445904982874388,0.08158147342913583,-0.3190716239720621,-0.31251711578283203,0.9034391020678776,0.21565340712258874,-0.23188652573188864,-0.41624006675877234,-0.18379396868317266,17.027089038531134,3.5799639816727855,17.399365023935257,nan,nan,-999.0,-999.0,0.0,no_contact,0,0,0.0,0.0,290.752746443565,21.78108625157973,13.93355051921055,0.0364014518232086,0.0,293.72236977177414,0.0,protective,0
189,3.7800000000000002,horse_stance_hold,0.8217391304347826,transition,recovery,-0.34324444102744267,0.8419797565262286,0.07718035387445357,-0.2824259659025973,-0.31720742097723503,0.8948906464754972,0.21176786761688285,-0.23582322762492586,-0.43663979908049416,-0.20690000233142933,17.926081966353454,3.783982316808095,18.32110632135349,nan,nan,-999.0,-999.0,0.0,no_contact,0,0,0.0,0.0,277.5772948149449,27.03369295700601,21.654598147477415,0.035437320241091114,0.0,279.6575166049891,0.0,protective,0
190,3.8000000000000003,horse_stance_hold,0.8260869565217391,transition,recovery,-0.3440973192782904,0.8394354272568577,0.0731095784126501,-0.2406771960942563,-0.3220762644940904,0.8861042903096389,0.20758644723982367,-0.24780856854510142,-0.4424030887432274,-0.2104636670364773,18.305001594666248,3.9644540913767488,18.729388127308585,nan,nan,-999.0,-999.0,0.0,no_contact,0,0,0.0,0.0,320.4914297172667,30.789789973087974,26.423423732525777,0.03562679415524791,0.0,321.1350963016128,0.0,protective,0
191,3.8200000000000003,horse_stance_hold,0.8304347826086956,transition,recovery,-0.3450093534195199,0.836914146376004,0.06929168322710573,-0.19711856096457137,-0.32712478257731614,0.8771549895501491,0.20328272229485908,-0.2569588896856307,-0.4496550688127928,-0.22168513389701,18.782691756557355,4.127656473211956,19.23088811216726,nan,nan,-999.0,-999.0,0.0,no_contact,0,0,0.0,0.0,310.89552435730036,35.346849970512636,31.682359939780156,0.037142871269608135,0.0,311.9355643348571,0.0,protective,0
192,3.84,horse_stance_hold,0.8347826086956522,transition,recovery,-0.34604256944601736,0.834464565026965,0.06579873213476378,-0.15125842536802384,-0.33239646764296094,0.8681571384487522,0.19885518959232887,-0.2672334169186149,-0.4512187795831647,-0.22421627773161484,19.01570830619801,4.2767836412360305,19.490716782621213,nan,nan,-999.0,-999.0,0.0,no_contact,0,0,0.0,0.0,316.16335105103764,38.03582217963972,34.36353308028255,0.03976398468051796,0.0,316.5286903998857,0.0,protective,0
193,3.86,horse_stance_hold,0.8391304347826087,transition,recovery,-0.34707099624078724,0.831953825655391,0.062225034370766014,-0.1059152650572274,-0.33782911074688815,0.8590582204850818,0.19428251653768547,-0.27462966088267776,-0.45806647841178366,-0.23549019912192393,19.461118728909433,4.448750261638995,19.96312904008644,nan,nan,-999.0,-999.0,0.0,no_contact,0,0,0.0,0.0,304.5535858503249,39.80294450626914,36.23362822595083,0.04289551123793654,0.0,305.09910953355916,0.0,protective,0
194,3.88,horse_stance_hold,0.8434782608695652,transition,recovery,-0.34806320499111637,0.8293236684225643,0.058328483373259944,-0.06094605225322089,-0.34341586598146684,0.8497956866344248,0.18945475352381103,-0.282781168312012,-0.46727361776845133,-0.24794331713666212,19.998730473726823,4.6623945753951235,20.535022370025406,nan,nan,-999.0,-999.0,0.0,no_contact,0,0,0.0,0.0,308.7685425558136,43.69155769637633,34.846235847040234,0.045967409672340184,0.0,309.5986149064405,0.0,protective,0
195,3.9,horse_stance_hold,0.8478260869565218,transition,recovery,-0.3490415525582591,0.8271881620163481,0.055420928351321,-0.01623071151321545,-0.34912138552132627,0.8406674023807749,0.18531753058146797,-0.28990636178716095,-0.44322467790347736,-0.11496872775413497,18.069287888220547,4.622742747652846,18.651244336461062,nan,nan,-999.0,-999.0,0.0,no_contact,0,0,0.0,0.0,750.1296323319767,51.98326978224065,34.77257952816465,0.04824652116321377,0.0,196.95491573312125,0.0,protective,0
196,3.92,horse_stance_hold,0.8521739130434783,transition,recovery,-0.35078994679081754,0.8252651472222287,0.05670408215680891,0.00930194629825698,-0.3551813865173086,0.8320551749877599,0.18483110830245236,-0.3104120874093906,-0.41616361604474406,0.03027833162794377,17.339464618654986,3.9446097644162332,17.782490811332252,nan,nan,-999.0,-999.0,0.0,no_contact,0,0,0.0,0.0,486.0423376203411,51.67625217327541,35.0780848300295,0.05024681493550158,0.0,0.0,0.0,protective,0
197,3.94,horse_stance_hold,0.8565217391304348,transition,recovery,-0.3525367795852027,0.8231217642878698,0.05988901453264952,0.03338733220492868,-0.36147442018188203,0.8242244285370444,0.18639682334675092,-0.3172417262302159,-0.371633446741706,0.10640232432507872,16.67307761600514,3.4806798471768894,17.032517411935178,nan,nan,-999.0,-999.0,0.0,no_contact,0,0,0.0,0.0,409.40394519894005,47.119489131872925,31.963420495538596,0.052352609550252324,0.0,0.0,0.0,protective,0
198,3.96,horse_stance_hold,0.8608695652173913,transition,recovery,-0.35433666420496746,0.821022036371908,0.06325893883572029,0.05528123239341598,-0.3678723399707916,0.8172894666459745,0.18901081404439302,-0.3222733778051214,-0.3276168559984542,0.14365772895563741,16.05335228683903,3.134580128729623,16.356518952050482,nan,nan,-999.0,-999.0,0.0,no_contact,0,0,0.0,0.0,362.085082581854,40.31063127564061,27.349125376178385,0.05280172977939262,0.0,0.0,0.0,protective,0
199,3.98,horse_stance_hold,0.8652173913043479,transition,recovery,-0.35635258526731883,0.8190757488586191,0.06612765416321632,0.07295554822170203,-0.37439879940311965,0.8111461609502739,0.1920182965128314,-0.330003138420114,-0.2917823675144734,0.151334105800041,15.529280097650362,2.8766699118431776,15.793472389977559,nan,nan,-999.0,-999.0,0.0,no_contact,0,0,0.0,0.0,324.50423788240334,33.190187434559824,22.038292064022894,0.05132052400215212,0.0,0.0,0.0,protective,0
200,4.0,horse_stance_hold,0.8695652173913044,transition,recovery,-0.35861188575949965,0.8173752196924587,0.06828850202024293,0.08540372362082335,-0.38110261807641754,0.8056342260781645,0.19496667621801742,-0.3398945451752385,-0.2639058062577324,0.14048877448056088,15.092591592461826,2.6739916509978343,15.327640142124146,nan,nan,-999.0,-999.0,0.0,no_contact,0,0,0.0,0.0,297.2191377239072,26.992893205989215,17.627441834876393,0.04830908956044565,0.0,0.0,0.0,protective,0
201,4.0200000000000005,horse_stance_hold,0.8739130434782608,transition,recovery,-0.3610408568667623,0.8159157121033808,0.06986123245121897,0.09316121421560922,-0.3880038642792477,0.8005955441025169,0.19757008173872356,-0.34879813200711285,-0.243591444595481,0.1208006612009632,14.745295942406944,2.5181148501068984,14.958765150489247,nan,nan,-999.0,-999.0,0.0,no_contact,0,0,0.0,0.0,294.64068583801424,22.32946405904963,13.462585681079572,0.04448543017157887,0.0,0.0,0.0,protective,0
202,4.04,horse_stance_hold,0.8782608695652174,transition,recovery,-0.3635243156791625,0.8146799665061241,0.07116341779238292,0.0974455870137495,-0.39506569004254594,0.7959114486434858,0.19974966374521205,-0.35722254384391555,-0.22746248958405005,0.0964089545312093,14.48103010280179,2.408791250615078,14.68000368280919,nan,nan,-999.0,-999.0,0.0,no_contact,0,0,0.0,0.0,278.24683442465545,19.218618654989008,10.440522201561697,0.040592183948265075,0.0,0.0,0.0,protective,0
203,4.0600000000000005,horse_stance_hold,0.8826086956521739,transition,recovery,-0.3660722370682669,0.8136074244979685,0.07230715025168315,0.09890249278496327,-0.4022958752249233,0.79151087506387,0.20139063283897063,-0.3658531673642303,-0.21455063757802856,0.0674658791868829,14.318542038936227,2.341291695310414,14.508697147687435,nan,nan,-999.0,-999.0,0.0,no_contact,0,0,0.0,0.0,271.33182182384576,17.522994495959967,8.386326033752198,0.03709754256874873,0.0,0.0,0.0,protective,0
204,4.08,horse_stance_hold,0.8869565217391305,transition,recovery,-0.36869850327729364,0.8126277198115033,0.07337944151834938,0.0985017088295303,-0.4097142521646438,0.7873465246197141,0.20241280347905702,-0.3756446124448945,-0.2034332952208927,0.035794211961427964,14.293017671364586,2.3139115463191833,14.479107044225124,nan,nan,-999.0,-999.0,0.0,no_contact,0,0,0.0,0.0,269.2371577622801,16.70636325130868,7.183341011354007,0.034326277139243834,0.0,0.0,0.0,protective,0
205,4.1,horse_stance_hold,0.8913043478260869,transition,recovery,-0.37144372515936613,0.8116825823111105,0.07441310980564679,0.09686088403567383,-0.4173556020057791,0.783388832001866,0.2027626268142201,-0.3876477550993553,-0.19364116731196263,0.0010616432597859212,14.447483239914915,2.3250277403244226,14.633370287151914,nan,nan,-999.0,-999.0,0.0,no_contact,0,0,0.0,0.0,269.3010633620461,26.439362736928594,11.440811759288714,0.03238872059160972,0.0,0.0,0.0,protective,0
206,4.12,horse_stance_hold,0.8956521739130435,transition,recovery,-0.3737347365619474,0.8111584005808654,0.07559282492611717,0.08968750556173188,-0.42490181926917925,0.7799069777901504,0.20273258655479753,-0.3679325552021291,-0.15761906314678453,0.001084841578256762,13.345593782323801,2.2009406959895568,13.525864606377764,nan,nan,-999.0,-999.0,0.0,no_contact,0,0,0.0,0.0,342.8098382141963,27.708487317790233,11.604610632357652,0.031699255009970555,0.0,0.0,0.0,protective,0
207,4.14,horse_stance_hold,0.9,transition,recovery,-0.37576294842940333,0.8107072868467703,0.07749993743027087,0.08118284588160707,-0.4320751985745357,0.7771456880013462,0.20282189268022577,-0.35191225083353395,-0.12193351396696196,0.004014891248892946,12.418227517749681,2.1790437803017415,12.607958061441476,nan,nan,-999.0,-999.0,0.0,no_contact,0,0,0.0,0.0,321.11647608823,27.568264671230416,13.007882645028275,0.03250806007381979,0.0,0.0,0.0,protective,0
208,4.16,horse_stance_hold,0.9043478260869566,transition,recovery,-0.3779055181366975,0.81031409657054,0.07954577394256332,0.0722819929963402,-0.43901125797436574,0.7751218207008148,0.20282234153445064,-0.3424460748836929,-0.08334231951867165,-0.005457107953689607,11.752222234544702,2.2290439730902887,11.961745879431524,nan,nan,-999.0,-999.0,0.0,no_contact,0,0,0.0,0.0,306.3854662198207,27.47069058247347,14.17675722010705,0.03358721921643927,0.0,0.0,0.0,protective,0
209,4.18,horse_stance_hold,0.908695652173913,transition,recovery,-0.38024127603969454,0.810148916460716,0.0814301451328389,0.06186360229448115,-0.4458034231243675,0.773906063067181,0.20255486558181926,-0.3379158659886793,-0.04229054356584828,-0.021868925053277873,11.377777558018838,2.313830723654711,11.610669006456328,nan,nan,-999.0,-999.0,0.0,no_contact,0,0,0.0,0.0,293.5736359384638,27.56303263432496,15.14219301302454,0.03475441982987392,0.0,0.0,0.0,protective,0
210,4.2,horse_stance_hold,0.9130434782608696,transition,recovery,-0.3828631878593726,0.8102894464029768,0.08296318907792839,0.04908607036072435,-0.45256153009891065,0.7735185752835468,0.20188120282972077,-0.3377319540514573,-0.0004960497622846326,-0.04455073892737669,11.357927454504162,2.434859794595476,11.615982880545104,nan,nan,-999.0,-999.0,0.0,no_contact,0,0,0.0,0.0,286.87593648384546,27.661021559491896,15.659521145541547,0.035854395539953884,0.0,0.0,0.0,protective,0
211,4.22,horse_stance_hold,0.9173913043478261,transition,recovery,-0.38577509683771605,0.8107904016757964,0.08404089369862228,0.0333505725793225,-0.4593477375079828,0.7739649841467486,0.20071756279374164,-0.340728365562093,0.04064578907174008,-0.07045413201171508,11.679477906187707,2.5999179579508294,11.965357393291768,nan,nan,-999.0,-999.0,0.0,no_contact,0,0,0.0,0.0,281.4467218082906,27.839988720906504,15.854795561560051,0.03688201359267242,0.0,0.0,0.0,protective,0
212,4.24,horse_stance_hold,0.9217391304347827,transition,recovery,-0.3889831318092644,0.8116524416195954,0.08460898079699124,0.014240956319241826,-0.4662169604560951,0.7752135306805564,0.19901392790067882,-0.3456006070704422,0.0797696746624189,-0.09790104640728826,12.267891011333305,2.817285542200011,12.587225575647784,nan,nan,-999.0,-999.0,0.0,no_contact,0,0,0.0,0.0,280.3270850326627,28.047770706964513,15.83941895757462,0.037757458881371296,0.0,0.0,0.0,protective,0
213,4.26,horse_stance_hold,0.9260869565217391,transition,recovery,-0.3924687330323969,0.8128717088413868,0.08465049532611811,-0.008490792162815564,-0.47320521499331414,0.777233454034222,0.19674699291416242,-0.3521243198079992,0.11828401154726972,-0.12661210731558273,13.084572622440902,3.0806516215579243,13.442338156933022,nan,nan,-999.0,-999.0,0.0,no_contact,0,0,0.0,0.0,279.2595105807418,27.946281019780823,15.418325647039127,0.03845428943257072,0.0,0.0,0.0,protective,0
214,4.28,horse_stance_hold,0.9304347826086958,transition,recovery,-0.3962115308140015,0.8144546767328056,0.08413052787371628,-0.035096983541698434,-0.480337939603173,0.7800204300633707,0.19389699762453602,-0.360366582936026,0.15604375942250692,-0.15650658896880126,14.094592330057758,3.391811467120878,14.49696237075256,nan,nan,-999.0,-999.0,0.0,no_contact,0,0,0.0,0.0,275.13110514987363,30.610553570251092,16.986559085475168,0.0389430650138651,0.0,0.0,0.0,protective,0
215,4.3,horse_stance_hold,0.9347826086956522,transition,recovery,-0.39997946353607916,0.8163031175068726,0.08446443689667053,-0.05947990772035944,-0.4874749538116782,0.7835012064373537,0.19119855668810648,-0.3422275003251339,0.17851973274805719,-0.0616858320590072,13.032680908462298,3.2861437778452784,13.440591973215646,nan,nan,-999.0,-999.0,0.0,no_contact,0,0,0.0,0.0,651.3092701884336,27.140549608613945,16.631903084651768,0.03962235959830762,0.0,551.4597531871317,0.0,protective,0
216,4.32,horse_stance_hold,0.9391304347826088,transition,recovery,-0.4027227056552375,0.818372458381662,0.08870127098026717,-0.06997249413264972,-0.494136899484352,0.7866034930039602,0.19115645551182178,-0.32598933567333555,0.13206370411859003,0.02222831927191265,11.750279717885523,2.963457511425551,12.118215787424171,nan,nan,-999.0,-999.0,0.0,no_contact,0,0,0.0,0.0,375.0428149679176,24.29287929894441,13.715832523214058,0.04007986227876711,0.0,387.0597328503102,0.0,protective,0
217,4.34,horse_stance_hold,0.9434782608695652,transition,recovery,-0.4041505104441122,0.820360292484819,0.09267875056940307,-0.08624947994664067,-0.4998147160336164,0.7887170261509308,0.19222680988906848,-0.2494793436183487,0.08510970751436697,0.06859273405591097,9.08131973761339,2.126969188422772,9.32707703974114,nan,nan,-999.0,-999.0,0.0,no_contact,0,0,0.0,0.0,337.8249507570003,19.93167011484468,9.705779711190097,0.03880839118454249,0.0,76.58474221131476,0.0,protective,0
218,4.36,horse_stance_hold,0.9478260869565219,transition,recovery,-0.4045220099498251,0.8221091698809841,0.09530227241607324,-0.10144698650683981,-0.5042613556365436,0.7899370708305723,0.19331311911580062,-0.2019048130763223,0.044176075836914346,0.030453083893396796,6.965384275330213,1.6779098710183602,7.164632554309972,nan,nan,-999.0,-999.0,0.0,no_contact,0,0,0.0,0.0,217.59284567197466,20.929386520764034,10.51811457778783,0.03698051179314834,0.0,0.0,0.0,protective,0
219,4.38,horse_stance_hold,0.9521739130434783,transition,recovery,-0.40464695082756846,0.82349481647035,0.0964972959055051,-0.11382760678529624,-0.5080123926665419,0.7902930570135472,0.19341379032576647,-0.1833658781988371,-0.010833019474289905,-0.0028924968478114725,6.125046938690919,1.3909294145535482,6.280993921143156,nan,nan,-999.0,-999.0,0.0,no_contact,0,0,0.0,0.0,312.0911054248055,23.04784247354968,11.6072749914879,0.035682988798691376,0.0,0.0,0.0,protective,0
220,4.4,horse_stance_hold,0.9565217391304349,transition,recovery,-0.40546955346913616,0.8235369604879059,0.09759701143985344,-0.12317008181234318,-0.5115398668694559,0.7895532612925663,0.19334866814283466,-0.16925847182522782,-0.05260305586500804,-0.002265502960226247,5.910007260465059,1.2566914213055567,6.042140278670521,nan,nan,-999.0,-999.0,0.0,no_contact,0,0,0.0,0.0,334.0618052167612,23.999073122236954,11.550203008674151,0.03535527894658224,0.0,0.0,0.0,protective,0
221,4.42,horse_stance_hold,0.9608695652173913,transition,recovery,-0.40658020450986543,0.8229809166142523,0.09895558641154653,-0.12861072218795633,-0.5147572168402542,0.7882777422210964,0.19336076391958715,-0.15438847813159068,-0.07088912818727001,0.002735006918772482,5.664909340273132,1.1756742752021414,5.785620782153446,nan,nan,-999.0,-999.0,0.0,no_contact,0,0,0.0,0.0,335.1499651353082,23.65694471113952,11.294029225636681,0.03519909360129017,0.0,0.0,0.0,protective,0
222,4.44,horse_stance_hold,0.965217391304348,transition,recovery,-0.407851012852061,0.8221638371806352,0.10055689167377499,-0.13092020890053557,-0.5177169115840354,0.7867453396604301,0.19346511858038323,-0.1430994813755624,-0.08047357832816157,0.006792847339776711,5.478468208571142,1.0997453958048231,5.587759286862544,nan,nan,-999.0,-999.0,0.0,no_contact,0,0,0.0,0.0,332.3145905795791,22.56076580161744,10.860850415710358,0.03493619450784743,0.0,0.0,0.0,protective,0
223,4.46,horse_stance_hold,0.9695652173913044,transition,recovery,-0.4092401121839126,0.8212004437375153,0.10232969573412454,-0.1307372016643092,-0.520477092353347,0.7850612475415752,0.1936279709363266,-0.13394329797470614,-0.08699401194781574,0.008772504893858512,5.333094878681025,1.041060766214745,5.4337563898251275,nan,nan,-999.0,-999.0,0.0,no_contact,0,0,0.0,0.0,328.58518305524126,21.558534274803897,10.638134954475813,0.034506851275134004,0.0,0.0,0.0,protective,0
224,4.48,horse_stance_hold,0.973913043478261,transition,recovery,-0.4106866933567543,0.8201576923309519,0.10420775555524917,-0.128542178194737,-0.5230559416929412,0.7832639658690526,0.19381099630089862,-0.12471732774898422,-0.09204478680363519,0.009230142032553868,5.177209498979177,0.9993398818981797,5.272777104702272,nan,nan,-999.0,-999.0,0.0,no_contact,0,0,0.0,0.0,326.78579954821384,20.559633085627443,10.230999614532514,0.03399658817042328,0.0,0.0,0.0,protective,0
225,4.5,horse_stance_hold,0.9782608695652175,transition,recovery,-0.41214555170079664,0.8190700440812286,0.1061290723516276,-0.12475502181342446,-0.5254554324640199,0.7813627725078298,0.1939845481284488,-0.11609707087220955,-0.09752130761461532,0.0077957705607864325,5.061895767508802,0.9800245249243269,5.155893407604222,nan,nan,-999.0,-999.0,0.0,no_contact,0,0,0.0,0.0,322.9697208588572,19.807339478138125,9.883172870033055,0.033482947303008055,0.0,0.0,0.0,protective,0
226,4.5200000000000005,horse_stance_hold,0.9826086956521739,transition,recovery,-0.4135957262681111,0.8179479847916379,0.10803023977177098,-0.11967179595053723,-0.5276913937075455,0.7793482853616663,0.19410633991817916,-0.10833400827219687,-0.10326405389199228,0.0043935796955163735,4.9921639414200705,0.98681992715875,5.088763542025939,nan,nan,-999.0,-999.0,0.0,no_contact,0,0,0.0,0.0,320.346330139638,19.365369138877035,9.662422168470522,0.03300832268766433,0.0,0.0,0.0,protective,0
227,4.54,horse_stance_hold,0.9869565217391305,transition,recovery,-0.41502568180999094,0.8168057094597916,0.10988612415597003,-0.11362356543093871,-0.5297861545731519,0.777219085109975,0.19414687967310876,-0.10193097225419229,-0.1089489429247575,-6.455143497888246e-05,4.974404469717643,1.01480228611555,5.0768615805684725,nan,nan,-999.0,-999.0,0.0,no_contact,0,0,0.0,0.0,319.26777846770307,19.17309316666402,9.542101690597516,0.03261279617419556,0.0,0.0,0.0,protective,0
228,4.5600000000000005,horse_stance_hold,0.9913043478260869,transition,recovery,-0.4164403920069547,0.8156487249896928,0.11169896106430585,-0.10689154015031488,-0.5317731584339793,0.7749783606234245,0.19409428647463323,-0.09744329822847075,-0.11440878891319434,-0.004785784157472442,5.013101102817319,1.0566181530603518,5.123243561304195,nan,nan,-999.0,-999.0,0.0,no_contact,0,0,0.0,0.0,319.28207160173406,19.171742701026748,9.478668049596786,0.03231116797994061,0.0,0.0,0.0,protective,0
229,4.58,horse_stance_hold,0.9956521739130436,transition,recovery,-0.4178572018120322,0.814473635764262,0.11348589553031065,-0.09969298867773813,-0.533695621278021,0.7726318212256428,0.19394914392756338,-0.09521573649438445,-0.11943458582298086,-0.009274025754871124,5.102029749608908,1.10532589465607,5.2203881943100345,nan,nan,-999.0,-999.0,0.0,no_contact,0,0,0.0,0.0,320.1821233745121,19.53358467303301,9.604855016103961,0.03210477433805686,0.0,0.0,0.0,protective,0
230,4.6000000000000005,horse_stance_hold,1.0,transition,recovery,-0.41929030004808043,0.8132892001147567,0.11527935320608867,-0.092197986453392,-0.5355939955549679,0.7701992094342014,0.19372385079967477,-0.09497523154465556,-0.12333985861924869,-0.012848936240861078,5.207851216579462,1.1518431942932201,5.333709500738467,nan,nan,-999.0,-999.0,0.0,no_contact,0,0,0.0,0.0,321.58121380085913,19.820575644018128,9.549866257286476,0.0320127540012888,0.0,0.0,0.0,protective,0
231,4.62,horse_stance_hold,1.0,transition,recovery,-0.4207722679449469,0.8120733654886266,0.11709688757711562,-0.084542280093997,-0.5375195728548611,0.7676873723730813,0.1934328782810193,-0.09788706137168943,-0.12704124958521204,-0.01581915037665353,5.3731607778248485,1.1933571084399328,5.504085567341722,nan,nan,-999.0,-999.0,0.0,no_contact,0,0,0.0,0.0,325.25244819773536,20.396808244333137,9.786229297949761,0.03201338681817121,0.0,0.0,0.0,protective,0
232,4.64,horse_stance_hold,1.0,transition,recovery,-0.422348947470221,0.8108162692148063,0.11896911452565252,-0.07720990426635949,-0.5395721465487611,0.7651327889945058,0.19311126041931995,-0.10702971135600761,-0.1277840560654239,-0.01611312435144571,5.583397761564189,1.208032059742944,5.712588907072413,nan,nan,-999.0,-999.0,0.0,no_contact,0,0,0.0,0.0,328.0966510724883,20.429378619054315,9.70922358792988,0.03211208212077546,0.0,0.0,0.0,protective,0
233,4.66,horse_stance_hold,1.0,transition,recovery,-0.4240557555298102,0.8095056387038622,0.12091625569702211,-0.07046191092651521,-0.5418459290449528,0.7625762171452684,0.19279144234281578,-0.11915741491718075,-0.1278438876534002,-0.016201332429613566,5.851824674008367,1.214569307407561,5.976540020599679,nan,nan,-999.0,-999.0,0.0,no_contact,0,0,0.0,0.0,325.75188595023087,20.087981319014922,9.456130238665196,0.03224972182837112,0.0,0.0,0.0,protective,0
234,4.68,horse_stance_hold,1.0,transition,recovery,-0.4258951434333557,0.8081189641703562,0.12291144365078187,-0.06421276923565744,-0.544374391057369,0.7600112085126167,0.1924520935431325,-0.13232845503971138,-0.12852497768828652,-0.017938622666975008,6.179480405713011,1.2341998665060687,6.301525798969218,nan,nan,-999.0,-999.0,0.0,no_contact,0,0,0.0,0.0,322.97962253956354,19.44810667976543,9.403198014538068,0.03235611201369083,0.0,0.0,0.0,protective,0
235,4.7,horse_stance_hold,1.0,transition,recovery,-0.4278607817029655,0.8066622787882892,0.12495894054898635,-0.05846351791407833,-0.5471662472192124,0.7574482209593574,0.19210167599426084,-0.14470425775653392,-0.12547506922544827,-0.01195785907336105,6.398225581229259,1.2041300690729948,6.510546813558922,nan,nan,-999.0,-999.0,0.0,no_contact,0,0,0.0,0.0,361.27280533893986,19.890714737083243,9.213214142640737,0.032272932154334674,0.0,0.0,0.0,protective,0
236,4.72,horse_stance_hold,1.0,transition,recovery,-0.4299156684030066,0.805151120254479,0.12701292453956256,-0.05340022940090283,-0.5501082703797702,0.7550585374778326,0.1919185093626338,-0.14810693061509383,-0.11471769138515286,-0.010576744139660308,6.256035006807628,1.1191573202469187,6.355351061417833,nan,nan,-999.0,-999.0,0.0,no_contact,0,0,0.0,0.0,316.5884955592382,20.478417455781283,9.542764851814676,0.03126886072127602,0.0,0.0,0.0,protective,0
237,4.74,horse_stance_hold,1.0,transition,recovery,-0.43196985854046355,0.8036273046532175,0.12896906720907034,-0.049229493239402566,-0.5531074572679805,0.7528766320542084,0.19163146849326057,-0.15165483366212368,-0.10454521516272954,-0.017453249262122682,6.168877756621434,1.1086134198342437,6.267701053079612,nan,nan,-999.0,-999.0,0.0,no_contact,0,0,0.0,0.0,316.5288210131688,21.081872988866266,10.04670313671834,0.03059157479038868,0.0,0.0,0.0,protective,0
238,4.76,horse_stance_hold,1.0,transition,recovery,-0.43403653589440255,0.8021176418961627,0.1309009320383156,-0.04581983242225213,-0.5561931417162129,0.7508778575023701,0.19123851929713456,-0.15645067205677538,-0.0965227747781049,-0.02127680394606902,6.170017842217566,1.1182307380977887,6.270531090498623,nan,nan,-999.0,-999.0,0.0,no_contact,0,0,0.0,0.0,321.4797156332038,21.342170652083528,10.242252831412749,0.03034027294679809,0.0,0.0,0.0,protective,0
239,4.78,horse_stance_hold,1.0,transition,recovery,-0.4361402305892419,0.8005960817445681,0.13280079970192452,-0.04293285880123848,-0.5593839894691504,0.7490127297902287,0.1907766350821474,-0.1618873215073059,-0.09051599519706856,-0.02466278468119312,6.238349811547727,1.1357205745071046,6.340888707002853,nan,nan,-999.0,-999.0,0.0,no_contact,0,0,0.0,0.0,322.1349423203411,21.612096150490963,10.412953723343689,0.03031558434708073,0.0,0.0,0.0,protective,0
240,4.8,horse_stance_hold,1.0,transition,recovery,-0.4382770123611449,0.7990601651024632,0.13464201626980832,-0.040525140231130186,-0.5626843531556105,0.7472521481355247,0.19025700240744156,-0.1673863642582083,-0.086172042675373,-0.027066122128969732,6.341515962893332,1.1588103509417798,6.446523569884838,nan,nan,-999.0,-999.0,0.0,no_contact,0,0,0.0,0.0,323.43702088193197,22.15013701965306,10.714379741960078,0.030442527357199264,0.0,0.0,0.0,protective,0
241,4.82,horse_stance_hold,1.0,transition,recovery,-0.44045670787426455,0.7975075678276213,0.13646811818392326,-0.03842136459885265,-0.5660863390489473,0.745560702297833,0.18970224037662323,-0.17190840898353263,-0.08333795507458946,-0.02815193601891045,6.4384022047159855,1.1781286169427676,6.5453044228478126,nan,nan,-999.0,-999.0,0.0,no_contact,0,0,0.0,0.0,325.4432892050283,22.563880706093318,10.719068542188023,0.030757880057150848,0.0,0.0,0.0,protective,0
242,4.84,horse_stance_hold,1.0,transition,recovery,-0.44269101303929037,0.7959273021750866,0.13829450914523578,-0.036451185448644396,-0.569569347525078,0.7439063989116776,0.189122743744457,-0.17564716885678922,-0.08229940724644176,-0.029991334393876256,6.544094216709697,1.19395301767349,6.6521194310975,nan,nan,-999.0,-999.0,0.0,no_contact,0,0,0.0,0.0,322.90399315792075,23.01463512319273,10.643871681903974,0.03127740414248392,0.0,0.0,0.0,protective,0
243,4.86,horse_stance_hold,1.0,transition,recovery,-0.44498157327690174,0.7943021763938044,0.14008720165317803,-0.03439730110752859,-0.5731163811061328,0.74225874342314,0.18849091285804023,-0.1783999666963276,-0.08246245499163213,-0.03319651837715083,6.645569059383367,1.211755060072603,6.755141630539294,nan,nan,-999.0,-999.0,0.0,no_contact,0,0,0.0,0.0,320.8961036081244,23.889301357594178,10.875640053137543,0.03200117410592262,0.0,0.0,0.0,protective,0
244,4.88,horse_stance_hold,1.0,transition,recovery,-0.4473218956699995,0.7926534062875534,0.14188780869677875,-0.032298668113175,-0.5767033990639895,0.7406136327857522,0.18781039380795939,-0.17998095584276594,-0.08229527499655548,-0.03507099613802848,6.701124279596379,1.2213848855174376,6.811523151921788,nan,nan,-999.0,-999.0,0.0,no_contact,0,0,0.0,0.0,322.6785517905814,24.580174203807225,10.796082248185842,0.03299694225939408,0.0,0.0,0.0,protective,0
245,4.9,horse_stance_hold,1.0,transition,recovery,-0.44972722195745546,0.7909625059501854,0.14367958755041732,-0.030022445591226465,-0.5803204825931285,0.7389526069712752,0.18707443374432112,-0.1812501248967416,-0.08366267521115046,-0.03853324366235861,6.778661852685526,1.2308538916689906,6.889503452041422,nan,nan,-999.0,-999.0,0.0,no_contact,0,0,0.0,0.0,320.32985674091276,25.34124435728235,10.281430726085446,0.03423335727537058,0.0,0.0,0.0,protective,0
246,4.92,horse_stance_hold,1.0,transition,recovery,-0.45218582243645183,0.7892231425434508,0.14543615711735286,-0.027451821156345146,-0.5839452199541262,0.7372657729409471,0.18627040784530896,-0.1803202640309756,-0.08510945933299077,-0.04006511465958319,6.780987587039077,1.2309512559764852,6.891809171049943,nan,nan,-999.0,-999.0,0.0,no_contact,0,0,0.0,0.0,328.57995722294635,26.16722177218869,10.931526404558308,0.035696252521920255,0.0,0.0,0.0,protective,0
247,4.94,horse_stance_hold,1.0,transition,recovery,-0.4546826246948332,0.7874399287353773,0.14724435607287503,-0.024391332087169537,-0.5875175127274624,0.7355435456784936,0.1854649465299914,-0.17694828844478225,-0.08653265021132718,-0.040748129398555585,6.70637876354779,1.214518576468893,6.8154656108554175,nan,nan,-999.0,-999.0,0.0,no_contact,0,0,0.0,0.0,324.82783692918633,26.92715361099515,11.888961235477957,0.0373958883335643,0.0,0.0,0.0,protective,0
248,4.96,horse_stance_hold,1.0,transition,recovery,-0.45720316248183274,0.7856396955480716,0.14908080062862467,-0.02093958859537448,-0.5910106276943122,0.7338016163671947,0.1846476430334869,-0.1720143602423367,-0.08727170351758697,-0.04041876139851846,6.570740331034415,1.1852898906756366,6.676791192093708,nan,nan,-999.0,-999.0,0.0,no_contact,0,0,0.0,0.0,328.52380768453077,27.731689633093232,12.814431535104065,0.03928814715150058,0.0,0.0,0.0,protective,0
249,4.98,horse_stance_hold,1.0,transition,recovery,-0.45971793997327554,0.7838416236565061,0.15094899255041122,-0.017060321235065512,-0.5943882422599664,0.7320517902516092,0.18384246177647454,-0.16621742043828,-0.08741373642311126,-0.04039160002013264,6.404700044271618,1.1509041995609883,6.507285388982106,nan,nan,-999.0,-999.0,0.0,no_contact,0,0,0.0,0.0,326.1684671506505,28.493447763707383,13.7494564123717,0.04132498667848061,0.0,0.0,0.0,protective,0
250,5.0,horse_stance_hold,1.0,transition,recovery,-0.4622334793791602,0.7820513232366646,0.15279961698204345,-0.012974356173657942,-0.5976570003568134,0.7303049117909457,0.18302517211224886,-0.16079066536159792,-0.08685393452288206,-0.0405940497833309,6.241575850931793,1.1180087411459967,6.340915757854996,nan,nan,-999.0,-999.0,0.0,no_contact,0,0,0.0,0.0,333.99226423202,29.193045032772375,14.649514530652267,0.04347712805445972,0.0,0.0,0.0,protective,0
251,5.0200000000000005,horse_stance_hold,1.0,transition,recovery,-0.4647317581511315,0.7802901014978847,0.15466184221803944,-0.008832918905673615,-0.6008038340957398,0.7285832979149485,0.18223722867782066,-0.15438444592414152,-0.08535808690031794,-0.039124397999436955,6.024632609315281,1.0746945431819173,6.119735814426146,nan,nan,-999.0,-999.0,0.0,no_contact,0,0,0.0,0.0,326.51973389150464,29.784442027703513,15.510013723321684,0.04571415778999941,0.0,0.0,0.0,protective,0
252,5.04,horse_stance_hold,1.0,transition,recovery,-0.4671980385561656,0.778559829351392,0.1564671768714308,-0.004624765748196535,-0.6038233696956968,0.7268954652546438,0.18145477455874398,-0.1477233195061246,-0.08317127848354185,-0.0385081772458718,5.796232680263064,1.0290122003192363,5.886864988442947,nan,nan,-999.0,-999.0,0.0,no_contact,0,0,0.0,0.0,329.47665756578687,29.81460721185714,16.267610994281537,0.04799804407791194,0.0,0.0,0.0,protective,0
253,5.0600000000000005,horse_stance_hold,1.0,transition,recovery,-0.46959093981826394,0.7769065217720849,0.15824377659708022,-0.0005329236064543497,-0.6066852533058186,0.7252780816966177,0.18076520173594554,-0.13871147848914042,-0.07767138828938994,-0.027061880123445545,5.376724529428083,0.9105466418992331,5.453279916933259,-0.6255146026125092,0.714734601682085,-0.4466781975096297,-0.44882054356329293,0.0003411969615343402,single_right,0,1,0.0,24.185555896168484,361.1229496796234,29.58840325120842,16.844991288713224,0.05027242663137629,0.0,0.0,0.0,protective,0
254,5.08,horse_stance_hold,1.0,transition,recovery,-0.47183129010093205,0.7754857095501638,0.15986798416801157,0.0025972363328338743,-0.6093277019318775,0.72384478280765,0.18033656540625892,-0.125426958423921,-0.06652091859398195,-0.01885322134965513,4.775168418733884,0.7670118202766785,4.836376800841474,-0.6263335495877427,0.7148256323654136,-0.4469548162044143,-0.4484217730608672,0.00028411234767034,single_right,0,1,0.0,16.57803791483917,332.0578297622298,29.810159241400942,17.11393354835886,0.052409475114045666,0.0,0.0,0.0,protective,0
255,5.1000000000000005,horse_stance_hold,1.0,transition,recovery,-0.47377356551355615,0.7743460388593676,0.16121049195745274,0.004869036391215387,-0.6116415217691938,0.7226312041182092,0.1799679099264348,-0.10716070279076838,-0.05592281497634378,-0.018224316972890228,4.075660147426386,0.654936394769435,4.127947107039195,-0.6261559050056187,0.7150567374799011,-0.44698434772848333,-0.44811176132588243,0.00023195028642120086,single_right,0,1,0.0,17.004290605658024,327.7941035528781,29.9292349344181,17.153616384098303,0.05447881050752974,0.0,0.0,0.0,protective,0
256,5.12,horse_stance_hold,1.0,transition,recovery,-0.47536283361125786,0.773449341726858,0.1622654951594183,0.006628160809024564,-0.6135713709406408,0.7216208301803707,0.17961001881660993,-0.08764618281774733,-0.04616593989918836,-0.017332720269423396,3.3529936107676797,0.5431959243878537,3.396708401691328,-0.6254308000077184,0.715374104174198,-0.4469325681488566,-0.44790231695659655,0.0001946053614265697,single_right,0,1,0.0,18.992820373342543,330.2800691795145,29.788395021493958,16.995735198883246,0.05639256156078662,0.0,0.0,0.0,protective,0
257,5.14,horse_stance_hold,1.0,transition,recovery,-0.4766044582022263,0.7727623293541608,0.1630594126846484,0.007955847416326989,-0.6151105479092992,0.7207981645408834,0.17929139522948065,-0.06816152176496358,-0.037060320629173645,-0.014484610304559248,2.631472598794551,0.4280157674890255,2.6660543009146993,-0.6243253178643768,0.7157879722767372,-0.4468617140937885,-0.44775780262070564,0.00016831883697387973,single_right,0,1,0.0,20.725021320825363,333.3250393437182,29.38322151059012,16.69795040233175,0.05805252045602973,0.0,0.0,0.0,protective,0
258,5.16,horse_stance_hold,1.0,transition,recovery,-0.4775097669262044,0.7722667434446319,0.1636169653265505,0.008903380509288239,-0.6162612659635988,0.7201527900346187,0.17904535941903715,-0.04898783778687556,-0.028414935274656484,-0.010456039748266446,1.9200982668218052,0.3149517530221711,1.9457574260384665,-0.622879396089642,0.7163140058043591,-0.4467820346252131,-0.4476462432538043,0.0001513300742091439,single_right,0,1,0.0,21.675931159950007,334.1437689732514,28.752991777579723,16.294167863943215,0.0593997759565387,0.0,0.0,0.0,protective,0
259,5.18,horse_stance_hold,1.0,transition,recovery,-0.4780996300729551,0.7719458244045629,0.16396027875575525,0.009512502260190514,-0.6170381990226357,0.719674897495542,0.17888386574955129,-0.030477524911535304,-0.020244768467985445,-0.006159714962958027,1.237074209204226,0.20970244884246722,1.254722166907395,-0.6211537764540881,0.7169411153904116,-0.44669720192794554,-0.44755272657446565,0.00014080073887567934,single_right,0,1,0.0,21.981133007594917,333.8797433793354,27.987951603228577,15.792668556495292,0.060409554271601065,0.0,0.0,0.0,protective,0
260,5.2,horse_stance_hold,1.0,transition,recovery,-0.4783786313298546,0.7717882273040951,0.16408863017708822,0.009868836089041322,-0.6174469103639868,0.719355851160891,0.17880236721364173,-0.012365379312493536,-0.012522334463218378,-0.002483913311357577,0.5925737700962586,0.1278133848175739,0.6062012325495707,-0.6191163071439562,0.7176652645397855,-0.4465842058421701,-0.44746455533906854,0.0001378834909854798,single_right,0,1,0.0,21.51342967116812,332.6609992658953,27.151957280379033,15.216094873394091,0.0610831180723552,0.0,0.0,0.0,protective,0
261,5.22,horse_stance_hold,1.0,transition,recovery,-0.4783643527706194,0.771780148696535,0.1640184991251815,0.010049928958937138,-0.617504631740847,0.7191846812025922,0.17878636049110327,0.004715056258980313,-0.0054163448075689215,0.0004600498567672872,0.23991770679419616,0.10634133801508715,0.2624290117426518,-0.6168681007293368,0.7184534764725354,-0.4464616018302343,-0.4473864708285845,0.0001415588515217836,single_right,0,1,0.0,20.601625176206188,331.4045059085533,26.315409361823225,14.585995823819998,0.061433148480620245,0.0,0.0,0.0,protective,0
262,5.24,horse_stance_hold,1.0,transition,recovery,-0.47808170562976254,0.7719055614732059,0.16377106820986295,0.010126601334037089,-0.6172363619553691,0.7191482083771685,0.1788224138043771,0.02013202375315614,0.0010082122271437733,0.002888670733603189,0.678931832876737,0.1507551306338436,0.6954678591464833,-0.6145182714916462,0.7192843304120722,-0.44635677361775417,-0.44731912062656404,0.00015151694153064943,single_right,0,1,0.0,19.378664967266396,330.9329958125113,25.505693292778176,13.938260513958353,0.06148246050148414,0.0,0.0,0.0,protective,0
263,5.26,horse_stance_hold,1.0,transition,recovery,-0.4775685039521368,0.7721449268365786,0.16337535834887448,0.010142507558425218,-0.6166803929709749,0.7192310228878767,0.17890191294007457,0.033922812733437224,0.006583108672775817,0.004729908507779254,1.1628683813817067,0.21265613698528774,1.1821529110122835,-0.6120993449595937,0.7201200274975799,-0.44624815595023637,-0.44726346638803216,0.0001670064046362385,single_right,0,1,0.0,17.662984728344746,329.48085529627036,24.793143038032785,13.261215959688693,0.06126186501096861,0.0,0.0,0.0,protective,0
264,5.28,horse_stance_hold,1.0,transition,recovery,-0.47685026589513657,0.7724822497728151,0.1628465316293428,0.010163944673795389,-0.6158672456465348,0.7194177733172256,0.1790128220518285,0.045717195020518776,0.01150346847712981,0.006241263019568278,1.5854914008080447,0.2694693229076993,1.608227812850092,-0.6096915321185296,0.7209717209262446,-0.4461739092372962,-0.44721361475479193,0.00018843411862512482,single_right,0,1,0.0,15.694942050439879,329.4359027720432,24.179161139712022,12.610702537949017,0.06080746983609143,0.0,0.0,0.0,protective,0
265,5.3,horse_stance_hold,1.0,transition,recovery,-0.4759732360273923,0.772899803123277,0.16222787766904062,0.010188681560516943,-0.6148447893631729,0.7196940865647522,0.17915236626160755,0.055114737398626816,0.015616766214839295,0.007607020204156047,1.9266981478311629,0.31646416370305375,1.952515126641611,-0.6073967062690351,0.7218045016355631,-0.44614185585285293,-0.4471751082852416,0.00021416176270355747,single_right,0,1,0.0,13.519146769737919,329.2411486176462,23.682206162330907,11.989694271074049,0.06015755531067579,0.0,0.0,0.0,protective,0
266,5.32,horse_stance_hold,1.0,transition,recovery,-0.47497913883971077,0.7733780840273653,0.16154771378868002,0.010229312449565209,-0.6136599454751842,0.7200438021918176,0.17931644743253625,0.062024767992377335,0.0189711909610647,0.00878792365103065,2.182305867479505,0.3511072259566507,2.2103699200257068,-0.6052742187044451,0.7226087005229901,-0.44615870605925756,-0.4471447475442372,0.00024330245517734106,single_right,0,1,0.0,11.217104807597387,329.69650047099714,23.271671734798076,11.420442447132633,0.05934965536846436,0.0,0.0,0.0,protective,0
267,5.34,horse_stance_hold,1.0,transition,recovery,-0.4739199166103487,0.773896544276666,0.16084964102664617,0.010245406663108081,-0.6123699636338712,0.7204517583742098,0.17950562706186385,0.06643165139423098,0.02142675412774605,0.009826841245859133,2.350216346163732,0.3754135578993752,2.3800109691406615,-0.6033836912497997,0.7233501756927228,-0.4462106454887239,-0.4471262391126991,0.0002736666292963985,single_right,0,1,0.0,8.915562714653786,327.92675906455753,23.051702669992387,11.012366255953271,0.05842365192117583,0.0,0.0,0.0,protective,0
268,5.36,horse_stance_hold,1.0,transition,recovery,-0.4728371120608298,0.7744359653491071,0.1601635349277481,0.01024138294458704,-0.6110262831528722,0.7209020139795269,0.17971410330881915,0.0673802210712424,0.023253620232624263,0.010975288271198265,2.404560295791667,0.3802811776802069,2.4344453146857816,-0.6019064055863694,0.7240493792764626,-0.4463807184737537,-0.4471186126542523,0.0003040122066363393,single_right,0,1,0.0,7.076398417672614,328.8440315954229,22.83896021885496,10.723711412290356,0.057421244372473014,0.0,0.0,0.0,protective,0
269,5.38,horse_stance_hold,1.0,transition,recovery,-0.47177127788689943,0.7749737594350503,0.15950390072196333,0.010240919343352861,-0.6096784944788723,0.7213777316814307,0.1799398314024955,0.06720545275256538,0.024157547210013116,0.011390973326175412,2.4111695762527203,0.380108894287203,2.4409468443542486,-0.6005765608956867,0.7246494958200901,-0.4464950697932091,-0.44711253919811805,0.00033338128218246554,single_right,0,1,0.0,5.001937279973677,327.36389553714196,22.78600055687267,10.567939309929399,0.056382634024012314,0.0,0.0,0.0,protective,0
270,5.4,horse_stance_hold,1.0,transition,recovery,-0.47074069535883983,0.7755037353710235,0.1588846972991428,0.0102616803475305,-0.6083556327833901,0.7218652984770898,0.1801701449535291,0.0648148226627057,0.024493326316774835,0.011692795668775121,2.3428186692630866,0.3662419689020571,2.371272337128934,-0.5995718568776716,0.7251846609425522,-0.4466607750300173,-0.44711354372784246,0.0003593797395469167,single_right,0,1,0.0,4.288143052669766,327.94090995043507,22.796938986584863,10.254163512975367,0.0553448937014638,0.0,0.0,0.0,protective,0
271,5.42,horse_stance_hold,1.0,transition,recovery,-0.4697821605893096,0.7760172336542713,0.15833123958499953,0.010327073280740173,-0.6070858478281824,0.722354008724558,0.18039481925759474,0.06293043974697103,0.024256835670326247,0.010207012955704604,2.274251436287134,0.340766457792679,2.2996394009084686,nan,nan,-999.0,-999.0,0.0,no_contact,0,0,0.0,0.0,323.04999191947434,22.95296505889325,10.102177143620874,0.05434160401269586,0.0,0.0,0.0,protective,0
272,5.44,horse_stance_hold,1.0,transition,recovery,-0.46891270159065906,0.7765119456787077,0.15785408357937813,0.010603704859978746,-0.605879463151112,0.7228207330871743,0.18059436544538474,0.05827502898714567,0.022545951067149298,0.009598841951377614,2.107739524917101,0.312969290610602,2.130848582551813,-0.5979726751849184,0.7258797801212555,-0.44652956867983584,-0.4469200887497666,0.00040769138399543436,single_right,0,1,0.0,4.590474641732262,329.9117901794199,23.144539462401063,10.097103008465448,0.05340918583184297,0.0,0.0,0.0,protective,0
273,5.46,horse_stance_hold,1.0,transition,recovery,-0.4681525775121953,0.776975517842787,0.1574507107956483,0.010735202964398394,-0.6047855460166743,0.723256697076018,0.18078050243003052,0.050961993381737604,0.020950143818709188,0.009670460994241459,1.8651832034210887,0.28306584989422484,1.8865403938692895,-0.597867432276204,0.7261006886116588,-0.44663114247177066,-0.4468495030397539,0.0004264192845625514,single_right,0,1,0.0,5.869059869074063,330.87553339227077,23.116812311024034,10.021989145924149,0.052566649955263244,0.0,0.0,0.0,protective,0
274,5.48,horse_stance_hold,1.0,transition,recovery,-0.4675078732048021,0.7773810080158645,0.15709161470415245,0.010540453493557422,-0.603860672032419,0.7236611049956757,0.1809776066865985,0.043202560744017085,0.019684324152580233,0.009075607343865533,1.611553858644066,0.25023704436484306,1.6308661556617794,nan,nan,-999.0,-999.0,0.0,no_contact,0,0,0.0,0.0,322.0363938068124,23.301623398536282,10.04461141838225,0.0517978763820577,0.0,0.0,0.0,protective,0
275,5.5,horse_stance_hold,1.0,transition,recovery,-0.4669598488118754,0.7777298711416889,0.15678170843255781,0.010261542584154737,-0.6030796975887008,0.724029779432174,0.181141858680872,0.03565294663771029,0.017419368298410825,0.007516987649164684,1.3465331536752738,0.20834207764049908,1.3625556705185438,nan,nan,-999.0,-999.0,0.0,no_contact,0,0,0.0,0.0,322.9323126230514,23.435893533298294,10.041139452959765,0.05113179055360615,0.0,0.0,0.0,protective,0
276,5.5200000000000005,horse_stance_hold,1.0,transition,recovery,-0.46650835480310526,0.7780176046350034,0.15652318931476505,0.009953649541128429,-0.6024494900636811,0.7243528131055695,0.18127807976492225,0.028141012780605632,0.01511305931790817,0.006293921897551918,1.0854754591228792,0.171036503970805,1.0988678073583649,-0.5986240811472187,0.7264072392316113,-0.44732117805043237,-0.44702829566281943,0.00043158762687423025,single_right,0,1,0.0,2.006234343560472,325.509043800371,23.557667138741387,10.058232641645073,0.05056414854905846,0.0,0.0,0.0,protective,0
277,5.54,horse_stance_hold,1.0,transition,recovery,-0.4661458255421428,0.7782480843856434,0.15631422862266703,0.009616831820274618,-0.6019646803157169,0.7246300775970391,0.18138903505627627,0.020974731215210252,0.012789437328785512,0.005022849328623714,0.8360174664145897,0.13471726873598042,0.8468021886166521,-0.5991125628002666,0.7263691691660281,-0.44749121447246326,-0.44708641101841934,0.000433098028540857,single_right,0,1,0.0,1.1244319950840878,324.9782427292482,23.699656537500072,10.107529007927711,0.05009204351657503,0.0,0.0,0.0,protective,0
278,5.5600000000000005,horse_stance_hold,1.0,transition,recovery,-0.4658725611668299,0.778422915009142,0.15615917044905342,0.009278380294934274,-0.6016176602704526,0.7248595128468902,0.18147240914600832,0.01440778155364623,0.010346738593304056,0.0035411232513174475,0.6030773221288305,0.10057823040037549,0.6114067687690022,nan,nan,-999.0,-999.0,0.0,no_contact,0,0,0.0,0.6203551064735838,324.68422384074427,23.850226259846913,10.16593044526946,0.049715502752224576,0.0,0.0,0.0,protective,0
279,5.58,horse_stance_hold,1.0,transition,recovery,-0.46568378595702004,0.7785441371164672,0.1560557604996027,0.008979699031321509,-0.6013964333805771,0.7250392453524265,0.1815269464496766,0.008400682795272452,0.007853863994783605,0.0020852335360820548,0.3896820054053122,0.0715358637471152,0.3961936964904308,nan,nan,-999.0,-999.0,0.0,no_contact,0,0,0.0,0.4123673948517058,324.8095697060628,24.002734447831468,10.221603161399864,0.0494315214788779,0.0,0.0,0.0,protective,0
280,5.6000000000000005,horse_stance_hold,1.0,transition,recovery,-0.4655765704172288,0.7786132615683087,0.15600353951527796,0.008743054514491533,-0.6012900711695283,0.7251690113969533,0.18155398092188038,0.0028765761739565905,0.005374981137100133,0.000757057512008593,0.20481951953923047,0.05202017840218804,0.21132234748193737,nan,nan,-999.0,-999.0,0.0,no_contact,0,0,0.0,0.4475729550277936,325.111667556149,24.152113447414642,10.27367016169305,0.049235975373250807,0.0,0.0,0.0,protective,0
281,5.62,horse_stance_hold,1.0,transition,recovery,-0.4655477207620037,0.7786315761501923,0.15600152952451105,0.008584460421771856,-0.6012886768593264,0.7252486399640138,0.18155577342630627,-0.002142692301454056,0.0028313835357246485,-0.00043315886889005534,0.11926387779079939,0.049118119331266384,0.12898241039901237,nan,nan,-999.0,-999.0,0.0,no_contact,0,0,0.0,0.49972061169619364,325.2800303286733,24.308841186924546,10.319419785529078,0.04912399766759103,0.0,0.0,0.0,protective,0
282,5.64,horse_stance_hold,1.0,transition,recovery,-0.4655932682474057,0.7786006853555172,0.1560478762351066,0.008520377381130761,-0.6013820753819865,0.7252772577218984,0.18153415184870936,-0.006656367252952004,0.00027782007489281197,-0.001592382212795419,0.22838095791320515,0.06159357600102962,0.2365409701128914,nan,nan,-999.0,-999.0,0.0,no_contact,0,0,0.0,0.6306224225188192,325.45470530086766,24.459749546922815,10.36496732673681,0.049090863373863466,0.0,0.0,0.0,protective,0
283,5.66,horse_stance_hold,1.0,transition,recovery,-0.4657086527093317,0.7785227771447208,0.15614014155985712,0.008565022651374321,-0.60155959239908,0.7252546587284537,0.18149104167093807,-0.01061507974428334,-0.002272360777424339,-0.002620512843298098,0.3723335802141921,0.07940179335675272,0.38070584411509456,nan,nan,-999.0,-999.0,0.0,no_contact,0,0,0.0,0.8546811243335007,325.57867255669726,24.611175494690297,10.543281755388552,0.049131554345206004,0.0,0.0,0.0,protective,0
284,5.68,horse_stance_hold,1.0,transition,recovery,-0.4658887764204452,0.7784007487999827,0.15627514076133928,0.00872799869139862,-0.6018105144963807,0.7251820777168689,0.18142805101150894,-0.014044031785508624,-0.004721227735623543,-0.003584722232284263,0.5082474670624771,0.09812311112819391,0.5176327199017655,-0.6037204096101247,0.7245400220792247,-0.4474125699225564,-0.44720836731956887,0.00043293691937651424,single_right,0,1,0.0,1.1124961644377844,325.5976055877295,24.77058168429305,10.761741819130823,0.049241157692845816,0.0,0.0,0.0,protective,0
285,5.7,horse_stance_hold,1.0,transition,recovery,-0.46612778631351165,0.7782387059838098,0.1564490793257966,0.00901240746663895,-0.6021242022978014,0.7250623523833514,0.18134643038857037,-0.01694899147339379,-0.006952308694324609,-0.004482298839782183,0.628808909935886,0.11599801925873852,0.6394186310131321,-0.6044286341167138,0.7241170972396898,-0.4472796019442595,-0.44718909047629135,0.00043100735851514527,single_right,0,1,0.0,1.4451191635578038,325.64300523474566,24.938939991804634,10.985266986225879,0.04941501182084201,0.0,0.0,0.0,protective,0
286,5.72,horse_stance_hold,1.0,transition,recovery,-0.4664187078316992,0.7780430267603893,0.15665758549821548,0.009389948773836865,-0.6024917771499843,0.724901336924098,0.1812479658191668,-0.01950620420764418,-0.008932296041864313,-0.005268699570077459,0.7365579051270591,0.13262506134365173,0.7484029359252735,-0.6051431745943036,0.7236872069659988,-0.4471460443378726,-0.44715768916253046,0.00042907449401946574,single_right,0,1,0.0,1.9272834932620353,325.83650862625836,25.09387394880393,11.21661996156572,0.04964791332118296,0.0,0.0,0.0,protective,0
287,5.74,horse_stance_hold,1.0,transition,recovery,-0.46675728527015975,0.7778151053914973,0.15689589762503345,0.009862482011229357,-0.6029074679873895,0.7247021768518741,0.18113472083632842,-0.021783958074518425,-0.010768171497864682,-0.005975129042915194,0.8343260317870942,0.14802896622173184,0.8473561837611583,-0.6058675458966843,0.7232389612844693,-0.44700347391538264,-0.4471151557335395,0.0004271013396309198,single_right,0,1,0.0,2.457840810507888,325.946483832201,25.14654035804586,11.434247613558403,0.04993293915124104,0.0,0.0,0.0,protective,0
288,5.76,horse_stance_hold,1.0,transition,recovery,-0.4671226669435996,0.7775668661054411,0.1571529087243721,0.010418387273196716,-0.6033524202557601,0.724475448935054,0.18102422101105156,-0.022472878140926408,-0.01173109294491344,-0.005393683594201955,0.8641343632129745,0.14857575555027894,0.8768140925092555,-0.6064051793718026,0.7228818746405578,-0.4468634288053205,-0.44705614661288323,0.0004253503479755283,single_right,0,1,0.0,3.16061507984311,327.04389506557374,25.14623823206454,11.61866010362259,0.05025595576562918,0.0,0.0,0.0,protective,0
289,5.78,horse_stance_hold,1.0,transition,recovery,-0.4674864443144059,0.77731674060598,0.15740854893978162,0.011011806700725935,-0.6038010591403421,0.7242356007283111,0.18092153614750753,-0.022178752425435096,-0.012039469605908215,-0.004681590069463148,0.8557464926943654,0.14188354386049445,0.867428959498771,-0.6068130090333119,0.722600599872747,-0.446736263861129,-0.446983834274865,0.0004223316614516137,single_right,0,1,0.0,4.996257007450703,328.3082448484229,25.14058337373234,11.7618428469629,0.05060352340740989,0.0,0.0,0.0,protective,0
290,5.8,horse_stance_hold,1.0,transition,recovery,-0.46782975984712444,0.7770812380784274,0.15764513927276028,0.011568657166267815,-0.6042322231388324,0.7239969498329085,0.18083123865369158,-0.02097935696205961,-0.011802240068619766,-0.004469020490836364,0.8162783410723419,0.13373416565125706,0.8271609016184532,-0.6070805799848933,0.7223945655768466,-0.44662811415905607,-0.4469133576485065,0.000414807477549739,single_right,0,1,0.0,5.191843168327907,327.1234898832268,25.147236412125437,11.872299299970061,0.050959323996538325,0.0,0.0,0.0,protective,0
291,5.82,horse_stance_hold,1.0,transition,recovery,-0.46814849105126766,0.7768649377458886,0.15786156098179138,0.0120819062137697,-0.6046358137719847,0.7237657166073668,0.18074255990282137,-0.019495540204021593,-0.011331339557411214,-0.0043790038581094926,0.7658678907301255,0.12546899944254575,0.7760773775033808,-0.6072820644629038,0.7222276435496809,-0.4465458511817053,-0.4468561105294662,0.00040681640907908045,single_right,0,1,0.0,5.954384664395318,327.3863898595584,25.129077886378184,11.956845767844644,0.051317164267526104,0.0,0.0,0.0,protective,0
292,5.84,horse_stance_hold,1.0,transition,recovery,-0.46844242693647054,0.7766680983070419,0.1580587440260969,0.012550633662102795,-0.6050079891765314,0.7235461792764167,0.18065814208808692,-0.017859611602264517,-0.010654156941346431,-0.004058039272461585,0.7064424440581527,0.11541860661469958,0.7158089001400688,-0.6074316189333643,0.7221003621796026,-0.4464940648975553,-0.4468125360341002,0.00039908048331555035,single_right,0,1,0.0,6.789089985701368,327.7748546490956,25.083100541314725,12.017384875309459,0.05166453215584293,0.0,0.0,0.0,protective,0
293,5.86,horse_stance_hold,1.0,transition,recovery,-0.4687099472913528,0.7764916891149887,0.15823649203624346,0.012968624236626702,-0.6053458934415772,0.7233424095940251,0.1805822333680895,-0.016082907952386816,-0.009777449483668049,-0.003565670974046725,0.6387004258823048,0.10376637967082959,0.6470747217842993,-0.6075279579354594,0.7220158444341547,-0.4464693700986251,-0.4467792812380334,0.0003918142388859014,single_right,0,1,0.0,7.5415261201163695,327.96430521488867,24.99784955728576,12.054781058090887,0.051990987335398725,0.0,0.0,0.0,protective,0
294,5.88,horse_stance_hold,1.0,transition,recovery,-0.46894733591266324,0.7763373532844606,0.1583925348608863,0.013330662022477568,-0.6056458731022691,0.7231583531269107,0.18051773393015336,-0.013866533523747329,-0.00865693702556897,-0.0027566657579798886,0.5527218428308907,0.08878413505140711,0.5598071616004947,-0.6075268927799555,0.7219840243831263,-0.4464575331887386,-0.44675322397614153,0.0003852722076532755,single_right,0,1,0.0,8.265150179076542,329.8713539579091,24.905750513452528,12.046167858932945,0.05228909473000219,0.0,0.0,0.0,protective,0
295,5.9,horse_stance_hold,1.0,transition,recovery,-0.4691245447234866,0.7762176423855051,0.158506545729545,0.013669893952337697,-0.6058817742207221,0.7230026652471464,0.18047064169005422,-0.010178369150045984,-0.007015858890113696,-0.0021948607633291255,0.4186124621267227,0.06951933001177969,0.42434576785103395,-0.6072623078025716,0.722051075787132,-0.44641710689427716,-0.4467161313148825,0.00038379644556924,single_right,0,1,0.0,7.633766557271302,327.58102557246406,24.8481638607817,11.99073091919812,0.05255062897430727,0.0,0.0,0.0,protective,0
296,5.92,horse_stance_hold,1.0,transition,recovery,-0.4692391518216511,0.776136256864664,0.15858062698336306,0.013922634945184864,-0.6060483480176178,0.7228802553452074,0.180430870457235,-0.006853914001665558,-0.005411721018097405,-0.0017915479710972652,0.297227456051379,0.05204069740294607,0.30174889364662044,-0.6069778697954711,0.7221463225090549,-0.44639441274659125,-0.4466808965989178,0.00038351872743813686,single_right,0,1,0.0,7.689346255940966,327.89695499037936,24.759729785977363,11.91742662989155,0.05277030216543154,0.0,0.0,0.0,protective,0
297,5.94,horse_stance_hold,1.0,transition,recovery,-0.4693030862045573,0.7760855412657013,0.15862087651285736,0.014110461081314363,-0.6061514520623418,0.7227886155494523,0.1804013797979195,-0.0038121624270056735,-0.003909881130601371,-0.0011854206261428912,0.1863080071114622,0.03651740016017393,0.189853085379993,-0.6066684119191318,0.7222584042512602,-0.4463833121833168,-0.4466539980378518,0.00038357171056763173,single_right,0,1,0.0,7.727164064730824,328.2207002269813,24.654980373083138,11.831129945576611,0.05293921562470049,0.0,0.0,0.0,protective,0
298,5.96,horse_stance_hold,1.0,transition,recovery,-0.4693237491577059,0.776062902235674,0.15863368881199488,0.014234848081462137,-0.6061971955797104,0.7227263853561169,0.18038543948625754,-0.0010856987865641896,-0.002469844250833216,-0.0004795399523764548,0.0913622186868623,0.02563480223300885,0.09489045309677642,-0.6063444185542718,0.7223914694274903,-0.44638991650513754,-0.4466347049889077,0.00038418211915852707,single_right,0,1,0.0,7.654267950866819,328.2375561120645,24.544869775416213,11.735361590891852,0.05305507560076754,0.0,0.0,0.0,protective,0
299,5.98,horse_stance_hold,1.0,transition,recovery,-0.4693064834797974,0.7760654504489192,0.15862295024560646,0.014300334696366768,-0.6061917675389319,0.7226920482188935,0.18038312713709742,0.0013365714011200217,-0.0011146113918931665,0.00016598619907176522,0.05828822263432405,0.02311425290868326,0.0627039519121012,-0.6060105268867354,0.722540905604707,-0.446409425320101,-0.44662169031785603,0.00038548891674866637,single_right,0,1,0.0,7.479029008546616,328.0668899289884,24.469941910635708,11.635949379999593,0.053119695933854454,0.0,0.0,0.0,protective,0
