step,t,motion_id,phase,phase_label,mode,base_x,base_y,base_z,upright_cos,com_x,com_y,com_z,com_vx,com_vy,com_vz,lin_momentum_norm,ang_momentum_norm,momentum_norm,cp_x,cp_y,cp_margin,com_margin,support_area,support_mode,contact_left,contact_right,grf_left,grf_right,grf_total,torque_norm,torque_max,tracking_err_rms,head_force,torso_force,push_force,arm,seed
0,0.0,horse_stance_hold,0.0,transition,nominal,0.0028579987691578785,1.0371512553768548e-05,0.7754281258656032,0.9999682222762024,0.021578626937179664,0.00010528226912702852,0.6816920700518175,0.005565958965903974,0.00014190993277394146,-1.3366361876247127e-05,0.18563626997900998,0.046298741638296934,0.19132275925516454,0.023045861732014877,0.00014269095150757431,0.07128640823726459,0.0698191734583037,0.04965071613412247,double,1,1,163.6427764265791,163.33306560657186,326.975842033151,11.720257122596607,7.592852428479564,0.00902208596594895,0.0,0.0,0.0,tracking_only,0
1,0.02,horse_stance_hold,0.004347826086956522,transition,nominal,0.0029744920349706965,1.3843464915249785e-05,0.7754328568155521,0.9999699288571158,0.02169486556797744,0.0001080470068718648,0.6816912492260826,0.005997968283176297,0.00013477034529565973,-5.996727132119066e-05,0.2000395798557237,0.04139076993947104,0.20427684485774858,0.02327598079340452,0.00014357361101892597,0.07151814092101817,0.06993702570869169,0.04965159279825144,double,1,1,163.67221480120293,163.34516179806718,327.01737659927005,11.726411370693235,7.578228327246956,0.009001117538681186,0.0,0.0,0.0,tracking_only,0
2,0.04,horse_stance_hold,0.008695652173913044,transition,nominal,0.0031064310781135284,1.7089019210124257e-05,0.7754310875286218,0.9999716502133222,0.021819739993632934,0.00011063687523563027,0.681685195299929,0.006398627565199901,0.00012477686174477946,-0.00036945409351673577,0.21373336507164264,0.03622778482580139,0.2167819266872417,0.023506464908525877,0.00014352896644777077,0.07175018995370336,0.07006346502294168,0.049652572190949706,double,1,1,163.70141448000277,163.35800318868212,327.0594176686849,11.751818136876532,7.5744619041926455,0.00888722632697407,0.0,0.0,0.0,tracking_only,0
3,0.06,horse_stance_hold,0.013043478260869566,transition,nominal,0.0032422833879753384,2.0025249986036343e-05,0.7754109204791684,0.9999735235053476,0.02195356769916905,0.00011299981769820391,0.6816648923188244,0.006822603059554503,0.00011238865332124458,-0.0011411497090550295,0.23066376135806746,0.029712021978808692,0.2325695058556059,0.023752028865139642,0.00014262584558369376,0.07199776466089448,0.07019930348179004,0.0496539228071812,double,1,1,163.8282028459876,163.4699832265097,327.2981860724973,11.813515023674302,7.5908648461984525,0.008727192971707992,0.0,0.0,0.0,tracking_only,0
4,0.08,horse_stance_hold,0.017391304347826087,transition,nominal,0.0033728800551098403,2.2588025890593148e-05,0.7753631727465488,0.9999754655872881,0.022096404472284736,0.00011509320982044024,0.6816231258102372,0.007230052746042442,9.809094943713208e-05,-0.0021822868986598725,0.2518209039176613,0.0224719389605111,0.25282158865601834,0.024002212360788103,0.0001409495226018925,0.07225045866236875,0.0703446507635375,0.0496558572763908,double,1,1,164.12247472610687,163.75136708323626,327.87384180934316,11.909207793586933,7.623133752313748,0.008559771365156729,0.0,0.0,0.0,tracking_only,0
5,0.1,horse_stance_hold,0.02173913043478261,transition,nominal,0.0034927757087654912,2.4732706942083167e-05,0.7752835379322123,0.9999773927880266,0.022247464155423294,0.00011688441261908955,0.6815564444767377,0.00758234757155229,8.23907837908639e-05,-0.0033297557787434692,0.27612033260178526,0.015117294047535205,0.27653385083103327,0.024246037537815728,0.00013860117327731402,0.07249735118595982,0.07049877779596224,0.04965863680208789,double,1,1,164.51898506968405,164.13721528171845,328.65620035140256,12.036396800439567,7.666163344224487,0.008410394541813132,0.0,0.0,0.0,tracking_only,0
6,0.12,horse_stance_hold,0.026086956521739132,transition,nominal,0.003598374117091818,2.6434235251053424e-05,0.7751706312193389,0.9999792662257143,0.022405367284665943,0.00011835092404141019,0.6814637403343624,0.007857931487551838,6.579037163884569e-05,-0.004502881053111709,0.30196723418662036,0.007959607717751772,0.30207212032449754,0.024476438871290897,0.0001356909287984586,0.07273144513182393,0.07066037354009203,0.049662500115264074,double,1,1,164.95500435503803,164.56506498760768,329.5200693426456,12.196707914763518,7.7168212641546425,0.008296906327447935,0.0,0.0,0.0,tracking_only,0
7,0.14,horse_stance_hold,0.030434782608695657,transition,nominal,0.003686831404125538,2.7685439856201016e-05,0.7750242213932477,0.99998107518164,0.022568480166336478,0.00011948000627538467,0.6813448433492568,0.008050828276653354,4.8763131706176266e-05,-0.005677330258837818,0.32845728302778077,0.0010615679950948052,0.3284589985075761,0.02469020737767813,0.0001323311142478726,0.07294963667655643,0.07082790946224639,0.049667665975323745,double,1,1,165.39654940272771,165.00114384987558,330.3976932526033,12.395695979678733,7.773856275169259,0.008233776288560223,0.0,0.0,0.0,tracking_only,0
8,0.16,horse_stance_hold,0.034782608695652174,transition,nominal,0.0037557245210621585,2.8494290211891433e-05,0.7748442967277819,0.9999828160305386,0.022735162720891964,0.00012026792686366303,0.6811997555251381,0.008164627780354908,3.173838595265553e-05,-0.006853809312582328,0.35541853844372884,0.00574194450633876,0.3554649172509015,0.024886651712851725,0.00012863141750116768,0.07315136437604534,0.07099987538276303,0.04967433669240171,double,1,1,165.8313828358011,165.4333494992433,331.2647323350444,12.64136711539425,7.837145245824631,0.008233873949584837,0.0,0.0,0.0,tracking_only,0
9,0.18,horse_stance_hold,0.0391304347826087,transition,nominal,0.003803042062066474,2.888077270871997e-05,0.7746307333216362,0.9999844816461161,0.022903894580009073,0.00012071898133583614,0.681028375288759,0.008206771887809775,1.5093669368889487e-05,-0.00803967536366501,0.3830427287961425,0.012549293701542395,0.383248244426511,0.025066217053639456,0.0001246958654179166,0.07333720889123944,0.07117488641731182,0.04968270103352428,double,1,1,166.25763745288938,165.85986165886567,332.1174991117551,12.942711857853988,7.907066484277373,0.008308546282566593,0.0,0.0,0.0,tracking_only,0
10,0.2,horse_stance_hold,0.04347826086956522,transition,nominal,0.003827212844630477,2.887382808890305e-05,0.7743832464559248,0.9999860598214215,0.0230733070450941,0.00012084442159916865,0.6808304583006768,0.008184753705061259,-8.478840780636255e-07,-0.009241672238948001,0.4115959589594407,0.01954759122862195,0.41205987641917147,0.025229514780640575,0.00012062105333741669,0.07350790783455292,0.07135170009900198,0.04969293623308806,double,1,1,166.67667357006343,166.28199701249616,332.9586705825596,13.30858770805027,7.984143947045405,0.00846689309345518,0.0,0.0,0.0,tracking_only,0
11,0.22,horse_stance_hold,0.04782608695652174,transition,nominal,0.0038270723141046433,2.8508589444192853e-05,0.7741014294263031,0.9999875358526017,0.023242160440606733,0.00012066136923753873,0.6806056534374976,0.008104195200576514,-1.5816988566737946e-05,-0.010464303262338664,0.4412884643481946,0.02686055044401247,0.44210518876953153,0.02537679317732141,0.0001164951984142596,0.07366381847257215,0.0715291857353304,0.049705209332153305,double,1,1,167.0901006539783,166.70123611362408,333.7913367676024,13.74693610606799,8.068888322329784,0.008714955173872989,0.0,0.0,0.0,tracking_only,0
12,0.24,horse_stance_hold,0.052173913043478265,transition,nominal,0.003801768944430811,2.782403399487445e-05,0.7737847993926834,0.9999888957568545,0.023409298405690806,0.00012019176351806116,0.6803535460161468,0.007968229521004082,-2.9595636293483303e-05,-0.011710131975178756,0.47224611587213383,0.03456898913126748,0.4735096714597016,0.0255077292339297,0.00011239776167412766,0.07380470707129728,0.07170627624115285,0.04971967811912847,double,1,1,167.49898914281752,167.1184454830577,334.6174346258752,14.26426431683027,8.161741863016054,0.009055270525786226,0.0,0.0,0.0,tracking_only,0
13,0.26,horse_stance_hold,0.05652173913043479,transition,nominal,0.0037506449031464977,2.686108777543877e-05,0.7734328298932218,0.9999901285423732,0.02357359885018447,0.00011946137586888532,0.6800736900860569,0.007777629725692552,-4.201325764422784e-05,-0.012980403909727867,0.5045255983265524,0.04271307565640526,0.5063304120816717,0.0256214139770559,0.00010839947300549906,0.07392973517952477,0.07188192004852473,0.049736491843418315,double,1,1,167.9038571434503,167.5338774360823,335.4377345795326,14.865348913958922,8.263068531914843,0.009486974068479098,0.0,0.0,0.0,tracking_only,0
14,0.28,horse_stance_hold,0.060869565217391314,transition,nominal,0.0036731223964286386,2.5661176549346266e-05,0.7730449708093643,0.9999912272209356,0.023733931938368296,0.00011849890966579297,0.6797656295009792,0.007531295017938637,-5.2942193293802556e-05,-0.014275535008205617,0.5381410161867212,0.051300326009698756,0.5405806847744176,0.025716439066426223,0.00010456262442799707,0.07403754886928078,0.07205504173409395,0.04975579178804604,double,1,1,168.30481099312686,167.94732514304854,336.2521361361754,15.553134225294345,8.373161578662266,0.010006368726915994,0.0,0.0,0.0,tracking_only,0
15,0.3,horse_stance_hold,0.06521739130434782,transition,nominal,0.0035686141724195876,2.426518529325351e-05,0.7726206604608693,0.9999921888090404,0.02388912944575504,0.00011733519364327999,0.6794289111480927,0.007226858650794917,-6.229295908560757e-05,-0.015595428860643619,0.5730883274403626,0.060315050891315336,0.5762535348372401,0.025791026773998527,0.00010094151304455036,0.07412641194050107,0.07222451460147339,0.04977771174545271,double,1,1,168.7016632783726,168.3582554467779,337.0599187251504,16.328794393573318,8.492257016673122,0.010607750360074355,0.0,0.0,0.0,tracking_only,0
16,0.32,horse_stance_hold,0.06956521739130435,transition,nominal,0.0034364648473118654,2.2712767750843222e-05,0.7721593334566874,0.9999930136874942,0.024037966319045753,0.0001160024687820898,0.6790630932261434,0.006861283836070955,-7.00096759962046e-05,-0.016939671753820305,0.6093631620909452,0.0697272544143463,0.6133395090173456,0.025843168898887322,9.758293524555093e-05,0.0741943480081582,0.07238914541339256,0.04980237842303282,double,1,1,169.0940114468655,168.76590175362065,337.85991320048623,17.191915659616036,8.620548284400556,0.011284253150712258,0.0,0.0,0.0,tracking_only,0
17,0.34,horse_stance_hold,0.07391304347826089,transition,nominal,0.0032759219595873026,2.1041935732734228e-05,0.7716604264605841,0.9999937046295952,0.024179153333141273,0.00011453376239658735,0.6786677505155907,0.006431376491797375,-7.606591629127026e-05,-0.018307647092171222,0.6469713788182809,0.07950003947097184,0.651837572778613,0.025870754735193312,9.4526659591955e-05,0.0742392712514529,0.0725476698300601,0.04982991179456589,double,1,1,169.4812919096814,169.16933126999066,338.6506231796721,18.140749003587832,8.758199897017125,0.012028555854363854,0.0,0.0,0.0,tracking_only,0
18,0.36,horse_stance_hold,0.0782608695652174,transition,nominal,0.003086131566642996,1.9288854307146485e-05,0.7711233830953326,0.9999942657022783,0.024311338770642704,0.00011296233943760482,0.6782424779458806,0.005934182447996613,-8.046109904014165e-05,-0.01969859418736953,0.6859332132424223,0.08959516094521036,0.6917598325241735,0.02587167748435804,9.180583323297989e-05,0.07425909505843876,0.0726987563209207,0.049860425405078346,double,1,1,169.86282083243046,169.56749734250303,339.4303181749335,19.172486697302894,8.905358930187258,0.012833385107548716,0.0,0.0,0.0,tracking_only,0
19,0.38,horse_stance_hold,0.08260869565217392,transition,nominal,0.0028661516460107995,1.7487772499398685e-05,0.7705476587014708,0.999994701149945,0.024433116694476238,0.00011132121950887328,0.6777868933784247,0.005367261786270248,-8.321746730270897e-05,-0.021111627358923888,0.7262824522935536,0.09997671689438413,0.7331313282287955,0.025843914767828685,8.944730181768566e-05,0.07425181417490934,0.07284101607348697,0.049894026630053274,double,1,1,170.23782652408255,169.95928154919858,340.1971080732812,20.283527252335393,9.75080338703928,0.013691823190231133,0.0,0.0,0.0,tracking_only,0
20,0.4,horse_stance_hold,0.08695652173913045,transition,nominal,0.002614976569520083,1.5671027816470247e-05,0.7699327253772377,0.9999950143033112,0.02454303942819649,0.00010964274833914664,0.6773006402539147,0.004728849182419073,-8.437760248436734e-05,-0.022545727483924423,0.7680622265125936,0.11061317829683069,0.7759863781075085,0.025785583216631845,8.747184336721324e-05,0.07421556035878953,0.07297301653844554,0.04993081688623363,double,1,1,170.60547540332257,170.34352742058527,340.94900282390785,21.469706905103134,10.698495251684635,0.014597462158466922,0.0,0.0,0.0,tracking_only,0
21,0.42,horse_stance_hold,0.09130434782608696,transition,nominal,0.002331566795107617,1.3869074904952338e-05,0.7692780775381389,0.9999952065147402,0.024639632151841742,0.00010795821395115083,0.6767833905350737,0.0040179187738897835,-8.400238015056643e-05,-0.02399971613235504,0.8113189285136138,0.121478073595869,0.8203629234241646,0.02569496995448964,8.58943315597533e-05,0.07414863442622589,0.07309329658847241,0.04997089179055614,double,1,1,170.96489274243638,170.71906701983391,341.6839597622703,22.726488132758437,11.675008298503277,0.015544453108538142,0.0,0.0,0.0,tracking_only,0
22,0.44,horse_stance_hold,0.09565217391304348,transition,nominal,0.0020148792088010656,1.2110502131350469e-05,0.7685832381004893,0.9999952761015952,0.024721407949419353,0.00010629750002326674,0.6762348481943411,0.003234176612478619,-8.216924429585815e-05,-0.025472220710066034,0.8560955363182898,0.13254968911459294,0.8662961314634134,0.025570545413096495,8.472385329524232e-05,0.07404951922207326,0.07320038172091659,0.05001434126526305,double,1,1,171.31517928535098,171.08474160599258,342.3999208913435,24.049104680762184,12.677818258713733,0.016527492088732283,0.0,0.0,0.0,tracking_only,0
23,0.46,horse_stance_hold,0.1,transition,nominal,0.0016638949440614694,1.0422013327145583e-05,0.7678477652957587,0.9999952172737041,0.024786882118281988,0.00010468877150943151,0.6756547533490421,0.002378004397286247,-7.897067019660528e-05,-0.02696163728590786,0.9024253130358575,0.14381013904590367,0.913812235473058,0.02541096255369281,8.396380973172232e-05,0.07391687869148407,0.07329279821718321,0.05006124958997926,double,1,1,171.6554247948185,171.4394176261693,343.0948424209878,25.432667892534294,13.704335119301795,0.01754177276976205,0.0,0.0,0.0,tracking_only,0
24,0.48,horse_stance_hold,0.10434782608695653,transition,nominal,0.001277642809498908,8.828364212748935e-06,0.7670712600536506,0.9999950190246444,0.02483458500544493,0.0001031581901040391,0.6750428870345216,0.0014503760657347074,-7.451269515854803e-05,-0.02846609605836509,0.9503265239408357,0.15524411598514645,0.9629232771376345,0.02521504745822061,8.361203001997334e-05,0.07374954811491981,0.07336908562290104,0.05011169540461714,double,1,1,171.9847194764228,171.7819992112776,343.76671868770046,26.872241449135217,14.751909446017839,0.01858292545991597,0.0,0.0,0.0,tracking_only,0
25,0.5,horse_stance_hold,0.10869565217391305,transition,nominal,0.0008552175514029176,7.3522533218725094e-06,0.7662533738463994,0.9999946639748946,0.024863073028161754,0.00010172965934260161,0.6743990765268122,0.0004527650195002432,-6.891341702202448e-05,-0.029983432813769858,0.9997985017108761,0.16683757005532776,1.0136231147745594,0.024981785636069405,8.366092368024406e-05,0.07354651993997562,0.0734278072935748,0.05016575166972212,double,1,1,172.30216407007367,172.11143820334064,344.41360227341437,28.36289194797319,15.817839312684656,0.019646954086899704,0.0,0.0,0.0,tracking_only,0
26,0.52,horse_stance_hold,0.11304347826086958,transition,nominal,0.00039579300902397793,6.014175154275433e-06,0.7653938168607386,0.9999941271647871,0.024870937842535114,0.0001004246008380521,0.6737232010774465,-0.0006129448023254643,-6.230138768659139e-05,-0.031511168310317694,1.0508191319695184,0.1785764943536745,1.0658848026165022,0.0247103074891938,8.409769198788556e-05,0.07330692872396252,0.07346755904066193,0.05022348559287594,double,1,1,172.6068792136404,172.4267425497083,345.0336217633487,29.899721972330187,16.89937777259715,0.02073017738441679,0.0,0.0,0.0,tracking_only,0
27,0.54,horse_stance_hold,0.1173913043478261,transition,nominal,-0.0001013692206305523,4.832248653431264e-06,0.7644923663538914,0.9999933748046728,0.024856813837640067,9.926176427593964e-05,0.6730151978996727,-0.0017445353928141922,-5.481385910982668e-05,-0.0330464963360226,1.1033436425326035,0.19044592652796327,1.119659253723296,0.024399875374337274,8.490461184870449e-05,0.07303003767937222,0.07348697610894134,0.05028495853086967,double,1,1,172.89801448597865,172.72698368249337,345.624998168472,31.477432218950746,17.99332940748532,0.021829177158353075,0.0,0.0,0.0,tracking_only,0
28,0.56,horse_stance_hold,0.12173913043478263,transition,nominal,-0.0006369297654776416,3.822484683217538e-06,0.763548928767199,0.9999923632726715,0.02481936583184566,9.82555600381486e-05,0.6722751190880923,-0.0029406817597457083,-4.664694670574706e-05,-0.03458488329896554,1.157261356015332,0.20242148885676792,1.1748311816075685,0.02404954963703596,8.604425057104923e-05,0.07271494018611743,0.07348475635096505,0.05035030628909917,double,1,1,173.17169014352282,173.0081774913096,346.17986763483236,33.08971021125182,19.09540865851458,0.022940632913517122,0.0,0.0,0.0,tracking_only,0
29,0.58,horse_stance_hold,0.12608695652173912,transition,nominal,-0.0012115184311004927,3.001852807619018e-06,0.7625636309959631,0.9999910387184636,0.024757249930209814,9.741661881480423e-05,0.6715032149680186,-0.004202250664426734,-3.796013903131147e-05,-0.03611995568494095,1.2124040185887346,0.21446497454044916,1.2312265143322523,0.023657810017565048,8.748506182943299e-05,0.07236024026515177,0.07345968015219133,0.050419884238067945,double,1,1,173.4181437075287,173.26040341969633,346.6785471272251,34.72991017266652,20.200610603786345,0.02406105230634611,0.0,0.0,0.0,tracking_only,0
30,0.6,horse_stance_hold,0.13043478260869565,transition,nominal,-0.0018257829989491885,2.3791058489885546e-06,0.7615367495051115,0.9999893363215374,0.024669104144124883,9.675428531364631e-05,0.670699866028121,-0.0055301493077806125,-2.8884960414336323e-05,-0.03764794834392666,1.2686956887565644,0.22654875903098828,1.2887641719445704,0.02322311023693381,8.92016001248719e-05,0.07196457791670513,0.07341057180329097,0.050494233432069144,double,1,1,173.6285835612877,173.4749073796057,347.1034909408934,36.391619006927264,21.303506803357298,0.02518677236528092,0.0,0.0,0.0,tracking_only,0
31,0.62,horse_stance_hold,0.13478260869565217,transition,nominal,-0.002480390781644971,1.9601315867449995e-06,0.760468598222782,0.9999871781953196,0.024553575134410213,9.627480622478988e-05,0.6698654831718406,-0.00692420209412921,-1.958333712951601e-05,-0.03916632487509499,1.326100056725913,0.23866213645740056,1.34740527527054,0.022744198276664497,9.115744591122802e-05,0.07152690845011028,0.07333628529297337,0.05057399964005958,double,1,1,173.79899595491423,173.64777096146773,347.446766916382,38.06884557590043,22.398533776502806,0.02631409131881184,0.0,0.0,0.0,tracking_only,0
32,0.64,horse_stance_hold,0.1391304347826087,transition,nominal,-0.0031759862901669543,1.7489279688022674e-06,0.7593594813533113,0.9999844709839053,0.02440934601277379,9.598030614876843e-05,0.6690004640556306,-0.008382911841332974,-1.0290638779779023e-05,-0.04067243099168773,1.3845689374954553,0.2508070728652717,1.407101748444845,0.02222020566861898,9.329297590525293e-05,0.07104655507157531,0.07323569540732273,0.050659857883070744,double,1,1,173.9302211818804,173.7798975966602,347.7101187785406,39.755651277410585,23.479211282852603,0.027439397466041935,0.0,0.0,0.0,tracking_only,0
33,0.66,horse_stance_hold,0.14347826086956522,transition,nominal,-0.003913148462015833,1.7477374534886612e-06,0.7582097354018819,0.9999811036697682,0.024235147975366397,9.586931454127536e-05,0.668105233436441,-0.009905011007358473,-1.1518020272875113e-06,-0.04215892508938049,1.4439002028109027,0.26298033076771776,1.4676533821199285,0.021650253039755325,9.556873060199956e-05,0.07052282640311366,0.07310772133768874,0.05075252991543018,double,1,1,174.0259376213709,173.8750970443335,347.90103466570446,41.44649930878145,24.539077656607276,0.028559143582260055,0.0,0.0,0.0,tracking_only,0
34,0.68,horse_stance_hold,0.14782608695652177,transition,nominal,-0.004692362274526297,1.9531207922232627e-06,0.757019749135567,0.999976946677992,0.02402975783225863,9.593866186698714e-05,0.6671802480539536,-0.0114876443879027,7.652709841040023e-06,-0.043621354736475874,1.5039732837698365,0.27518805445354066,1.5289421518184887,0.02103392159517865,9.793439438442032e-05,0.06995543824120345,0.07295127448570496,0.050852695484181955,double,1,1,174.0950830053638,173.9422351290296,348.0373181343934,43.136335714069034,25.57176195440663,0.029669956510204033,0.0,0.0,0.0,tracking_only,0
35,0.7000000000000001,horse_stance_hold,0.15217391304347827,transition,nominal,-0.005514002732947622,2.3588720275140463e-06,0.7557899589258105,0.9999718498848247,0.02379201414879932,9.618097265889326e-05,0.6662259945036731,-0.013126657011721056,1.593367374031185e-05,-0.045054159429676145,1.5646151646431847,0.28744027377337544,1.5907993350571696,0.020371192587680713,0.00010033330593232445,0.06934444640963229,0.07276526798788427,0.05096095787148329,double,1,1,174.16936670025748,174.0144671206917,348.1838338209492,44.820545944779816,26.57814721358013,0.030768673432626653,0.0,0.0,0.0,tracking_only,0
36,0.72,horse_stance_hold,0.1565217391304348,transition,nominal,-0.006378323064940887,2.957288084141492e-06,0.7545209038286281,0.9999656413228977,0.023520807850205584,9.658689392101966e-05,0.6652430244709855,-0.014816386562583538,2.3809472249779872e-05,-0.046463697600450805,1.6260092709232363,0.29974895333158535,1.6534072650595484,0.019662490363090274,0.00010278709008573784,0.06869028970084999,0.07254860721659598,0.05107785204549159,double,1,1,174.2880422049395,174.13108971299243,348.41913191793196,46.4956603228794,27.55688330476856,0.03185243293400554,0.0,0.0,0.0,tracking_only,0
37,0.74,horse_stance_hold,0.16086956521739132,transition,nominal,-0.0072854120826039625,3.7342693795117824e-06,0.7532130731875903,0.9999581229029371,0.023215159162128362,9.714605587653885e-05,0.6642318283181077,-0.016549896546979068,3.123925709432957e-05,-0.047860854494166244,1.688445418017606,0.3121154481109299,1.7170509551478474,0.01890869714905316,0.00010527484832013734,0.06799380412468219,0.07230026618003642,0.05120374381561217,double,1,1,174.37849308187754,174.21586719725758,348.59436027913506,48.16019386982294,28.507170855979126,0.03291890462219208,0.0,0.0,0.0,tracking_only,0
38,0.76,horse_stance_hold,0.16521739130434784,transition,nominal,-0.008235092876440447,4.671769601942475e-06,0.7518668489331519,0.9999490655445047,0.022874297437412525,9.7845942029326e-05,0.6631927879151266,-0.018317398860845668,3.79500517032025e-05,-0.049241654552047404,1.7516856898170057,0.3245405784242697,1.7814963774741834,0.018111641637307566,0.00010771322914970899,0.06725657845776159,0.07201923431578244,0.0513385000888122,double,1,1,174.45682686752514,174.28776673812308,348.74459360564816,49.81177447407766,29.427933551757373,0.03396654008977061,0.0,0.0,0.0,tracking_only,0
39,0.78,horse_stance_hold,0.16956521739130437,transition,nominal,-0.00922692201859751,5.7530772500839e-06,0.7504828972254931,0.9999382105969793,0.022497595783756003,9.867075615346131e-05,0.662126528021799,-0.02011377560658121,4.382104612349582e-05,-0.05058943784385451,1.8151357167912074,0.33696113744476974,1.8461474693315276,0.017272074858958056,0.0001100553811957104,0.066479111005322,0.07170463200557502,0.05148187588730532,double,1,1,174.52773842695242,174.3515924558863,348.87933088283876,51.44732003250959,30.317880547783094,0.034994047798425715,0.0,0.0,0.0,tracking_only,0
40,0.8,horse_stance_hold,0.1739130434782609,transition,nominal,-0.01026027924912364,6.959969713031959e-06,0.7490622961321537,0.9999252774149373,0.022084503534965945,9.960268488070053e-05,0.6610340118872902,-0.021935947643551806,4.8764748059445506e-05,-0.051888085142907533,1.8782523235552422,0.34928764736908435,1.9104537815778992,0.016390289335390808,0.0001122612180496755,0.06566145678114338,0.07135567107545301,0.05163360213976484,double,1,1,174.58824060292505,174.40444434655976,348.9926849494848,53.06356759207578,31.175573494658284,0.03600015958667116,0.0,0.0,0.0,tracking_only,0
41,0.8200000000000001,horse_stance_hold,0.1782608695652174,transition,nominal,-0.011334464886757725,8.272747463749212e-06,0.7476064596885923,0.9999099677345616,0.02163453222810715,0.00010062240325173986,0.6599164724073181,-0.02378066319755939,5.271470780147658e-05,-0.053126171218019685,1.9406471670066967,0.36143334553354445,1.9740176012575692,0.015466680244520047,0.00011429470971251681,0.06480380490036064,0.07097165699943678,0.05179342178363844,double,1,1,174.6344044035364,174.44250779082049,349.07691219435696,54.657347739475355,31.999511531714823,0.03698356518310938,0.0,0.0,0.0,tracking_only,0
42,0.84,horse_stance_hold,0.1826086956521739,transition,nominal,-0.012448744489431939,9.670615070929202e-06,0.7461170322529884,0.9998919667569243,0.021147270217372123,0.00010170945340794916,0.658775321882674,-0.025643640781592522,5.5621819334942627e-05,-0.05429624226853511,2.002046416051506,0.3733246108365718,2.0365561905041947,0.014501981692566434,0.00011612328180709877,0.0639067179541598,0.07055200661628526,0.05196109821745727,double,1,1,174.66370737294062,174.46338507904755,349.1270924519882,56.22553828382221,32.78804915938942,0.037942932700454075,0.0,0.0,0.0,tracking_only,0
43,0.86,horse_stance_hold,0.18695652173913044,transition,nominal,-0.013602349569872236,1.1149244178110987e-05,0.7445958407520652,0.999870943797779,0.020622389913229584,0.00010284084896477318,0.6576121110376307,-0.02752020247371876,5.7441966294824193e-05,-0.05539228097585005,2.0622162438489746,0.3848945252416792,2.0978273599025234,0.013497108482756082,0.00011771320232631765,0.06297101948193468,0.07009630107452948,0.052136432066648655,double,1,1,174.67419140051345,174.46503355064635,349.1392249511598,57.76466456888288,33.5389066319527,0.038876918870046524,0.0,0.0,0.0,tracking_only,0
44,0.88,horse_stance_hold,0.19130434782608696,transition,nominal,-0.014794481061052338,1.2677514580929319e-05,0.7430449396167066,0.9998465571051269,0.020059608609094795,0.00010399625087408839,0.6564285655129808,-0.029407462428638717,5.8175950445632284e-05,-0.056406921379006596,2.1209115240710967,0.3960635833332001,2.1575755038886397,0.012452549637070027,0.0001190450802951042,0.06199735013581247,0.06960440929540622,0.052319329110317066,double,1,1,174.6608321990024,174.44253912227774,349.10337132128006,59.27231941071062,34.250928652935336,0.03978408429870636,0.0,0.0,0.0,tracking_only,0
45,0.9,horse_stance_hold,0.1956521739130435,transition,nominal,-0.0160242738522966,1.4229946353310834e-05,0.7414663955241516,0.999818449332573,0.01945881326570867,0.0001051536776644931,0.6552263907131374,-0.03129602800824816,5.780259387350111e-05,-0.05734168733161499,2.1780504716008378,0.4068188556040067,2.2157178155432127,0.011370640697509852,0.0001200922300589111,0.06098797009759826,0.06907614287802744,0.052509614552686365,double,1,1,174.62729739550917,174.39994227502456,349.02723967053373,60.746433390095085,34.92311237322885,0.04066319204499995,0.0,0.0,0.0,tracking_only,0
46,0.92,horse_stance_hold,0.2,transition,nominal,-0.01729070405731664,1.5783181118924364e-05,0.7398623199283814,0.9997862420236978,0.01882007569781594,0.00010629088998316248,0.6540073133827972,-0.03317701211736098,5.6315331024874163e-05,-0.05819306378353924,2.2333961553614134,0.4171354406229206,2.2720168050889984,0.010253760107792831,0.00012083152722949401,0.059945153718057226,0.06851146954263374,0.05270707029765563,double,1,1,174.57783558678068,174.34155509960473,348.91939068638544,62.18448483588918,35.553933424716625,0.041513212792702675,0.0,0.0,0.0,tracking_only,0
47,0.9400000000000001,horse_stance_hold,0.20434782608695654,transition,nominal,-0.01859257050827544,1.7334517787136383e-05,0.7382350483438976,0.999749545046325,0.018143584866526948,0.00010738384826047617,0.6527732290274333,-0.03504514143734717,5.377068579575602e-05,-0.05895132181258154,2.2865857820205395,0.42695047404861775,2.326104306738806,0.009103458922040576,0.00012125435218137104,0.05887052762312499,0.06791065382312961,0.05291152608929605,double,1,1,174.51090839001571,174.26605847054597,348.77696686056174,63.58455627671556,36.1428957292408,0.04233315529404807,0.0,0.0,0.0,tracking_only,0
48,0.96,horse_stance_hold,0.20869565217391306,transition,nominal,-0.019928524218367986,1.885377515838984e-05,0.7365870941705573,0.9997079630072628,0.01742968119358537,0.00010841684828593195,0.6515261509586978,-0.036892282281427956,5.051988987590207e-05,-0.0596109838623248,2.3373335387410346,0.4362344019682197,2.377693951034123,0.007922167811835414,0.00012143633364537991,0.057766493081699906,0.0672740067360356,0.0531227556399814,double,1,1,174.42904786175387,174.17609840974865,348.6051462715026,64.94507122012605,36.68998898971377,0.043122193478352465,0.0,0.0,0.0,tracking_only,0
49,0.98,horse_stance_hold,0.21304347826086958,transition,nominal,-0.021297053735535004,2.032004168315744e-05,0.7349211103206835,0.9996610926469587,0.016678885134463174,0.0001093769483752396,0.6502681854857179,-0.0387095801049079,4.6608414907060814e-05,-0.06016705951605816,2.3853504810817916,0.44496260119661213,2.4264971943237006,0.006712671096188946,0.00012137680571519472,0.056635661041677214,0.0666018753633538,0.053340422907841696,double,1,1,174.33397042634476,174.0733612099799,348.40733163632467,66.26412410911986,37.19451527950834,0.04387975316494543,0.0,0.0,0.0,tracking_only,0
50,1.0,horse_stance_hold,0.2173913043478261,transition,nominal,-0.022696475601051,2.173961568987565e-05,0.733239958890022,0.9996085307444038,0.015891849947848133,0.00011024853244532766,0.6490015911484737,-0.04049111947326012,4.2014241007127085e-05,-0.06061103366304828,2.4302993815432323,0.4530789504236051,2.4721722470827903,0.005477116453791888,0.00012105502850511782,0.05548011859040609,0.06589485237214104,0.05356421508451634,double,1,1,174.22401347199255,173.95630974238125,348.1803232143738,67.5399944241484,37.656146490646684,0.04460531330610169,0.0,0.0,0.0,tracking_only,0
51,1.02,horse_stance_hold,0.22173913043478263,transition,nominal,-0.024124964297370866,2.309290890122355e-05,0.7315466701787837,0.9995498830123645,0.015069374003981811,0.0001110216304350001,0.6477287317570218,-0.0422289014764913,3.6900641833919145e-05,-0.06093937553414208,2.4719458558291145,0.46055094915354505,2.5144827481843985,0.00421832159074647,0.00012050354411548712,0.054302597405268015,0.06515365010106194,0.05379382031000571,double,1,1,174.09837339763715,173.8235633018354,347.92193669947255,68.77146364958531,38.0752404739303,0.045298422669072004,0.0,0.0,0.0,tracking_only,0
52,1.04,horse_stance_hold,0.22608695652173916,transition,nominal,-0.025580538238529425,2.4370879074054085e-05,0.7298443479801863,0.9994847609813333,0.014212442617584857,0.0001116853743759557,0.6464520018984566,-0.04391318738711603,3.130355119511439e-05,-0.0611507525262508,2.5100773181357896,0.4673617177258971,2.5532166218743484,0.002939725736356461,0.00011972113973474849,0.0531063652562833,0.06437908240384266,0.05402888611765312,double,1,1,173.9586813722541,173.67751183353874,347.63619320579284,69.95721039665817,38.45164777593084,0.04595879364982033,0.0,0.0,0.0,tracking_only,0
53,1.06,horse_stance_hold,0.23043478260869568,transition,nominal,-0.02706104925346474,2.5571513370900684e-05,0.7281362373070666,0.9994127874633163,0.013322187965013034,0.00011223070506398299,0.6451738935994681,-0.0455380215090015,2.5312162730392154e-05,-0.06123760547756949,2.544380571028539,0.47345551166483557,2.5880557590116418,0.0016439304634965589,0.000118722026919663,0.051893986682135164,0.06357224442123435,0.054269095873595574,double,1,1,173.80597610436118,173.51890644850567,347.3248825528668,71.09616120688352,38.785617948996105,0.04658620797063517,0.0,0.0,0.0,tracking_only,0
54,1.08,horse_stance_hold,0.2347826086956522,transition,nominal,-0.028564216158127695,2.6679596184168148e-05,0.7264257116297975,0.9993336074902321,0.012399908547726192,0.00011265245695194593,0.6438969662088465,-0.047093645690256335,1.9067321678559026e-05,-0.06119941947297188,2.5746574692675246,0.4788191177410361,2.618802938666703,0.00033466764343884764,0.0001175374435797481,0.05066902847379559,0.06273426957282201,0.05451408695682514,double,1,1,173.6399340928121,173.34708140615606,346.9870154989682,72.18747168782201,39.07720093378765,0.047180584076492435,0.0,0.0,0.0,tracking_only,0
55,1.1,horse_stance_hold,0.23913043478260873,transition,nominal,-0.03008759942901637,2.7700936111129773e-05,0.7247162389710181,0.9992468860039736,0.011447063359601386,0.0001129434141591224,0.6426238373594012,-0.04857367445811136,1.2567242185329471e-05,-0.06103008833969838,2.600624827151723,0.48340194273779546,2.645170491639547,-0.0009850473728241337,0.00011615991668219094,0.049434414332933045,0.06186652520163528,0.05476350741106714,double,1,1,173.4628821314523,173.16576606229276,346.6286481937451,73.23033844938269,39.32737517272068,0.04774194454739286,0.0,0.0,0.0,tracking_only,0
56,1.12,horse_stance_hold,0.24347826086956526,transition,nominal,-0.03162864200513309,2.863127813524394e-05,0.7230114280377921,0.9991523225319325,0.010465259098270547,0.0001131025369039578,0.641357207076318,-0.04996980251321479,6.040871798709356e-06,-0.06072746377081015,2.6220653665684246,0.4871808210153297,2.6669405578157863,-0.0023115709798789755,0.00011464713361265169,0.0481936303560791,0.06097046049670851,0.055016973444502765,double,1,1,173.27488989890253,172.97346595250966,346.24835585141216,74.22411968371195,39.53651933817813,0.048270427747853506,0.0,0.0,0.0,tracking_only,0
57,1.1400000000000001,horse_stance_hold,0.24782608695652172,transition,nominal,-0.03318466093307652,2.946692363103105e-05,0.7213149901180519,0.9990496516650803,0.009456244990430707,0.00011312922718329244,0.6400998383173346,-0.05127641221354766,-4.761614073581518e-07,-0.06028605079153593,2.63873146703415,0.4901041342972999,2.6838602455365486,-0.0036418153028659143,0.00011300759638749994,0.0469496488525577,0.06004770911810224,0.055274101563666994,double,1,1,173.07821155899583,172.77336242058402,345.8515739795798,75.16812786703663,39.70570803985696,0.048766259275734754,0.0,0.0,0.0,tracking_only,0
58,1.16,horse_stance_hold,0.25217391304347825,transition,nominal,-0.03475288658384703,3.0214730921759016e-05,0.7196307688791805,0.9989386578211186,0.008421894055552338,0.00011302453210985988,0.6388545723421263,-0.05248667674296544,-6.938429987593159e-06,-0.05970369167325494,2.650438788483796,0.49214247275417566,2.6957429374827355,-0.004972268821531281,0.00011125390254952066,0.04570583960153497,0.059100002343283976,0.05553450116699726,double,1,1,172.8713588801244,172.5644742251028,345.43583310522723,76.06187880791889,39.83577436017009,0.04922973074259148,0.0,0.0,0.0,tracking_only,0
59,1.18,horse_stance_hold,0.2565217391304348,transition,nominal,-0.036330457672843874,3.088396988511055e-05,0.7179626773945934,0.9988191751031666,0.007364210605678428,0.00011279317118849646,0.6376242832805145,-0.05359467840400472,-1.3170663002458084e-05,-0.05897808677284988,2.657020110558388,0.4932589948791176,2.702417492531616,-0.006299529403846714,0.00010943536551864824,0.04446546142440928,0.05812920117509261,0.05579778300671137,double,1,1,172.65649026661555,172.34833595009866,345.00482621671426,76.9049224114529,39.92736259708062,0.049661201378451474,0.0,0.0,0.0,tracking_only,0
60,1.2,horse_stance_hold,0.2608695652173913,transition,nominal,-0.03791443805945486,3.147987076803126e-05,0.7163147040283376,0.998691095337478,0.006285312659042893,0.00011244328830510067,0.6364118836423499,-0.05459557472944589,-1.901837027371096e-05,-0.05810686819124842,2.6583336574329643,0.49341098266882205,2.703736716483159,-0.007620362463840303,0.0001075992459133226,0.04323161826472412,0.05713729299164222,0.056063567380819725,double,1,1,172.43663983657626,172.12761319825438,344.5642530348307,77.69677874107693,39.98127941281427,0.05006107643528789,0.0,0.0,0.0,tracking_only,0
61,1.22,horse_stance_hold,0.26521739130434785,transition,nominal,-0.0395018402006789,3.200848977539423e-05,0.7146909084902225,0.9985543774799726,0.005187415822682362,0.00011198500436466468,0.635220319981823,-0.05548487511539044,-2.4729985239819477e-05,-0.05708901270835339,2.6542831335163704,0.49256019653351185,2.6995989517109042,-0.00893153092789159,0.00010569209401716279,0.04200741598616632,0.056126362185496735,0.056331484231340725,double,1,1,172.21246250103917,171.9097492750496,344.12221177608876,78.43694166199076,40.000242212925215,0.050429792008595556,0.0,0.0,0.0,tracking_only,0
62,1.24,horse_stance_hold,0.26956521739130435,transition,nominal,-0.041089639867083284,3.248840672363514e-05,0.713095392101753,0.9984090527131838,0.004072826028330405,0.00011143208270937972,0.6340525497541153,-0.05625781395946574,-2.8981940669266008e-05,-0.05592507947165074,2.6448073920701822,0.49068485219453795,2.6899401044116678,-0.010229641667455797,0.00010406398144469088,0.040796114726090724,0.05509858172487402,0.056601173118211286,double,1,1,171.99800078404382,171.6934543765583,343.69145516060206,79.12551042969119,39.98589564955599,0.05076781462010458,0.0,0.0,0.0,tracking_only,0
63,1.26,horse_stance_hold,0.2739130434782609,transition,nominal,-0.042674785231354526,3.28946055817738e-05,0.7115322661566734,0.9982552171770188,0.002943957253173301,0.00011080136286346608,0.6329115325968386,-0.05690587370501199,-3.2600715422158106e-05,-0.05461533008157925,2.6297504887905934,0.4878364176848539,2.674616234848274,-0.01151024397603923,0.00010252071852487186,0.039602049111367645,0.05405624949640348,0.05687226412323294,double,1,1,171.77461963577278,171.46859113019306,343.24321076596584,79.76313719228024,39.940162912591894,0.051075726055452124,0.0,0.0,0.0,tracking_only,0
64,1.28,horse_stance_hold,0.2782608695652174,transition,nominal,-0.04425411699725426,3.321665087721493e-05,0.7100056119353858,0.9980929986342435,0.0018034075677193216,0.0001101054170749098,0.6318002166927367,-0.057420523535559834,-3.5604776604198857e-05,-0.05316022523079023,2.608958176143469,0.48403219914547013,2.653478836296882,-0.012768705402868084,0.00010106967871826448,0.0384296272645859,0.05300173924562247,0.057144278330499246,double,1,1,171.54282761301914,171.23533609002564,342.7781637030448,80.33904785444365,39.854182901031464,0.051354355501683664,0.0,0.0,0.0,tracking_only,0
65,1.3,horse_stance_hold,0.28260869565217395,transition,nominal,-0.04582305781307003,3.3692074426166106e-05,0.7085182584925277,0.997922674788509,0.0006539408434788475,0.00010737408767282124,0.6307198464159122,-0.05779110626427777,-1.6817433304556805e-05,-0.05184615941338495,2.5885776858206326,0.4782703690124575,2.6323899751753754,-0.01399967333922508,0.00010310982981173475,0.037286071226314436,0.05193968477523128,0.05741917513480374,double,1,1,169.2846951597363,170.86137945871766,340.14607461845395,80.84009121457242,39.53898598150137,0.05160139726028377,0.0,0.0,0.0,tracking_only,0
66,1.32,horse_stance_hold,0.28695652173913044,transition,nominal,-0.04737349715899723,3.280125703982493e-05,0.707064839243236,0.9977444759869147,-0.0004989886886807213,0.00010289910058504282,0.6296650047339987,-0.05776387474471151,-0.0001882029307075414,-0.05066459212622843,2.561763244251755,0.47326037339364757,2.6051115716268223,-0.015133444996293322,5.521795768082105e-05,0.03625045014551866,0.0508848994965809,0.05770721066427157,double,1,1,171.04603912118617,170.84805311074473,341.8940922319309,81.330256877057,39.3126056510839,0.05181260156556011,0.0,0.0,0.0,tracking_only,0
67,1.34,horse_stance_hold,0.291304347826087,transition,nominal,-0.048902285357807815,3.034731762032508e-05,0.7056487533342037,0.9975577375410394,-0.0016496619433272917,9.67072629238187e-05,0.6286392983811346,-0.057567053409957644,-0.00034052391229693756,-0.04915187457644918,2.5238139799156603,0.46720836752613254,2.5666945014754208,-0.016222369854828285,1.050595129082672e-05,0.035262450475589915,0.04983514388412128,0.0579986477086188,double,1,1,171.16603777944155,170.80898341405938,341.97502119350094,81.78183230702474,39.104993246823845,0.052000477790169745,0.0,0.0,0.0,tracking_only,0
68,1.36,horse_stance_hold,0.29565217391304355,transition,nominal,-0.05040441085304569,2.643094303092412e-05,0.7042786067861114,0.9973632847212943,-0.002795034194350789,8.883934193088874e-05,0.6276489300937681,-0.05718654483135003,-0.00044319083496386936,-0.0472366032290114,2.4730485059581704,0.4603781293847277,2.5155351189831796,-0.017260011290575063,-2.3262994307730655e-05,0.03432594085262139,0.04879089620503923,0.058292494367837976,double,1,1,171.3704994405415,171.00245962815174,342.37295906869326,82.15509633440021,38.79126895743808,0.05216451785908968,0.0,0.0,0.0,tracking_only,0
69,1.3800000000000001,horse_stance_hold,0.3,transition,nominal,-0.05187581461696428,2.134789586189055e-05,0.7029617047419586,0.9971619144829641,-0.003932246739686968,7.925805441271001e-05,0.6266990044346841,-0.056727924438368035,-0.0006986560633308193,-0.04525993168597644,2.419704973076432,0.4503296156352794,2.4612535260409554,-0.018270356233883137,-9.732882469485786e-05,0.033415058879551054,0.047753129705652556,0.0585890897852335,double,1,1,171.28366144318204,169.67169338592328,340.9553548291054,82.47478998394064,38.435670851262174,0.05230226609727488,0.0,0.0,0.0,tracking_only,0
70,1.4000000000000001,horse_stance_hold,0.30434782608695654,transition,nominal,-0.05331476627507251,1.3679263048858248e-05,0.7017073389516877,0.9969546906900343,-0.005058294940197841,6.956978268026824e-05,0.6257976694203542,-0.0561411791324867,-0.00045690748829049636,-0.04286745489774198,2.3551356373545596,0.4388224838267849,2.3956688090488165,-0.019237895499362254,-4.5831528381638575e-05,0.032542615999845814,0.0467221882058592,0.058884867793784004,double,1,1,170.09481704006708,169.7680767575842,339.8628937976513,82.74690680771444,38.176966333127666,0.05241610451040449,0.0,0.0,0.0,tracking_only,0
71,1.42,horse_stance_hold,0.30869565217391304,transition,nominal,-0.05471843926876398,6.033755394672873e-06,0.7005227310887753,0.9967431342184645,-0.00617053535460211,6.077526256656289e-05,0.6249506321029651,-0.055397412846538624,-0.00042780316185432783,-0.040041287952594935,2.279022807935258,0.4267734936229372,2.3186376547335366,-0.020152810212146047,-4.720200724825514e-05,0.03171790768092142,0.04570015409373339,0.059180277532536324,double,1,1,170.06292367881062,169.7418369387784,339.80476061758895,82.95345264864571,37.93511521714614,0.052503997332728404,0.0,0.0,0.0,tracking_only,0
72,1.44,horse_stance_hold,0.3130434782608696,transition,nominal,-0.05608592226132483,-1.0015221573613244e-06,0.6994180711172935,0.996528471036578,-0.007267554095955097,5.242118189843867e-05,0.6241655622045092,-0.05459529033568784,-0.00040920208458319245,-0.03693525478196049,2.1977418194180443,0.4126684090944573,2.2361494405972704,-0.021038715796387032,-5.0796294193365544e-05,0.03091336645750074,0.04468449927963155,0.05946850956999383,double,1,1,169.81628228729713,169.51970403373136,339.3359863210285,83.09379505922016,37.678930399133115,0.0525666845918852,0.0,0.0,0.0,tracking_only,0
73,1.46,horse_stance_hold,0.3173913043478261,transition,nominal,-0.057414701634825815,-7.5265688469262084e-06,0.6983984137130957,0.9963126316804803,-0.008347636883413492,4.4408056040422356e-05,0.6234458147719637,-0.0536828708371529,-0.0003930665475390766,-0.03374168253921378,2.11407720248571,0.3969653528205917,2.151023921161683,-0.02188083956374185,-5.468219699093667e-05,0.03014548372470709,0.04367865713093369,0.05975144399159623,double,1,1,169.43636565290632,169.1680699434504,338.60443559635667,83.17300943411117,37.4041936562361,0.05260094697666232,0.0,0.0,0.0,tracking_only,0
74,1.48,horse_stance_hold,0.32173913043478264,transition,nominal,-0.058702402158974105,-1.3691374976276771e-05,0.697464826632743,0.9960970356804514,-0.00940807468658298,3.671076432453191e-05,0.6227918481622985,-0.05261677973481502,-0.00037749840087112485,-0.030567324787036276,2.028892557889892,0.3802112008733912,2.0642106405913556,-0.0226655620171741,-5.8404905849328834e-05,0.02942957821317156,0.042687036014053756,0.0600310121400157,double,1,1,168.99294591133753,168.75231122294005,337.7452571342776,83.19591994878218,37.11159113506698,0.05260608254697404,0.0,0.0,0.0,tracking_only,0
75,1.5,horse_stance_hold,0.32608695652173914,transition,nominal,-0.0599462758306555,-1.9588492316271445e-05,0.6966166444816079,0.9958825733251015,-0.010445496972466247,2.9328150234797538e-05,0.6222027580841325,-0.051372542154994254,-0.00036164338164120695,-0.027450992757928637,1.94205380227588,0.36277006191577554,1.9756454866085107,-0.02338335912047669,-6.174953488924693e-05,0.028776088958088572,0.04171392151517486,0.06030815228317071,double,1,1,168.53680714310778,168.32344809103046,336.8602552341382,83.16604389302877,36.80322964195959,0.05258327012870755,0.0,0.0,0.0,tracking_only,0
76,1.52,horse_stance_hold,0.3304347826086957,transition,nominal,-0.06114299163667325,-2.5278317202218025e-05,0.6958529980449257,0.9956698404928912,-0.01145623968166159,2.227140209349386e-05,0.6216774220936827,-0.04994308061156404,-0.0003450489849196507,-0.024383658230486566,1.8530577063542317,0.3448192668464351,1.8848668891641445,-0.024028789669615802,-6.459039253498352e-05,0.028190789161804893,0.04076330972902076,0.06058306534302675,double,1,1,168.10032843427177,167.91421399821422,336.014542432486,83.08535675696668,36.481551452605935,0.0525344730978419,0.0,0.0,0.0,tracking_only,0
77,1.54,horse_stance_hold,0.3347826086956522,transition,nominal,-0.06228880672216132,-3.0803059779514065e-05,0.6951736820226687,0.995459384183299,-0.0124366505013052,1.5557908807611577e-05,0.6212152127745102,-0.04833451006479603,-0.0003275008178855064,-0.021330778084809945,1.7615151830585802,0.3263918583696022,1.7914986422980805,-0.024599738766847852,-6.685569897777304e-05,0.027675778143268402,0.03983883741329906,0.060855519798594666,double,1,1,167.6972903865504,167.53839377799142,335.2356841645418,82.95448407361738,36.1487454175542,0.05246166694295844,0.0,0.0,0.0,tracking_only,0
78,1.56,horse_stance_hold,0.33913043478260874,transition,nominal,-0.06337986902717963,-3.6189048778560084e-05,0.6945794593980409,0.9952518775089183,-0.01338329471094668,9.207860805536952e-06,0.6208162814379111,-0.04656080704122658,-0.00030890393200596103,-0.018252228394608203,1.6674398184929038,0.3074315066823865,1.695544065955424,-0.025096278568092538,-6.850098916759672e-05,0.027230796880640805,0.038943752436220835,0.061125078089886944,double,1,1,167.32676447821663,167.19491096214225,334.5216754403589,82.77311884105754,35.80650424654734,0.05236640886020191,0.0,0.0,0.0,tracking_only,0
79,1.58,horse_stance_hold,0.34347826086956523,transition,nominal,-0.06441249453800965,-4.14463170435429e-05,0.6940719581921928,0.9950482031124579,-0.014293056764121227,3.242726888506704e-06,0.620481508430141,-0.04463889816400659,-0.00028921083483494,-0.01511592443313258,1.571357109029626,0.2878451816675223,1.5975036815942407,-0.02551953100329838,-6.94924462565903e-05,0.026854482369750115,0.038080929276792984,0.061391243421515584,double,1,1,166.97910733149558,166.8739326031562,333.8530399346518,82.54048171623826,35.456009237652914,0.05224968784723048,0.0,0.0,0.0,tracking_only,0
80,1.6,horse_stance_hold,0.3478260869565218,hold,nominal,-0.06538335152957651,-4.656871881175795e-05,0.6936533446603852,0.9948494563082246,-0.01516315737388422,-2.3152758408240865e-06,0.620212260037783,-0.04258508569206899,-0.0002683883133372657,-0.011904312299277615,1.4742947096175694,0.2675439446774394,1.4983740030913235,-0.02587078341515419,-6.979903562101974e-05,0.026545318822479715,0.037252918778439364,0.06165354066160122,double,1,1,166.64166084425082,166.5626000822946,333.2042609265454,82.25570322851623,35.09802520196482,0.05211196784115978,0.0,0.0,0.0,tracking_only,0
81,1.62,horse_stance_hold,0.35217391304347834,hold,nominal,-0.06628953907874069,-5.1535170534036674e-05,0.69332593487942,0.9946568943754556,-0.015991116469713046,-7.443339800724083e-06,0.6200100825789899,-0.04041304862988683,-0.00024640889714477735,-0.0086150469830805,1.3777172514249252,0.2464679668300984,1.3995896839957105,-0.026150947513794452,-6.93904793416388e-05,0.02630220773645979,0.03646201421751318,0.06191154956289576,double,1,1,166.30286869824877,166.24914939294067,332.55201809118944,81.91873049026651,34.74919714091187,0.05194922582321737,0.0,0.0,0.0,tracking_only,0
82,1.6400000000000001,horse_stance_hold,0.3565217391304348,hold,nominal,-0.067128635123415,-5.6307020930787744e-05,0.6930850029898077,0.99447460089414,-0.016774042006458805,-1.2118670278449848e-05,0.6198715939482276,-0.038080471450778676,-0.00022324152888039643,-0.005641351561374442,1.2835244093554348,0.22489689837832164,1.3030784797207753,-0.02634639444521043,-6.823527051988954e-05,0.026139429419713235,0.03571175909053745,0.06216565891429463,double,1,1,165.75738909142243,165.72853225433607,331.48592134575847,81.54293299950034,34.41932693505273,0.05175617619889081,0.0,0.0,0.0,tracking_only,0
83,1.6600000000000001,horse_stance_hold,0.36086956521739133,hold,nominal,-0.06790074854563191,-6.0832166083996385e-05,0.6929130960985695,0.9943075531346068,-0.01750786372782916,-1.631613999991923e-05,0.6197839040105966,-0.03551852164003723,-0.00019871639809211744,-0.003494689662119165,1.189964800622366,0.20351087563455852,1.2072418577989135,-0.026435582969210634,-6.626428336029019e-05,0.026080198918115232,0.0350078974710801,0.06241740781394921,double,1,1,164.9803182524047,164.97595727582876,329.95627552823345,81.15103335963826,34.10001234904515,0.051536976599255324,0.0,0.0,0.0,tracking_only,0
84,1.68,horse_stance_hold,0.3652173913043478,hold,nominal,-0.06860797444756421,-6.505680196519443e-05,0.6927868234198842,0.9941571182352154,-0.01818771101891595,-2.0006408557788185e-05,0.6197290522544553,-0.032707932302302616,-0.00017266655018510088,-0.0022551855496191803,1.0931240627996033,0.1829498638921243,1.108327961106124,-0.026408613839892334,-6.340490028711789e-05,0.026135892531696667,0.03435677703877276,0.06266837199580207,double,1,1,164.25068036302585,164.2697533596686,328.5204337226945,80.75769082253599,33.78936424858156,0.051300410028248346,0.0,0.0,0.0,tracking_only,0
85,1.7,horse_stance_hold,0.3695652173913044,hold,nominal,-0.06925110962535572,-6.892906829540811e-05,0.6926851861282658,0.9940222263530116,-0.018808777607803192,-2.315945830077947e-05,0.6196904316053458,-0.02966939598576714,-0.00014517202873225854,-0.001757876655405526,0.9909581200632402,0.16352791686308207,1.0043601820626156,-0.026265733881968276,-5.9646263458781366e-05,0.02630695581846072,0.03376389643056813,0.06291939221192039,double,1,1,163.71544128270276,163.75607446452568,327.4715157472284,80.3696669336538,33.487770269772405,0.05105550139884119,0.0,0.0,0.0,tracking_only,0
86,1.72,horse_stance_hold,0.3739130434782609,hold,nominal,-0.06982913034927608,-7.236972370974247e-05,0.6925934370794365,0.9939010033246766,-0.01936703482941156,-2.5758799069288175e-05,0.6196560822146349,-0.026456525884619497,-0.00011855012437501458,-0.0017321270085748196,0.88398810399475,0.14514780145812758,0.8958252353402203,-0.02601630025283368,-5.555376332071463e-05,0.02658413957429547,0.03323339199975717,0.06317065994842992,double,1,1,163.41477380983417,163.49717537241546,326.91194918224966,79.98629386236004,33.191040627552454,0.05080915651401773,0.0,0.0,0.0,tracking_only,0
87,1.74,horse_stance_hold,0.37826086956521743,hold,nominal,-0.07034007236876398,-7.502245049950528e-05,0.6925042014996837,0.993791996971617,-0.0198599702289201,-2.7853286493005164e-05,0.6196198813732534,-0.023161243553858093,-9.208170303514775e-05,-0.0018794824215622973,0.7747667461334948,0.127272088047213,0.7851507468697848,-0.025680868935434854,-5.0995319641811767e-05,0.026947483693402625,0.0327683720492175,0.06342223881559314,double,1,1,163.3494794251467,163.46939809589207,326.81887752103876,79.6025062282007,32.902135542175685,0.05056503805896852,0.0,0.0,0.0,tracking_only,0
88,1.76,horse_stance_hold,0.3826086956521739,hold,nominal,-0.07078239021972332,-7.699738833027325e-05,0.692416518709433,0.9936948096118837,-0.02028675175154021,-2.9352058546285265e-05,0.6195808581141637,-0.019848743648463528,-6.0469762171914015e-05,-0.0019965128050363446,0.6651222277227384,0.10960278795055321,0.6740922406743697,-0.0252749937543511,-4.4548879710796404e-05,0.02738195581027141,0.03237019076577706,0.0636741323621625,double,1,1,163.41013026709751,163.54285390056876,326.9529841676663,79.21372881316451,32.6226123542598,0.050323481653812806,0.0,0.0,0.0,tracking_only,0
89,1.78,horse_stance_hold,0.3869565217391305,hold,nominal,-0.0711550379630069,-7.837383745401545e-05,0.6923326395576043,0.9936097509700909,-0.02064737372972744,-3.019298202146763e-05,0.6195406603984609,-0.01654793530132389,-2.6782974311680172e-05,-0.0020003837429619195,0.5557443483807012,0.09196709843101768,0.563302519034764,-0.024805945659068115,-3.692366612970771e-05,0.02787977916460378,0.032038347722466456,0.0639261186851072,double,1,1,163.51526287803847,163.6564644304903,327.1717273085288,78.82963620204511,32.26398900723541,0.05008296774843222,0.0,0.0,0.0,tracking_only,0
90,1.8,horse_stance_hold,0.391304347826087,hold,nominal,-0.07144326026134983,-7.264913892241731e-05,0.6922392881638851,0.9935365956219526,-0.02093509053383782,-3.835577503119864e-05,0.6194842624500677,-0.01264649571031664,5.593005376655733e-05,-0.003294450482571862,0.43572470181332706,0.07473605855170062,0.44208765445119136,-0.024113068167192244,-2.4300936127688728e-05,0.02861088811650611,0.031788872495633995,0.06419270962580353,double,1,1,163.31227207693985,163.94687313878285,327.25914521572275,78.45328148239288,31.994414647484028,0.04984176703769819,0.0,0.0,0.0,tracking_only,0
91,1.82,horse_stance_hold,0.3956521739130435,hold,nominal,-0.07165528694046006,-7.932304129671561e-05,0.6921439023138101,0.9934748674755869,-0.02114920173983584,-3.587927216868174e-05,0.6194255110067648,-0.009221650465815886,0.00011227812001668208,-0.002556537730324061,0.3190789600777004,0.058855540782537394,0.32446164248655285,-0.02346642936334828,-7.665888655269487e-06,0.029294361052444224,0.03161160183984494,0.06445719111814047,double,1,1,164.23816266479665,164.3636055915281,328.60176825632476,78.05084072746965,31.747220629901868,0.04960804892064182,0.0,0.0,0.0,tracking_only,0
92,1.84,horse_stance_hold,0.4,hold,nominal,-0.07179076559806626,-7.45956948960488e-05,0.6920618799572743,0.9934262011891192,-0.021293507236894237,-4.209500161524582e-05,0.6193712545838451,-0.005710596989583013,-0.00032577228288213026,-0.0022931295754853513,0.2054623058516822,0.04108896414269666,0.20953057557361413,-0.02272841019584724,-0.00012395187463660334,0.030062227827902837,0.031497086878227484,0.06471717672909913,double,1,1,164.47787354584227,164.62676708171207,329.10464062755426,77.61524658373838,31.52896287026061,0.04936959896220148,0.0,0.0,0.0,tracking_only,0
93,1.86,horse_stance_hold,0.4043478260869566,hold,nominal,-0.07186046049607805,-7.311800381545354e-05,0.6920088340777906,0.9933932687550391,-0.021374193821604597,-4.729912822603305e-05,0.6193386864621123,-0.0026864486347852406,-0.00021756971078954992,-0.001099365638970571,0.09705049015345349,0.021497184872813567,0.09940285004204606,-0.02204920061220757,-0.00010196647987789592,0.030759702461636042,0.03143467745991487,0.06496507956879063,double,1,1,164.41200726937439,164.56206076579448,328.9740680351689,77.14266372661012,31.406607896675386,0.04912269800580042,0.0,0.0,0.0,tracking_only,0
94,1.8800000000000001,horse_stance_hold,0.40869565217391307,hold,nominal,-0.07186073571252292,-7.27060863013606e-05,0.6919851396634136,0.9933787731208122,-0.021394400498111116,-5.356349890488821e-05,0.6193238825422076,0.0005168002795868161,-0.0006786155710911504,-0.0008432527990819848,0.039990985582168626,0.011480196184198781,0.0416061754101589,-0.021264548944503612,-0.00022407286139765095,0.0315620746367157,0.031432116364850396,0.06521454621268633,double,1,1,164.17494640079838,164.1718007259088,328.34674712670716,76.68385444657683,31.21190484052198,0.04885878339312312,0.0,0.0,0.0,tracking_only,0
95,1.9000000000000001,horse_stance_hold,0.41304347826086957,hold,nominal,-0.0717900094801877,-6.847871333347592e-05,0.691974726102049,0.993382275483363,-0.021350132505484336,-6.526905143471139e-05,0.6193184985687404,0.0035459284803694814,-0.0004986429456358746,0.00019605287129744955,0.11956735208099688,0.02100103901945005,0.12139767429221011,-0.020459184224402488,-0.00019055783764327608,0.032393177076004094,0.031502138397489395,0.06547269078117485,double,1,1,164.27308871701865,164.41108256654937,328.684171283568,76.19032964324217,31.08797731516975,0.04858627665885272,0.0,0.0,0.0,tracking_only,0
96,1.92,horse_stance_hold,0.4173913043478261,hold,nominal,-0.07165977656176471,-7.059378050594809e-05,0.691989180203892,0.9934024040953612,-0.021246599941006028,-7.5573085709163e-05,0.6193287047653997,0.006659828780508148,-0.0008779337845370939,0.00022576034601822021,0.22409378691267412,0.04158416123097528,0.22791943269091106,-0.019573240783122583,-0.00029616412292473606,0.03329579599118723,0.031622263922226015,0.06572306176781012,double,1,1,163.91463449591558,163.46400160163608,327.3786360975517,75.70982562732941,31.062631366470907,0.04830137308487576,0.0,0.0,0.0,tracking_only,0
97,1.94,horse_stance_hold,0.4217391304347826,hold,nominal,-0.07145855633143197,-6.916711634732531e-05,0.6920086651827454,0.9934383695219989,-0.021078612756878494,-9.206325631812398e-05,0.6193409434633982,0.009735330621605913,-0.000719934231427071,0.0009673703138133228,0.32706755056914893,0.05757748711287453,0.33209689799444986,-0.018632473952264465,-0.0002729568621660203,0.034263216736006394,0.03181691394406214,0.06598404452950488,double,1,1,164.13252074744864,164.2092089780549,328.3417297255035,75.20601100123815,30.94761446142425,0.0480114868063881,0.0,0.0,0.0,tracking_only,0
98,1.96,horse_stance_hold,0.42608695652173917,hold,nominal,-0.07120167097513493,-7.686470711039236e-05,0.6920489061582912,0.993488526608934,-0.020852201311893553,-0.00010478772652729991,0.6193675469905564,0.012612384299327884,-0.0005783649139410261,0.001590828310741656,0.4242815606415459,0.07461971002969557,0.43079338879019674,-0.01768309422606878,-0.00025011317042933953,0.035226741184040594,0.03205749334384713,0.06623313352546437,double,1,1,163.9431757191447,163.99283405187475,327.9360097710195,74.70547163799148,30.864446085448005,0.047714571129213776,0.0,0.0,0.0,tracking_only,0
99,1.98,horse_stance_hold,0.43043478260869567,hold,nominal,-0.07087413794588664,-8.096507015863007e-05,0.692094737303622,0.9935525693572166,-0.020564327889994613,-0.0001225078851258747,0.6193926230098259,0.01586819071753533,-0.0009974539201926703,0.0011910493405243483,0.5315931063303448,0.0925606837744985,0.5395912442569357,-0.016577055346546625,-0.00037314267393918465,0.03635609764306213,0.03236855294324744,0.06649224078076187,double,1,1,164.0359042297969,163.9759976389867,328.01190186878364,74.20387272392817,30.775428487728362,0.04741058628314931,0.0,0.0,0.0,tracking_only,0
100,2.0,horse_stance_hold,0.4347826086956522,hold,nominal,-0.07048640523298644,-8.967435618814824e-05,0.6921479627580167,0.9936284658066378,-0.020215107557240063,-0.00014010632031945356,0.6194232322638916,0.018737490256658912,-0.0008058425245691009,0.0017948541506300423,0.628163772481878,0.1071602210139803,0.6372386036850167,-0.015506736716908522,-0.00034259904440409587,0.03744315082273783,0.032734543151438526,0.06674473255026872,double,1,1,164.0257935516185,163.95714997376626,327.98294352538477,73.68513818050181,30.642767727947593,0.04710749668533995,0.0,0.0,0.0,tracking_only,0
101,2.02,horse_stance_hold,0.4391304347826087,hold,nominal,-0.07004041445955186,-0.00010471288933643908,0.6922184866116071,0.993716442019782,-0.019809794731614955,-0.0001550087524736299,0.6194644239032485,0.021505476381500063,-0.0007033855127653777,0.002256528152029733,0.7213348061478738,0.12294587470494849,0.7317373782084359,-0.014405702549972262,-0.0003317618772491422,0.0385526298616636,0.03314832369802065,0.06699103824581742,double,1,1,163.91183557150075,163.83713124166826,327.748966813169,73.15973105539014,30.504508034423594,0.04679820668447082,0.0,0.0,0.0,tracking_only,0
102,2.04,horse_stance_hold,0.44347826086956527,hold,nominal,-0.06953480290064958,-0.0001205791498064214,0.6923027516054449,0.9938165548885999,-0.019349794362075474,-0.0001683141545836915,0.6195134683761713,0.0242146022317791,-0.0006380130582725528,0.0025958554211703583,0.8122469408686647,0.13847176976792225,0.8239657298535932,-0.01326468746438372,-0.0003286462395194709,0.03970147758315924,0.03361617215138792,0.06723696770755719,double,1,1,163.80170904397968,163.7566649367652,327.55837398074493,72.6312088738847,30.363003723770852,0.046483081481824014,0.0,0.0,0.0,tracking_only,0
103,2.06,horse_stance_hold,0.44782608695652176,hold,nominal,-0.06897117696782297,-0.00013560999026027905,0.6923976870389286,0.9939280408860928,-0.01883619392987661,-0.0001805550655149097,0.6195681202651959,0.02687033238591535,-0.0005932371027310286,0.0028318682507755045,0.9010662893771005,0.15331676862680893,0.9140166789473719,-0.012083406690754004,-0.00032964157027269927,0.04089087878176097,0.034137903729249575,0.06748299733533719,double,1,1,163.71982652145329,163.69293703173966,327.4127635531929,72.10286176167862,30.227121838594485,0.046163615931130685,0.0,0.0,0.0,tracking_only,0
104,2.08,horse_stance_hold,0.4521739130434783,hold,nominal,-0.06835124733778954,-0.00014974442219975914,0.6925012167080244,0.9940497396285468,-0.018270082535205217,-0.00019216093425952605,0.6196269885024633,0.029471667809714597,-0.0005755122568835448,0.0030366314703927154,0.9880075460620366,0.16735616327504824,1.00208133225885,-0.010863201445621721,-0.00033679987630572876,0.04211993160654992,0.03471286562707397,0.06772867399196862,double,1,1,163.73612366120796,163.68452410664767,327.42064776785566,71.56366548565575,30.05882093426025,0.04584155520240403,0.0,0.0,0.0,tracking_only,0
105,2.1,horse_stance_hold,0.4565217391304348,hold,nominal,-0.06767583065547451,-0.00016237736624386657,0.6926126793512358,0.9941804119803253,-0.0176529095778701,-0.00020317018407989515,0.6196890161732462,0.0319237619351061,-0.00041311770725155887,0.0029762173461060464,1.0690789810292223,0.18237475958658517,1.0845231305107075,-0.009629361504904808,-0.0003070009854329459,0.04336309568823193,0.035339414166278615,0.06797388635257892,double,1,1,163.2176629445005,163.77275388399258,326.990416828493,70.89354133679701,29.799349582557987,0.04551635457392587,0.0,0.0,0.0,tracking_only,0
106,2.12,horse_stance_hold,0.46086956521739136,hold,nominal,-0.06694859561589943,-0.0001624425186674714,0.6927252709477373,0.9943233815237204,-0.016989842972647072,-0.00020811196930145922,0.6197443896968552,0.03409803827664789,-0.00024680967312539436,0.002514310136254725,1.1399837610047039,0.19760025599269326,1.156982643138093,-0.008419440992724077,-0.0002701465677160743,0.04457161513160235,0.03600113344591157,0.06822908046174196,double,1,1,163.35074973786362,163.2760383004196,326.6267880382832,70.28042852090603,29.647602078032453,0.04515986563688576,0.0,0.0,0.0,tracking_only,0
107,2.14,horse_stance_hold,0.4652173913043479,hold,nominal,-0.06618289212147765,-0.00016442389253430785,0.6928354862503666,0.9944754105674777,-0.0162840087326365,-0.00021271477042822864,0.6197962081803757,0.03624390512039999,-0.0002591131479718702,0.002681296975076091,1.2117462527295768,0.20796210257104192,1.229462165790367,-0.007173871090748279,-0.00027784451941650863,0.04580990354881882,0.03669968032582287,0.06849639855752546,double,1,1,163.79486486644902,163.88844881686865,327.68331368331764,69.69852298431341,29.51491836926109,0.044784071769288634,0.0,0.0,0.0,tracking_only,0
108,2.16,horse_stance_hold,0.4695652173913044,hold,nominal,-0.06537851234002212,-0.0001698848008626143,0.69295239344967,0.9946303353010075,-0.015536209404722631,-0.00021846235860752575,0.6198551554467384,0.03831370980366255,-0.000310548716686959,0.0031973959733167063,1.2819051870702265,0.21706884461939324,1.3001537570387398,-0.005905355151028071,-0.00029652447904458346,0.047074022021887776,0.03744306203089464,0.06876610699913402,double,1,1,163.98517428990806,164.08230473487438,328.0674790247824,69.1152979760535,29.35984612365752,0.044414804681614496,0.0,0.0,0.0,tracking_only,0
109,2.18,horse_stance_hold,0.47391304347826096,hold,nominal,-0.06453044778649217,-0.00017738484756365096,0.6930833794322663,0.9947876319917077,-0.0147480616154476,-0.0002252501982767498,0.619925803034857,0.0402871805026506,-0.0003630966041498231,0.0038056481690139153,1.349254561176643,0.2261859607390598,1.3680818541634954,-0.004620562187867584,-0.0003165263959357457,0.04835688434076053,0.038229258174656215,0.06903436699550675,double,1,1,163.99457639325607,164.07396035959604,328.0685367528521,68.52667455430311,29.18501643057448,0.04405150469144864,0.0,0.0,0.0,tracking_only,0
110,2.2,horse_stance_hold,0.47826086956521746,hold,nominal,-0.06363722530270674,-0.00018664736565709677,0.6932301486606386,0.9949484967366194,-0.013921471929219317,-0.0002330890611311448,0.6200080248315271,0.042168708152996254,-0.0004153553470773263,0.0043438209426139044,1.4134604471114094,0.23541765846520726,1.4329312298451822,-0.0033202860807338853,-0.00033750912568595703,0.04965603441974373,0.039054700611510715,0.06929966357915587,double,1,1,163.9011954761862,163.97735823820977,327.87855371439593,67.93652023887677,28.99732885434213,0.04368969433312914,0.0,0.0,0.0,tracking_only,0
111,2.22,horse_stance_hold,0.482608695652174,hold,nominal,-0.06270043081024772,-0.00019757465042669796,0.6933907208120093,0.9951136470398918,-0.01305818341986215,-0.00024195368468100942,0.6200995347408805,0.043966082920473014,-0.00046563171022502033,0.0047431762099886515,1.4744669053861656,0.24456715010358226,1.4946122393413097,-0.0020043230665025627,-0.0003590218326493751,0.05097061020483444,0.0399165812120828,0.06956106294504806,double,1,1,163.77058808195014,163.85897843447987,327.62956651643003,67.34903888407568,28.802549330532152,0.04332769894082409,0.0,0.0,0.0,tracking_only,0
112,2.24,horse_stance_hold,0.4869565217391305,hold,nominal,-0.06172302626991328,-0.00021005256482026322,0.6935617546102705,0.995283031467282,-0.012159872787359916,-0.0002517892401738624,0.6201974205933981,0.045678441867489095,-0.0005125728273378334,0.004998868209283264,1.5321593300197052,0.2534564306086392,1.5529817689796954,-0.0006745883411902708,-0.000380669396340976,0.05229802272826118,0.040812550138794056,0.06981792143072321,double,1,1,163.64719795325533,163.76022605628685,327.4074240095422,66.76709521294167,28.60401251169606,0.042965904779821734,0.0,0.0,0.0,tracking_only,0
113,2.2600000000000002,horse_stance_hold,0.49130434782608695,hold,nominal,-0.06070837472924498,-0.00022393182624936775,0.6937400944398797,0.9954560891179894,-0.01122833223476551,-0.0002625153140586659,0.620299123527889,0.04729639514224798,-0.0005549444421597053,0.005143123471569564,1.5863197784538459,0.26198465998927195,1.607807949222653,0.0006647417569295069,-0.0004020607337896038,0.05363363238774913,0.04174035251298258,0.07006977166754738,double,1,1,163.55359027844727,163.70142739155534,327.25501767000264,66.19203919428172,28.41022133227496,0.042605503732849985,0.0,0.0,0.0,tracking_only,0
114,2.2800000000000002,horse_stance_hold,0.49565217391304345,hold,nominal,-0.059659868299185445,-0.00023903260647092426,0.6939235100294486,0.9956320508851263,-0.010265602960703718,-0.0002740277103986418,0.6204029137443583,0.048805601069032395,-0.000591595280501286,0.005221828006549621,1.6366406146216679,0.27011222869576074,1.6587806116301764,0.0020080001776500538,-0.0004228017349440139,0.054971446465831325,0.0426976220212785,0.07031626661967669,double,1,1,163.49431273696393,163.68583536311496,327.18014810007884,65.62405827064576,28.213987287358428,0.04224767433307447,0.0,0.0,0.0,tracking_only,0
115,2.3000000000000003,horse_stance_hold,0.5,hold,nominal,-0.05858085984485028,-0.00025514975276588097,0.6941108357950169,0.9958101331022501,-0.009274029551658099,-0.0002862002770908007,0.6205079606267655,0.05019077639427118,-0.0006214753202514447,0.005277102838993791,1.6827694459431717,0.27782665856616473,1.7055499583447942,0.0033489851739376443,-0.0004425017468569416,0.05630505737760707,0.04368180874288621,0.07055715916156574,double,1,1,163.46180298516433,163.70504862759526,327.1668516127596,65.06270961372984,28.013610510766593,0.04189321132944371,0.0,0.0,0.0,tracking_only,0
116,2.32,horse_stance_hold,0.5043478260869565,hold,nominal,-0.05747469241689958,-0.00027205763550603915,0.6943017411256542,0.9959896139642589,-0.008256241097734514,-0.00029888725194452466,0.6206141330042095,0.05143896019460229,-0.0006436660414276521,0.0053370922202754575,1.724373916405224,0.28511062649301194,1.7477853051556214,0.004681799454155146,-0.00046078355222664276,0.05762848140269665,0.04469019759545928,0.07079229938978322,double,1,1,163.4426959622067,163.74491655718128,327.187612519388,64.5074154210635,27.807712686376558,0.04154247292407519,0.0,0.0,0.0,tracking_only,0
117,2.34,horse_stance_hold,0.5086956521739131,hold,nominal,-0.056344723148473365,-0.0002895170035173277,0.694496337083541,0.9961698296925139,-0.007215080556586231,-0.00031192496230462844,0.620721672139553,0.052541537047359886,-0.0006571469693760506,0.0054124294289675965,1.761201242848783,0.2919216312472417,1.7852305331811207,0.006001427473585874,-0.00047722633500587203,0.058936731820478774,0.04571997490541067,0.07102163574057213,double,1,1,163.42152354149712,163.7905655334201,327.21208907491723,63.957591999765334,27.59533519816297,0.041195506438295684,0.0,0.0,0.0,tracking_only,0
118,2.36,horse_stance_hold,0.5130434782608696,hold,nominal,-0.05519426688148427,-0.00030728890246643504,0.6946947314044145,0.9963501332986053,-0.0061534942075511904,-0.00032512160121789686,0.6208308098833384,0.0534967397620928,-0.0006605589205680621,0.005492874444673884,1.793155051091507,0.2981860674744918,1.8177788556617351,0.007304472288165923,-0.0004912958365261809,0.06022658618991318,0.04676836948781747,0.0712452714679748,double,1,1,163.3804092473713,163.82296438341936,327.2033736307906,63.41356416014873,27.377000438034745,0.04085218669952588,0.0,0.0,0.0,tracking_only,0
119,2.38,horse_stance_hold,0.5173913043478261,hold,nominal,-0.05402646964087893,-0.0003251054815840015,0.6948965849527491,0.9965298443051371,-0.005074373433892609,-0.0003382813402894943,0.6209413956555729,0.05431029317688415,-0.0006544941946376308,0.005555418805904707,1.8203466591939301,0.30378576495533416,1.845520997070475,0.008589472303092491,-0.000502944559509368,0.0614969148654946,0.04783282167169567,0.07146350019960354,double,1,1,163.32048032620077,163.83784611590312,327.1583264421039,62.8765349710075,27.15436115964994,0.040512468578022626,0.0,0.0,0.0,tracking_only,0
120,2.4,horse_stance_hold,0.5217391304347826,hold,nominal,-0.05284431843318388,-0.0003426921567805168,0.6951010582139768,0.9967082177825916,-0.0039804786324336774,-0.0003512190102684601,0.6210528721663675,0.0549885084018829,-0.0006393017473724195,0.005583419134607788,1.8429297272943375,0.3085945872052845,1.8685878622632601,0.009855240046310942,-0.0005120744214178155,0.0627468251316213,0.04891086563363295,0.07167660655365038,double,1,1,163.25008335621578,163.84289958710025,327.09298294331603,62.34782500471183,26.92912186713913,0.0401766538084685,0.0,0.0,0.0,tracking_only,0
121,2.42,horse_stance_hold,0.5260869565217392,hold,nominal,-0.05165066415302154,-0.0003597932995839771,0.6953070369953566,0.9968844689522955,-0.002874470295227726,-0.0003637545260100955,0.6211644568659541,0.05553517046756695,-0.0006152086310143177,0.0055699127234146275,1.8610085210904281,0.31251885327189327,1.8870667050270273,0.011100049856477117,-0.0005185617470779268,0.06397477441906414,0.050000023820281715,0.07188479697273906,double,1,1,163.1774014201758,163.84528416084987,327.02268558102566,61.828582231374725,26.7027206095651,0.03984531565542267,0.0,0.0,0.0,tracking_only,0
122,2.44,horse_stance_hold,0.5304347826086957,hold,nominal,-0.050448244862662014,-0.0003761757043772116,0.6955133528719232,0.9970578228434792,-0.0017589634719049807,-0.0003757129045012754,0.6212753195799632,0.055951369019792016,-0.0005825035319580101,0.005515890055899931,1.8746262939027067,0.3155053392427079,1.9009911522366572,0.012321542604769552,-0.0005223035003188293,0.06517850354990098,0.05109778094266252,0.07208822277501511,double,1,1,163.10869324787842,163.8499985654948,326.95869181337315,65.1583961838092,34.02852624554659,0.03951913548725365,0.0,0.0,404.5296671649321,tracking_only,0
123,2.46,horse_stance_hold,0.5347826086956522,hold,nominal,-0.049997264303093134,0.004738408307469898,0.6956584027631862,0.9972600765833202,-0.0010503649528736225,0.0023758019057060977,0.6214090875057581,0.019220173771478926,0.2474442776643855,0.007687304369386076,8.278893602733232,0.40527286870780654,8.288807235271424,0.0037870306578765443,0.06465337946097084,0.05652575260202154,0.05187464338306063,0.07236103914405592,double,1,1,155.65588774382428,175.26918914831796,330.9250768921422,70.73555544358967,39.875836719653805,0.03956289652673044,0.0,0.0,404.5296671649321,tracking_only,0
124,2.48,horse_stance_hold,0.5391304347826087,hold,fall,-0.05047367992976703,0.017121953524671378,0.695780771608924,0.9974468249504558,-0.001009312250111828,0.009822764272822245,0.6215345802293303,-0.011570813010432958,0.4710292346379972,0.003741992370037001,15.709885694841224,0.6220548393434,15.722196435871403,-0.003921786000095227,0.12838489816272128,0.048563848441228824,0.05221025503299213,0.0727701744898229,double,1,1,166.7756825348701,151.91681526835208,318.6924978032222,76.89799238512984,43.56743495068166,0.041585986493693924,0.0,0.0,404.5296671649321,tracking_only,0
125,2.5,horse_stance_hold,0.5434782608695653,hold,fall,-0.05152452835769267,0.03498754356801987,0.6958278579697788,0.9976159960432165,-0.0015424457187740914,0.021551638256842583,0.6215855304391502,-0.039442402525344,0.6783734749797293,0.0026519366833097613,22.656117005618167,1.178916699062629,22.686768883108705,-0.011470846620309685,0.19231111002682036,0.005683601454127579,0.052092225944393715,0.07323884216736422,double,1,1,196.8688759829305,131.13286044432937,328.00173642725986,84.30262911779712,47.65919013659942,0.04600818853222905,0.0,0.0,404.5296671649321,tracking_only,0
126,2.52,horse_stance_hold,0.5478260869565218,hold,fall,-0.05312426112256017,0.05710516245656312,0.6958420419224827,0.997688930881583,-0.002648230571215149,0.03722046379787992,0.6216726161061928,-0.07000240238782234,0.8666712771272481,0.006625530543266117,28.990757335273134,1.9169063013807162,29.0540623775913,-0.02027039745791833,0.255393345877501,-0.05655133790425636,0.05134945074035586,0.07355794285433845,double,1,1,242.74383185624487,92.86987134463331,335.61370320087815,92.28508400788077,52.72865190653738,0.05190999895748968,0.0,0.0,404.5296671649321,tracking_only,0
127,2.54,horse_stance_hold,0.5521739130434783,hold,fall,-0.05533822347305975,0.08266788436601721,0.6957806518200889,0.9975281508047794,-0.004444185201094466,0.05646808195625191,0.6218282677131288,-0.1076328411599475,1.0383851630515974,0.007727928818827114,34.80739052763587,2.7606860779890394,34.91669833997134,-0.03154270262995473,0.31790035611696266,-0.11810138844714678,0.04985641429612535,0.07374130426601082,double,1,1,279.82190322681174,40.48239739734498,320.3043006241567,89.58418330518373,48.561337749630766,0.05842935272086883,0.0,0.0,0.0,tracking_only,0
128,2.56,horse_stance_hold,0.5565217391304348,hold,fall,-0.05777830094378214,0.10614731694105835,0.6954346495530499,0.9967182310996678,-0.006617394808010163,0.07629234618087324,0.6219697469609474,-0.11218580753258435,0.9548027631678199,0.008628543252093834,32.05449409537474,3.6249232848885558,32.2588074877504,-0.034865416960592144,0.3167085824100171,-0.1156510666896346,-0.07455941684429786,0.009333461774870499,single_left,1,0,328.9819659794001,0.0,328.9819659794001,87.59350486414283,48.18325049593275,0.06154878930432914,0.0,0.0,0.0,tracking_only,0
129,2.58,horse_stance_hold,0.5608695652173914,hold,fall,-0.06018232149222209,0.12523409697074006,0.6949555155944286,0.9950212420410772,-0.009025273136084618,0.09460323664782246,0.6222265552190622,-0.12733524911427235,0.8848798756072714,0.01856182680513692,29.813230867327363,4.181137748580892,30.104993732289152,-0.041094494062444455,0.3174591105831939,-0.11622494762995034,-0.05736605954529377,0.009319249938319805,single_left,1,0,354.51455496832557,0.0,354.51455496832557,85.29843548890815,49.15171878483543,0.06143930784279564,0.0,0.0,0.0,tracking_only,0
130,2.6,horse_stance_hold,0.5652173913043479,hold,fall,-0.0626939071458452,0.14170032339243605,0.6947955798720968,0.9926707609489845,-0.011746236249187116,0.1116099233357935,0.6228120515350618,-0.14318566551203338,0.8233368159585991,0.03852702991226557,27.892609966817076,4.648050638023327,28.277235817784813,-0.047824326658939625,0.3190637908553444,-0.11790076438843657,-0.04125179739777285,0.00930319968927562,single_left,1,0,364.6704826972581,0.0,364.6704826972581,82.59683885403099,48.923388621253935,0.05987930683691218,0.0,0.0,0.0,tracking_only,0
131,2.62,horse_stance_hold,0.5695652173913044,hold,fall,-0.06545826472734738,0.15648900911324395,0.6951826987843179,0.9897533103958127,-0.014780780487552532,0.12746893574500992,0.6238415265184514,-0.1585520314050747,0.7692795847947431,0.06142822130698223,26.267726275440474,5.0699551220060535,26.75253050873172,-0.05476369489771409,0.3214622862165093,-0.12047214822775329,-0.026154802000715405,0.009285461045225442,single_left,1,0,365.33771586024443,0.0,365.33771586024443,79.34928642671211,47.956209069836206,0.057442582279379296,0.0,0.0,0.0,tracking_only,0
132,2.64,horse_stance_hold,0.5739130434782609,hold,fall,-0.06857521990213361,0.17021156494337078,0.6961273118391383,0.986167399285671,-0.01810896254828919,0.1423284273417328,0.6253201468952074,-0.17256330189017696,0.7226291747630461,0.08291324649837659,24.924496774447437,5.457827889586098,25.515062702877774,-0.0616767142651627,0.324773525022364,-0.12400086165008044,-0.011943763266902364,0.009266226392586844,single_left,1,0,360.39833628480653,0.0,360.39833628480653,75.42822422893929,46.592217229817955,0.054477576716621734,0.0,0.0,0.0,tracking_only,0
133,2.66,horse_stance_hold,0.5782608695652175,hold,fall,-0.07207686895821723,0.18331705105916546,0.69751853098382,0.9816996181419823,-0.02169775615928846,0.15633936119754757,0.6271873702203503,-0.18474976810471683,0.6836680960673993,0.10039679833051252,23.847985929858517,5.805397057970552,24.54443048659763,-0.06841186307757484,0.32920531314944285,-0.12866857407084856,0.0015276311436040627,0.009245675639235014,single_left,1,0,352.1988973082269,0.0,352.1988973082269,70.8496116063299,45.08607687441697,0.05125295746669965,0.0,0.0,0.0,tracking_only,0
134,2.68,horse_stance_hold,0.582608695652174,hold,fall,-0.07593901641125829,0.1961376172709939,0.699186742964267,0.9761075202462345,-0.025508871412327848,0.16965918898127455,0.629344447230593,-0.19500794036142488,0.652744777795636,0.11240333067729112,23.020805533674842,6.099749930791688,23.81521439411091,-0.0749014834983445,0.33498973675834665,-0.1347363536150454,0.014413621784630735,0.009223878606937852,single_left,1,0,342.2468869916891,0.0,342.2468869916891,65.80387729222397,43.61690954240819,0.04794943841464472,0.0,0.0,0.0,tracking_only,0
135,2.7,horse_stance_hold,0.5869565217391305,hold,fall,-0.08010517854646748,0.20890781174129522,0.7009428020150619,0.9691757762300304,-0.0295051097877821,0.18245159405460246,0.6316720723583441,-0.2035063716022417,0.6301348949166561,0.1181822113576095,22.426766554368132,6.3269143875210325,23.302139467249475,-0.08114547981741767,0.34235026890141596,-0.14258766717193022,0.019513877611362824,0.009200767594336625,single_left,1,0,331.51644578988476,0.0,331.51644578988476,60.619313559269045,42.294747476939996,0.0446805010075439,0.0,0.0,0.0,tracking_only,0
136,2.72,horse_stance_hold,0.5913043478260871,hold,fall,-0.08450903016056652,0.22178371975830327,0.7026032357508786,0.9607530945822805,-0.03365472035061772,0.1948843023589656,0.6340416863630068,-0.21058465611028362,0.6159703419677398,0.11743241740100027,22.054497157382936,6.475085312436031,22.985377409743283,-0.08719136224061698,0.3514815788268064,-0.15236697784209685,0.010953872626194738,0.009176131727446385,single_left,1,0,320.5672739184182,0.0,320.5672739184182,55.68985468442621,41.17124384151193,0.04153676886376144,0.0,0.0,0.0,tracking_only,0
137,2.74,horse_stance_hold,0.5956521739130436,hold,fall,-0.08909068659851925,0.2348653594657854,0.7040049416825709,0.9507761466346429,-0.037933826082111516,0.20712576750421846,0.6363219335080954,-0.21666236349819376,0.6101951700143983,0.11008870191409427,21.898817608636982,6.536683199181497,22.853587024859156,-0.09311455325967147,0.3625335303384406,-0.16416579480162719,-0.0014469307039279634,0.009149601662417368,single_left,1,0,309.64408231333147,0.0,309.64408231333147,51.3866487123459,40.256995870519084,0.03861989871978952,0.0,0.0,0.0,tracking_only,0
138,2.7600000000000002,horse_stance_hold,0.6,hold,fall,-0.09380624606988182,0.24821949164510979,0.7050106964580924,0.9392814688398503,-0.042327172464896555,0.21934112518647272,0.6383815453642072,-0.22216364493274326,0.6125389491798642,0.09617763992929018,21.959914520479845,6.509599440495597,22.904426005086485,-0.09900049185061344,0.3755980839412284,-0.17804239096922403,-0.013921040175686851,0.009120621906906087,single_left,1,0,298.8093824748619,0.0,298.8093824748619,47.970996503996254,39.542491882486566,0.03604738731499288,0.0,0.0,0.0,tracking_only,0
139,2.7800000000000002,horse_stance_hold,0.6043478260869565,hold,fall,-0.0986314457559552,0.2618991280625907,0.7055071360166978,0.9264043317100839,-0.046827566962186644,0.23168778083044095,0.6400902447984079,-0.22746292277242344,0.62250979450779,0.07575806808972103,22.24124360471142,6.39771202009815,23.14311206765903,-0.10493032068287228,0.39070065571198087,-0.19400787517237242,-0.026617298917381058,0.00908842166526612,single_left,1,0,288.09275643143206,0.0,288.09275643143206,45.53485962266315,39.01670166936878,0.03392951916778255,0.0,0.0,0.0,tracking_only,0
140,2.8000000000000003,horse_stance_hold,0.6086956521739131,hold,fall,-0.10356080094099218,0.2759570244016273,0.7053980694191253,0.9123640989934149,-0.05143448964068583,0.24431107860224888,0.6413193748989587,-0.23285583176291086,0.6394110248235763,0.04894048694998158,22.74695518968255,6.210722211358752,23.57958949575015,-0.1109718801312001,0.4077979175645735,-0.21201726180364633,-0.03967306582514839,0.009051996238022225,single_left,1,0,277.6103339915721,0.0,277.6103339915721,43.998448233146284,38.68103056415845,0.03233351584682035,0.0,0.0,0.0,tracking_only,0
141,2.82,horse_stance_hold,0.6130434782608696,hold,fall,-0.10860380562851533,0.29045258861873524,0.7045965676276995,0.8974378617879022,-0.056152433834067185,0.25734035419580703,0.641943653384697,-0.23856507198781107,0.6623289383821954,0.015980016978821815,23.477663611154508,5.964588914458031,24.223480541759564,-0.11717926371697535,0.4267693284894226,-0.2319569490659092,-0.05321141959081458,0.009010091388061746,single_left,1,0,267.7883979662963,0.0,267.7883979662963,43.13912705026535,38.54291527560827,0.03125675918639953,0.0,0.0,0.0,tracking_only,0
142,2.84,horse_stance_hold,0.6173913043478261,hold,fall,-0.11378039171075367,0.3054593757146979,0.7030175820000844,0.8819334258908029,-0.060990476585506215,0.2708821834905221,0.6418466109913826,-0.24482233821048885,0.6900155379002849,-0.022546671906248497,24.42264875677297,5.684440358332061,25.075458809045518,-0.123613230729014,0.44738026655342855,-0.2536195861189766,-0.06734738895900318,0.008961074679759247,single_left,1,0,258.7762210782175,0.0,258.7762210782175,42.696021454107935,38.55797711750961,0.03062248214832332,0.0,0.0,0.0,tracking_only,0
143,2.86,horse_stance_hold,0.6217391304347827,hold,fall,-0.11911092626770267,0.3210567855852437,0.7005721554490505,0.8661120596053937,-0.06595920832584393,0.285020849842708,0.6409193486584539,-0.25153563366964854,0.7214450810864352,-0.06649341036727809,25.570168342930454,5.391573773877363,26.132404727559326,-0.13025265459241794,0.4694249037670637,-0.27681031876436796,-0.08226237120385702,0.00890316777936927,single_left,1,0,249.78724406128015,0.0,249.78724406128015,42.61499508653235,38.78688308334065,0.03028818974628645,0.0,0.0,0.0,tracking_only,0
144,2.88,horse_stance_hold,0.6260869565217392,hold,fall,-0.12460571469597674,0.33731861797277146,0.6971589923344811,0.8501560010331786,-0.07106558303634469,0.29981983493148784,0.6390557884649537,-0.2585461093632935,0.7556393835554059,-0.11554622272581411,26.90503937316716,5.1067804548388045,27.385403964258014,-0.13705478702851442,0.4926830791270875,-0.3013124835226127,-0.0980277322166125,0.008834548443662231,single_left,1,0,241.86417288899705,0.0,241.86417288899705,42.95413285993533,39.296177916108135,0.030130519127971687,0.0,0.0,0.0,tracking_only,0
145,2.9,horse_stance_hold,0.6304347826086957,hold,fall,-0.13027210843771245,0.35430067627023243,0.6926823274396737,0.8341781856124029,-0.0763166482373113,0.3153275968544973,0.6361648086874979,-0.26600437531848675,0.7920114539037486,-0.16856064052212968,28.417396059246705,4.844311688727943,28.827343868723606,-0.14405569751352443,0.517016395540895,-0.32700125696770815,-0.11465988904580372,0.008753550735312268,single_left,1,0,236.48469933673397,0.0,236.48469933673397,43.66545773762575,39.36559294224937,0.030098964138460242,0.0,0.0,0.0,tracking_only,0
146,2.92,horse_stance_hold,0.6347826086956522,hold,fall,-0.13611499882600295,0.3720521558221594,0.6870547743627308,0.8182194590871927,-0.08171968873838309,0.33157504588646813,0.6321718221547545,-0.2730875959103552,0.82863906408868,-0.22643220452679416,30.053134255162423,4.641031065265839,30.40937434258685,-0.15104391604106904,0.5419279278592753,-0.35333705111802327,-0.13216919580663353,0.008657348319912099,single_left,1,0,230.71704683899523,0.0,230.71704683899523,45.073255529591044,40.872772572799306,0.030152857548768734,0.0,0.0,0.0,tracking_only,0
147,2.94,horse_stance_hold,0.6391304347826088,hold,fall,-0.14209987718490913,0.3906157095529434,0.6801482635351378,0.8021087345700135,-0.08726131962208455,0.3485678394421807,0.6269932185795508,-0.28053451500380505,0.8670507591994611,-0.28562064140107546,31.841327991801293,4.478955772315175,32.15480077829474,-0.1581836862977919,0.5677682892319705,-0.3807271196359089,-0.1505735750399669,0.008545536929100973,single_left,1,0,230.861833893722,0.0,230.861833893722,47.06952588403558,41.83528166478075,0.0303708616388675,0.0,0.0,0.0,tracking_only,0
148,2.96,horse_stance_hold,0.6434782608695653,hold,fall,-0.14822403947853557,0.41000217544563455,0.6719079572892102,0.7857414244610541,-0.09294648187844112,0.3663164059732555,0.6205863217646859,-0.28771848918040405,0.9048783692803739,-0.34791331200283787,33.716294198783864,4.398297711702088,34.00196343242123,-0.16531244841535592,0.5939083065767063,-0.4084943437546762,-0.1698499656253623,0.008414795637531147,single_left,1,0,225.2524230996982,0.0,225.2524230996982,49.48031085193818,43.102573812839054,0.03081075128583448,0.0,0.0,0.0,tracking_only,0
149,2.98,horse_stance_hold,0.6478260869565218,hold,fall,-0.15451802248148147,0.43019658960071777,0.662342325423099,0.7689232048904501,-0.09879767255895838,0.3848519667515015,0.61296180425359,-0.29695857087122884,0.945232050481597,-0.4079369883285826,35.72423021883358,4.362065546951113,35.98955738216463,-0.17302743442031948,0.6211285281759589,-0.43752764494089214,-0.19000178590322264,0.008265281092705974,single_left,1,0,228.39308841428203,0.0,228.39308841428203,52.02647386966394,44.05353754997732,0.03153418574606538,0.0,0.0,0.0,tracking_only,0
150,3.0,horse_stance_hold,0.6521739130434783,hold,fall,-0.1610393415879014,0.45120152932585306,0.6514993435208318,0.7514377476890941,-0.10485671235130987,0.4042139140174338,0.6041570054179728,-0.3082605449605461,0.9873215887990243,-0.46613842398452393,37.82586746020007,4.391518966543634,38.0799381295471,-0.18135616820225492,0.6492325047121424,-0.4676094374000078,-0.21103805056800595,0.008094038744106916,single_left,1,0,231.23112788100087,0.0,231.23112788100087,54.474217469846316,44.51169605631039,0.03248804955264489,0.0,0.0,0.0,tracking_only,0
151,3.02,horse_stance_hold,0.6565217391304349,hold,fall,-0.16783594038816843,0.47304165436799955,0.6394011875506279,0.732951225483064,-0.11116257913173726,0.42443406726937444,0.5942042317711487,-0.32139331712222535,1.0309198380485598,-0.5229707921379143,40.003644037065676,4.49952111385888,40.255896791629446,-0.19026143625651673,0.6781561474515598,-0.49865564318924605,-0.2329859644661534,0.007898435961729717,single_left,1,0,232.90826453290356,0.0,232.90826453290356,56.61263518480813,44.336152731200315,0.03357832265599028,0.0,0.0,0.0,tracking_only,0
152,3.04,horse_stance_hold,0.6608695652173914,hold,fall,-0.1749497698772903,0.49574449370412904,0.6260459090547631,0.7130484707293909,-0.11774872514304274,0.4455406366576985,0.5831208057948001,-0.33605798199754205,1.075853433806071,-0.5794242455865148,42.254265108130724,4.694258564612619,42.51422095369539,-0.19968174838152353,0.7078403858535884,-0.5305842478881198,-0.25587221420730744,0.007676070879449871,single_left,1,0,232.55551356123493,0.0,232.55551356123493,58.25070636615404,43.419267043871415,0.03469540666005869,0.0,0.0,0.0,tracking_only,0
153,3.06,horse_stance_hold,0.6652173913043479,hold,fall,-0.1824163878595705,0.5193309755523908,0.611402402373057,0.6912501601749619,-0.12464217149674796,0.46755737173099776,0.5708989211671156,-0.35191610185390726,1.121842858442251,-0.6369588989540453,44.58363972897515,4.979956288640009,44.86090610007577,-0.20953758848221127,0.7381881179739083,-0.5632694722131572,-0.2797155929968836,0.0074247733664892495,single_left,1,0,229.47602791303117,0.0,229.47602791303117,59.2247949313194,41.689506151682046,0.03572412548624496,0.0,0.0,0.0,tracking_only,0
154,3.08,horse_stance_hold,0.6695652173913044,hold,fall,-0.1902628414666905,0.5438084270639597,0.595405820105709,0.6670274597761651,-0.1318626335915325,0.4905003471896212,0.5574975813362257,-0.36857883323066903,1.1684092912664241,-0.6973792454257476,47.00236014739957,5.357220018582964,47.30667675659918,-0.21972793051862322,0.7690367688545252,-0.596511302838875,-0.30452060718783747,0.007142660894927159,single_left,1,0,223.2018550709036,0.0,223.2018550709036,59.40736670114463,39.113842717383484,0.03655197577597805,0.0,0.0,0.0,tracking_only,0
155,3.1,horse_stance_hold,0.673913043478261,hold,fall,-0.19850484651401187,0.5691644726508758,0.5779549606228092,0.6398155006639588,-0.13942131031219868,0.5143732891707669,0.5428372896241442,-0.3855879931590297,1.2148164188999921,-0.7626897343067259,49.522008724254164,5.823476426602945,49.86323521168984,-0.23012476631111012,0.8001395722329193,-0.6300137498438558,-0.3302704629536139,0.006828237141993881,single_left,1,0,213.5115826464276,0.0,213.5115826464276,58.71467456147253,35.698248302429825,0.03707781843477151,0.0,0.0,0.0,tracking_only,0
156,3.12,horse_stance_hold,0.6782608695652175,hold,fall,-0.20714382315298163,0.5953615474981938,0.5589119332359386,0.6090276964867629,-0.14731928286067852,0.5391620775345163,0.5267976885746389,-0.4023973502977571,1.2600425319459838,-0.8349463314803377,52.152689100748546,6.373525462886376,52.540696676627704,-0.2405679298416299,0.831155206106243,-0.6633719479678765,-0.35691985742755006,0.00648052277761371,single_left,1,0,200.42973423767745,0.0,200.42973423767745,57.11335994082219,33.40545492619405,0.03721992460239276,0.0,0.0,0.0,tracking_only,0
157,3.14,horse_stance_hold,0.682608695652174,hold,fall,-0.21616408665759096,0.6223321460005277,0.5381040807790506,0.5740730327674645,-0.15554558719108283,0.5648290142564141,0.5092181275445059,-0.41835917449937526,1.3027813276553646,-0.9161128571593553,54.90190150534361,7.0000830201249356,55.34636348660219,-0.2508617875485556,0.8616461360450471,-0.696069042402537,-0.38438833503499525,0.006099196885866144,single_left,1,0,184.21270358312813,0.0,184.21270358312813,54.626650243248875,33.335615515833176,0.03692240582074662,0.0,0.0,0.0,tracking_only,0
158,3.16,horse_stance_hold,0.6869565217391305,hold,fall,-0.22553038263627662,0.6499750480244154,0.5153279893348173,0.5343781274306987,-0.1640751212563593,0.591307396454707,0.48990097617924916,-0.4327207937160622,1.3414679309032145,-1.0079297483888687,57.77458946230924,7.694221919881245,58.28468270901674,-0.26077533048608836,0.891085524700679,-0.7274832458320181,-0.4125548534645654,0.0056847142486134775,single_left,1,0,165.3221232913917,0.0,165.3221232913917,51.341497272480325,32.5103955237828,0.036160013199689964,0.0,0.0,0.0,tracking_only,0
159,3.18,horse_stance_hold,0.6913043478260871,hold,fall,-0.23518595098149164,0.678152725737913,0.4903552762438156,0.48941512695694456,-0.17286663170982763,0.6184968317317324,0.4686173523925631,-0.44463472355523687,1.3743239409190058,-1.1118024620244242,60.77397034045012,8.445700628881806,61.35800950205772,-0.27004689134837234,0.9188718369451641,-0.7569045051085291,-0.4412539426611288,0.005238356435400222,single_left,1,0,144.38702204266207,0.0,144.38702204266207,47.419123161235404,30.954679021041176,0.034941998282095904,0.0,0.0,0.0,tracking_only,0
160,3.2,horse_stance_hold,0.6956521739130436,hold,fall,-0.2450513356214822,0.7066899607697118,0.4629397239732854,0.43873533517351776,-0.18186107005477478,0.6462595805709616,0.44511480385682917,-0.4531835162212343,1.3994128525986846,-1.2287152619235326,63.9026527685017,9.243226199931048,64.56768744066021,-0.27839402941283126,0.9443495577869532,-0.7835591676384119,-0.47027352690075463,0.004762178684289239,single_left,1,0,122.15861377245096,0.0,122.15861377245096,43.06783309355392,28.690313595501642,0.033316130929395685,0.0,0.0,0.0,tracking_only,0
161,3.22,horse_stance_hold,0.7000000000000001,hold,fall,-0.2550233030184179,0.7353732335766593,0.43282475811845783,0.38200593975519553,-0.19098094211574396,0.6744166633002961,0.4191251174465865,-0.45747339778307844,1.4144499992576065,-1.359403321266909,67.16339568531971,10.074067030612511,67.91471524286983,-0.28554001057834905,0.9667813668325262,-0.806514218621199,-0.4992390913113821,0.004258781060763824,single_left,1,0,98.37077136375082,0.0,98.37077136375082,38.577800814898765,25.688302926950293,0.031366406051399794,0.0,0.0,0.0,tracking_only,0
162,3.24,horse_stance_hold,0.7043478260869567,hold,recovery,-0.26497306495640816,0.7639437460340689,0.39974624479406184,0.319041440828618,-0.20013063595596572,0.7027376422831924,0.3903648868594722,-0.4564848103187157,1.4170474385526595,-1.504311108591874,70.5648059477502,10.921511500919626,71.40498058194794,-0.2911905424919725,0.9854112480524633,-0.8242032161761749,-0.5274333740992848,0.0037324709085096303,single_left,1,0,75.79828017368362,0.0,75.79828017368362,35.44703311202428,23.06382385874338,0.029199383583835,0.0,0.0,0.0,tracking_only,0
163,3.2600000000000002,horse_stance_hold,0.7086956521739131,hold,recovery,-0.27473374715194954,0.7921483605213773,0.3632520428917699,0.2502968317205231,-0.209165037606472,0.7309020336082441,0.35864219276001064,-0.4451146955084249,1.3974303667666914,-1.6515939754909466,73.64318950752177,12.07557198364986,74.62666279268473,-0.29427259369653946,0.9980958255043121,-0.834344648648806,-0.5545779305604885,0.0031623896076486205,single_left,1,0,78.88181767022039,0.0,78.88181767022039,31.19837402915691,21.225527393108976,0.02699491681888094,0.0,0.0,0.0,tracking_only,0
164,3.2800000000000002,horse_stance_hold,0.7130434782608696,hold,recovery,-0.2839742132701275,0.8196898913099069,0.3228420325213088,0.1753897898088503,-0.2178854209632622,0.7585864823659665,0.3238771864606777,-0.43140246273591093,1.3796287355903212,-1.8162244113602248,77.39278896722931,12.910921102547062,78.4623200513615,nan,nan,-999.0,-999.0,0.0,no_contact,0,0,0.0,0.0,0.0,46.46996614896965,25.0,0.025051189670423458,0.0,0.0,0.0,tracking_only,0
165,3.3000000000000003,horse_stance_hold,0.717391304347826,hold,recovery,-0.29250490993944595,0.8483908335724378,0.2790624087787988,0.09666401174740984,-0.22670654361042855,0.7869287311374292,0.28747318041124764,-0.46628529616091585,1.4935418975267567,-1.7663236894876815,78.67371281622968,11.993732022266203,79.58267836729621,nan,nan,-999.0,-999.0,0.0,no_contact,0,0,0.0,0.0,429.1444937123938,43.53672444233509,25.0,0.024002058382101656,0.0,0.0,0.0,tracking_only,0
166,3.3200000000000003,horse_stance_hold,0.7217391304347827,hold,recovery,-0.3009118865014145,0.8798532342078293,0.23449768743157406,0.02557733696101533,-0.236346520867973,0.8178225900974202,0.2518884981303971,-0.48533151396486357,1.5657830649262519,-1.8072712497745045,81.35137983269205,11.777935820989489,82.19955457839343,nan,nan,-999.0,-999.0,0.0,no_contact,0,0,0.0,0.0,99.4916211988211,42.17219190125295,25.0,0.03700104641281135,0.0,0.0,0.0,tracking_only,0
167,3.34,horse_stance_hold,0.7260869565217392,hold,recovery,-0.3094804901995419,0.9098705285007798,0.19053522207313298,-0.04513916532151943,-0.24588409205292613,0.8488395750725201,0.21463195679472186,-0.454215446325024,1.507253872028855,-1.817074364080505,80.15674551873911,13.202931048407454,81.23682194931622,-0.3130694426556326,1.0717852733284152,-0.8681036484705228,-0.6357367439509155,0.0007670251130866296,single_left,1,0,129.4785919923721,0.0,2297.0895001223475,76.28819553729879,37.37839188453632,0.054156260290019576,0.0,0.0,0.0,tracking_only,0
168,3.36,horse_stance_hold,0.7304347826086957,hold,recovery,-0.31597128151875414,0.9301948645264317,0.1724719168989827,-0.1282639317635738,-0.2524573730882492,0.8706826948566448,0.19651902688904455,-0.18772430967882534,0.5864854740781268,-0.08570764955233631,20.7292749965237,4.238780717406953,21.158215989344747,nan,nan,-999.0,-999.0,0.0,no_contact,0,0,0.0,0.0,2996.60505154742,51.6197837462816,25.0,0.07251377283729271,0.0,0.0,0.0,tracking_only,0
169,3.38,horse_stance_hold,0.7347826086956523,hold,recovery,-0.3192903627681722,0.9345690985621194,0.17898455997482637,-0.14759549400941752,-0.25435706349829973,0.8764398873335201,0.20120798015897737,-0.04496679961795124,0.13699939906083333,0.35178629691357577,12.6759692672221,1.7507881123569418,12.796306337296304,nan,nan,-999.0,-999.0,0.0,no_contact,0,0,0.0,0.0,989.7890112202189,34.53548236205492,19.620121832713675,0.08014221654413994,0.0,0.0,0.0,tracking_only,0
170,3.4,horse_stance_hold,0.7391304347826088,hold,recovery,-0.3202246485440227,0.934960197623688,0.1856225456741272,-0.14420357585649224,-0.2546742024574092,0.8777226435090919,0.20818384287280906,0.001098344908164165,0.027712665761576796,0.31862807067907994,10.663592145653245,1.4225920014251585,10.758065135114046,nan,nan,-999.0,-999.0,0.0,no_contact,0,0,0.0,0.0,331.65875572643455,28.231243822906904,15.885911894892635,0.0758028059131046,0.0,0.0,0.0,tracking_only,0
171,3.42,horse_stance_hold,0.7434782608695653,transition,recovery,-0.3204439693284921,0.9342368266853216,0.19043382764998734,-0.13604318909572893,-0.2543819714236158,0.8779022985452961,0.21339649571582897,0.02423510765154823,-0.00010159516197966977,0.2122478732380101,7.1225693425588315,1.2165237305610124,7.2257127002515835,nan,nan,-999.0,-999.0,0.0,no_contact,0,0,0.0,0.0,194.25120256505795,24.19999867721187,11.76228569156105,0.06902510159428685,0.0,0.0,0.0,tracking_only,0
172,3.44,horse_stance_hold,0.7478260869565218,transition,recovery,-0.3203894678494033,0.9333864204450825,0.19373541942913167,-0.12900908718036583,-0.25370770398960646,0.8779017572394204,0.21646169292730455,0.04085059266450361,0.002494896276570988,0.10685921530934038,3.81517770190021,1.1678224940939295,3.9899110610123047,nan,nan,-999.0,-999.0,0.0,no_contact,0,0,0.0,0.0,200.94186967288536,21.388326831610918,11.638558598872232,0.0631954563799306,0.0,0.0,0.0,tracking_only,0
173,3.46,horse_stance_hold,0.7521739130434784,transition,recovery,-0.31998396920590244,0.9328964310364221,0.1955686465668829,-0.12261619469235958,-0.2527650710406268,0.8780042723052457,0.21759706569390513,0.04672290960317996,0.0035443796434000236,0.027049885466791056,1.8039034435568053,1.060861878416962,2.092724434500268,-0.24580647070596823,0.8785321487063986,-0.6363393511878483,-0.6383624171229448,0.0010295431488237163,single_left,1,0,63.91360405321363,0.0,326.2685829690558,19.976086556639437,12.716085110616492,0.05890487807509325,0.0,0.0,0.0,tracking_only,0
174,3.48,horse_stance_hold,0.7565217391304349,transition,recovery,-0.31923536021610804,0.9328689737450304,0.19625388227681484,-0.11572005460385858,-0.25195363771171303,0.8779600114231821,0.21765520436212044,0.03569684666932538,-0.005062690135010707,-0.016936703671090715,1.3281110800086797,0.7836542664055216,1.5420742686710642,-0.24663647588553744,0.8772059072029131,-0.6343191395367445,-0.636959367648822,0.000983155328601269,single_left,1,0,33.00565638860371,0.0,334.4062516423876,18.683323183869767,12.822795042522992,0.056026952632199645,0.0,0.0,0.0,tracking_only,0
175,3.5,horse_stance_hold,0.7608695652173914,transition,recovery,-0.31855737942003426,0.9332252796320525,0.19656301669545959,-0.10941538005506446,-0.25132672629126357,0.8778214854427971,0.21685737229520494,0.030359665427470123,-0.00773796915107981,-0.06062916805700506,2.275391017712145,1.1422478114469634,2.5460036029511994,nan,nan,-999.0,-999.0,0.0,no_contact,0,0,0.0,0.0,341.5821235262678,21.411471052284337,12.722400454582715,0.053937568443604846,0.0,0.0,0.0,tracking_only,0
176,3.52,horse_stance_hold,0.7652173913043478,transition,recovery,-0.31797734033152103,0.9335598258165405,0.19670135526956115,-0.1022216585684042,-0.25080399849426255,0.8774653927087773,0.21555094948389697,0.023217875693283912,-0.026910062877761286,-0.0694455917492295,2.601017570471773,1.3396778906066764,2.925752766807756,-0.24736237824638968,0.8734764740628556,-0.6307013448773788,-0.6356858646200972,0.0009514605944445625,single_left,1,0,35.01053085684168,0.0,445.43028350631107,24.86867680308208,14.270462111551485,0.0524079659270782,0.0,0.0,0.0,tracking_only,0
177,3.54,horse_stance_hold,0.7695652173913045,transition,recovery,-0.3174661663760908,0.9336186075452033,0.19669295143381804,-0.09321985764190013,-0.2503927415614734,0.8767051824489064,0.21413870044534133,0.018093015670846778,-0.04629946585662621,-0.07033649965096787,2.8716423753466715,1.5203576887135826,3.2492795252974433,-0.24771958720509693,0.8698646633721464,-0.6275389705905278,-0.6348828220655137,0.0009440411683002952,single_left,1,0,39.3257195029192,0.0,468.6391419639679,28.322710304246453,17.928542481936418,0.0513537515781728,0.0,0.0,0.0,tracking_only,0
178,3.56,horse_stance_hold,0.773913043478261,transition,recovery,-0.317192020102283,0.9333331690551588,0.19666422837767003,-0.08306698979689157,-0.25011655366486685,0.8756286422432735,0.2127749745813147,0.010092425918887777,-0.059046544652999175,-0.06481882918926449,2.9426900472629396,1.589489907287345,3.3445332827808265,-0.24863020279983566,0.8669326276846887,-0.6255046452360951,-0.6341211518039329,0.0009382313997080005,single_left,1,0,44.87273909520848,0.0,499.6740397091328,31.290400479563175,20.553931903282688,0.05066571383236422,0.0,0.0,0.0,tracking_only,0
179,3.58,horse_stance_hold,0.7782608695652175,transition,recovery,-0.3171589268789894,0.9327959865024852,0.1966353484346225,-0.07274599190459603,-0.25003659462130634,0.8743569508538699,0.21155775913512861,-0.0013210977885744011,-0.06594784106834696,-0.057555449988624975,2.9187295169429097,1.5349581365092435,3.2977383877302517,-0.2502306005228049,0.864672376048736,-0.6245071671912238,-0.633398076805734,0.0009365328543224256,single_left,1,0,50.27582246554778,0.0,517.1230892831773,33.597161445367426,22.43446627580723,0.050246953801157485,0.0,0.0,0.0,tracking_only,0
180,3.6,horse_stance_hold,0.782608695652174,transition,recovery,-0.31736238348527174,0.9321551507092174,0.19657583663856662,-0.06304227720550189,-0.25023545083155824,0.873020934231318,0.2105059136679148,-0.017101171549741584,-0.06699365537880418,-0.048227292434447205,2.8106546464731,1.384863573906103,3.13330921871315,-0.25274054185265515,0.8632072671341979,-0.624658917434748,-0.6327820827165996,0.0009399393684838657,single_left,1,0,53.52613175526351,0.0,526.8489559183083,34.76757325425429,23.42458027719023,0.05011521617252007,0.0,0.0,0.0,tracking_only,0
181,3.62,horse_stance_hold,0.7869565217391306,transition,recovery,-0.31783258795614294,0.9314866341174457,0.19649796454247626,-0.05456510728376755,-0.2507647362801068,0.8717096958630992,0.209659883378307,-0.03252782288899678,-0.0627908857036583,-0.03688577204063778,2.6592178315994843,1.1783589432322625,2.9086026327073484,-0.2555200389317315,0.8625301800281961,-0.6256394310169244,-0.632311789932496,0.0009476907927206922,single_left,1,0,58.09434327863717,0.0,538.3590224465181,35.139063525817896,23.283115167250056,0.050036830242437456,0.0,0.0,0.0,tracking_only,0
182,3.64,horse_stance_hold,0.791304347826087,transition,recovery,-0.31845696687602176,0.9308956487936045,0.1964515375201428,-0.048024551998291795,-0.25155113895574144,0.8705275626025922,0.20906322829187757,-0.04436596340217706,-0.056194172154736356,-0.024806727412665566,2.5263473294303216,0.9516091129213874,2.6996278878235698,-0.2580278457867922,0.8623241302695537,-0.626869074603628,-0.6320029651315286,0.000943730583560419,single_left,1,0,57.34525764594183,0.0,534.6310295356668,34.69234782195799,22.43969245065145,0.049880312654713585,0.0,0.0,0.0,tracking_only,0
183,3.66,horse_stance_hold,0.7956521739130435,transition,recovery,-0.3191706045668078,0.9304354635481662,0.196454560938355,-0.0432231558258105,-0.2525647882321487,0.8694748695222214,0.20870473831896075,-0.05533923112741144,-0.04934540853046875,-0.014084089434416728,2.51626493869963,0.7575906827361809,2.6278380627994804,-0.2606364837637958,0.8622774237784299,-0.6283735335549702,-0.6320070448597682,0.0009382418847259776,single_left,1,0,57.14815184368889,0.0,524.100066701263,33.63933606043238,20.946925810833932,0.04961016556438717,0.0,0.0,0.0,tracking_only,0
184,3.68,horse_stance_hold,0.8,transition,recovery,-0.31998656030217143,0.9301073449570836,0.19643248748578662,-0.03997764311089069,-0.2537719473496084,0.8685595768718845,0.20849612649945778,-0.06414239579814233,-0.042160082754863264,-0.007244466547536385,2.570557034953277,0.6268037369451458,2.6458734653411113,-0.26312298206090745,0.8624132458475079,-0.6301685911589018,-0.6323912986834918,0.0009334718646842356,single_left,1,0,58.2451214790687,0.0,518.3600792009171,32.06539228736194,19.116137623555527,0.049192166703278827,0.0,0.0,0.0,tracking_only,0
185,3.7,horse_stance_hold,0.8043478260869567,transition,recovery,-0.32095519562597247,0.9299128766598703,0.1963706333195323,-0.03801089780376541,-0.25515234707685286,0.8678069187401279,0.20842655846405247,-0.0729547446475044,-0.033324515140097176,-0.0007192586266796248,2.67424962742601,0.5826662855971827,2.7369894172538864,-0.2657863204069639,0.8629494964168658,-0.632488802878979,-0.6330671852636826,0.000929323049810412,single_left,1,0,58.88556904727563,0.0,504.25792987614767,30.260073100224197,17.36528288032402,0.04868858772945485,0.0,0.0,0.0,tracking_only,0
186,3.72,horse_stance_hold,0.8086956521739131,transition,recovery,-0.3221542338735657,0.9298541724113724,0.1962440021138423,-0.03704998180894456,-0.2567136418717561,0.8672322300347483,0.20844930024453917,-0.08211253662209236,-0.02458672106441689,0.0021274296515292825,2.858699435809402,0.6157810981624672,2.92426893858126,-0.2686831191778709,0.863648243813902,-0.6351240499631454,-0.6340436349767715,0.00092374401751384,single_left,1,0,57.266242100666105,0.0,485.9642671729724,28.495277219602055,15.835141840611879,0.048143434674555986,0.0,0.0,0.0,tracking_only,0
187,3.74,horse_stance_hold,0.8130434782608696,transition,recovery,-0.3236034904227287,0.9299217474496865,0.19602615560672093,-0.03698064491635202,-0.2584544244254704,0.8668207422546602,0.2084824450424124,-0.09047788277309635,-0.01690877979682836,0.0007498985740521483,3.0689640969329353,0.6679953228147636,3.1408212906126622,-0.2716443599160937,0.8643557673026642,-0.6378796451250195,-0.6353190704269797,0.0009162311194844328,single_left,1,0,54.86015594633849,0.0,469.1573167108434,26.824033671849065,14.668944043872866,0.04763361074139889,0.0,0.0,0.0,tracking_only,0
188,3.7600000000000002,horse_stance_hold,0.8173913043478261,transition,recovery,-0.32525467334397967,0.930116618355291,0.19571484515341173,-0.037595756993859336,-0.26034880971988356,0.8665505079281426,0.20845983590636982,-0.0979005698205744,-0.010685949058894396,-0.0028354603765355477,3.2848641550303714,0.6957156106677338,3.3577302941019807,-0.2746200563552415,0.8649927865090349,-0.6406450371718011,-0.6368462724922515,0.0009066180233210496,single_left,1,0,52.13079840463369,0.0,459.0565380045757,25.4895770320528,13.773146821204211,0.047239236805966034,0.0,0.0,0.0,tracking_only,0
189,3.7800000000000002,horse_stance_hold,0.8217391304347826,transition,recovery,-0.3270731653823601,0.9304245479851309,0.19534589136876485,-0.03865097811138091,-0.2623879178772563,0.8663880460834175,0.20835632650883076,-0.10439194393509543,-0.006768435282651956,-0.006762999272230773,3.4951358458989064,0.6828369701013062,3.5612134040274244,-0.27760165217245236,0.8654016368634826,-0.6432221739204622,-0.6385441938713146,0.0008954038170576103,single_left,1,0,49.44721028064222,0.0,453.28562752399546,24.310153849773876,12.86285810139974,0.04693684028282486,0.0,0.0,0.0,tracking_only,0
190,3.8000000000000003,horse_stance_hold,0.8260869565217391,transition,recovery,-0.3289895322792788,0.9307381200937043,0.19500243408956958,-0.039153147936548685,-0.2645112397049858,0.8662205858187878,0.20823171494465514,-0.10739365443750963,-0.010008327996809332,-0.006677274136766415,3.603026772988692,0.5885963093571062,3.6507872496575464,-0.28015775234267576,0.8647624416546431,-0.6446296153865083,-0.6402283702996813,0.0008823586060140529,single_left,1,0,47.596285514526144,0.0,445.38597815731134,23.45820176116586,12.689413723287931,0.046829548327197795,0.0,0.0,0.0,tracking_only,0
191,3.8200000000000003,horse_stance_hold,0.8304347826086956,transition,recovery,-0.3309762465124312,0.9309792622080922,0.1947104849890028,-0.039256219859116856,-0.2666958599502544,0.8659623495292904,0.20807096008177142,-0.1106307353606797,-0.015575919303530736,-0.00907538673083175,3.737203167607379,0.515251178873978,3.772555008652047,-0.2828077700886757,0.8636939219415716,-0.6456357974624604,-0.6418165854644984,0.0008698279371085887,single_left,1,0,46.52737184910971,0.0,446.66041258380267,22.961780561872676,12.451274333397105,0.04674472395495757,0.0,0.0,0.0,tracking_only,0
192,3.84,horse_stance_hold,0.8347826086956522,transition,recovery,-0.3330238473981549,0.9311228047246699,0.19442324666212027,-0.03897815293161157,-0.2689560587274298,0.8655777378333213,0.20782404811984637,-0.11491475754741225,-0.022435126685243306,-0.015551887801549008,3.938010572481302,0.4652046618214794,3.9653931263312283,-0.2856819473854264,0.8623122962227379,-0.6464350434803486,-0.643320018210376,0.0008570219267084594,single_left,1,0,44.52159931915305,0.0,434.5821899110917,22.679247170600586,12.612581528800346,0.046673528214557156,0.0,0.0,0.0,tracking_only,0
193,3.86,horse_stance_hold,0.8391304347826087,transition,recovery,-0.3351451519460271,0.9311150427491182,0.1940707942575158,-0.038138474976305695,-0.27130350754239624,0.865016842408776,0.2074472458826212,-0.11929860463129115,-0.03242531616569781,-0.02206787716252373,4.1870088899494355,0.4452222371426206,4.210613528330745,-0.2886517185959798,0.8603016051261585,-0.6467207802461027,-0.6447287362759216,0.0008424335233429125,single_left,1,0,44.43156701704248,0.0,431.73350476278915,22.751735328212078,12.783776239719165,0.04662102385956821,0.0,0.0,0.0,tracking_only,0
194,3.88,horse_stance_hold,0.8434782608695652,transition,recovery,-0.33733187306169476,0.9309318504689726,0.19363430472735846,-0.03645746144114662,-0.2737425656738727,0.8642483442770775,0.2069281846437585,-0.1242138113395112,-0.04308462264835548,-0.02954207375191344,4.492784116321733,0.4748407280407572,4.5178073036462205,-0.2917829260139343,0.8579908910252211,-0.6468486647181763,-0.6460422449489158,0.0008254987676230181,single_left,1,0,44.82628981180283,0.0,429.7124000209309,23.464796993466372,13.056848749035955,0.04661307022274846,0.0,0.0,0.0,tracking_only,0
195,3.9,horse_stance_hold,0.8478260869565218,transition,recovery,-0.3395620770217275,0.9305693380674728,0.19311461445000505,-0.033895715362486256,-0.2762685813076706,0.8632619766060885,0.20627671355629643,-0.12797362077536145,-0.05421678227367676,-0.0348877849910794,4.7776663659397824,0.5458347900402192,4.8087453168420655,-0.29482572180133054,0.8554001341445638,-0.6467364352492698,-0.6472435644872478,0.000806279703822162,single_left,1,0,46.32230295447966,0.0,439.10753285353906,23.628065708172826,13.261692479581376,0.04678727244231545,0.0,0.0,0.0,tracking_only,0
196,3.92,horse_stance_hold,0.8521739130434783,transition,recovery,-0.3418550123889578,0.930007122054276,0.1925602645682184,-0.030093817084278312,-0.2788906692239728,0.8620439587649704,0.20554063538871314,-0.13429512256224663,-0.0657061780115774,-0.04135823666750381,5.1719608201361025,0.6361841876322818,5.2109412821117305,-0.2983296989361525,0.8525330821056278,-0.6465351017220148,-0.6482678859144821,0.0007850629433165668,single_left,1,0,45.77056596684674,0.0,405.9978129809656,24.794660530537964,13.758625867465419,0.047020913674847856,0.0,0.0,0.0,tracking_only,0
197,3.94,horse_stance_hold,0.8565217391304348,transition,recovery,-0.34424597319098116,0.9292808989049258,0.19175944227330877,-0.025765576199807825,-0.28165377927118646,0.8606336104196551,0.20456026459800414,-0.14131720596943462,-0.07346441214402703,-0.054605553978601694,5.613735427216383,0.7079264491998,5.6581962942496915,-0.30206040395031114,0.8500251308957963,-0.6468866716727752,-0.6492640902423475,0.0007595954466225047,single_left,1,0,48.21287161047649,0.0,422.07489441375867,25.68267696414912,14.464205450235598,0.047283868732903675,0.0,0.0,0.0,tracking_only,0
198,3.96,horse_stance_hold,0.8608695652173913,transition,recovery,-0.34673386655963484,0.9284462364347115,0.19079385076992414,-0.02123386745466886,-0.2845799654231384,0.8590783675739795,0.20338060937152874,-0.15064820753025832,-0.08101888533975293,-0.06250081649978201,6.071869082583879,0.7782983217989666,6.1215473888350385,-0.3062711983055821,0.8474127823101947,-0.6474179184408133,-0.6502445502417419,0.0007326556732166548,single_left,1,0,50.24540643447962,0.0,428.45929943646905,26.801254047152106,15.017763427155117,0.04765989499828583,0.0,0.0,0.0,tracking_only,0
199,3.98,horse_stance_hold,0.8652173913043479,transition,recovery,-0.3493945601558628,0.9274664811759337,0.18973434566091424,-0.016259191474488014,-0.2877142122720544,0.8573621859089953,0.20208318796051483,-0.16204423104139354,-0.08946956336241468,-0.06659813342805597,6.558843065719262,0.8512304187058972,6.613850284551645,-0.3109717729568106,0.844520977147861,-0.6479521734252625,-0.6511803985949649,0.000704075107057358,single_left,1,0,51.36579467160766,0.0,431.18226070919803,27.39928131502058,15.536218623216094,0.04814266220517367,0.0,0.0,0.0,tracking_only,0
200,4.0,horse_stance_hold,0.8695652173913044,transition,recovery,-0.35229452371843484,0.9263167128137721,0.18850729025761165,-0.010970603927350723,-0.2911104596355375,0.8554729872532585,0.2006550707478079,-0.1763748392892676,-0.09807488700119342,-0.07586280298334921,7.1882398241560805,0.9033120906370276,7.244774979436868,-0.3163352285873363,0.8414465174089885,-0.6486999401875099,-0.6521161996034206,0.0006729562946862742,single_left,1,0,53.143477764463036,0.0,420.61788594317716,28.15367269407548,15.981360544377587,0.04841953199264901,0.0,0.0,0.0,tracking_only,0
201,4.0200000000000005,horse_stance_hold,0.8739130434782608,transition,recovery,-0.35548767855475694,0.9249862108917091,0.18706050724581777,-0.005597227709551688,-0.2948232209212317,0.8534068062824048,0.1990594616643656,-0.19351373902244182,-0.10711323469483632,-0.08348931201898532,7.882291458581761,0.9516252807258885,7.939528280253659,-0.32238890111090035,0.838148720801785,-0.649674499538646,-0.6530926632166761,0.0006395042203994252,single_left,1,0,55.456567493069024,0.0,416.06770119544444,28.81574542912376,16.14970565072312,0.04866152165568554,0.0,0.0,0.0,tracking_only,0
202,4.04,horse_stance_hold,0.8782608695652174,transition,recovery,-0.3590227688947574,0.9234690730546943,0.18532650161956146,-0.00010213410362980898,-0.29890490582109225,0.8511627959316901,0.197275173560539,-0.21271909197875544,-0.11564253202661656,-0.09472763944770614,8.668436153866566,0.9911202011692912,8.724912871016354,-0.32907024298410814,0.8347637226913993,-0.6509523298107017,-0.6541081474415971,0.0006032374877976395,single_left,1,0,57.17776052324999,0.0,399.47152958119784,29.676785985451467,16.233911188617828,0.04888945016009142,0.0,0.0,0.0,tracking_only,0
203,4.0600000000000005,horse_stance_hold,0.8826086956521739,transition,recovery,-0.36289841409220125,0.9218068402418763,0.183269082911476,0.0053666383526277655,-0.30338206655030514,0.848769508351141,0.1952775862903142,-0.23351971657178908,-0.12270855880554508,-0.10442005956089491,9.459276110571608,1.0370444439555506,9.515953221552207,-0.33632901909547513,0.8314567386920975,-0.6526642088221712,-0.6551999954437524,0.0005636714093408476,single_left,1,0,58.72645933791343,0.0,412.33030557594867,30.027912945370524,16.26339072860565,0.049301093175775294,0.0,0.0,0.0,tracking_only,0
204,4.08,horse_stance_hold,0.8869565217391305,transition,recovery,-0.3671906242860216,0.9199856737333878,0.18090984354544803,0.010597941604595443,-0.3083186601760317,0.8462221702993442,0.19307235250850527,-0.2581866737419983,-0.13081872547962073,-0.1160176884105582,10.396557281953866,1.083625883092375,10.452877516332796,-0.34453957065870416,0.8278696609448544,-0.6546447889793077,-0.6563709731646012,0.0005221859923709264,single_left,1,0,59.590465118295036,0.0,401.44821382106073,30.28463795226452,16.14279920050568,0.049645924368131644,0.0,0.0,0.0,tracking_only,0
205,4.1,horse_stance_hold,0.8913043478260869,transition,recovery,-0.3719596502572221,0.9179757262800323,0.17814794450227772,0.015369252943522635,-0.31378152561669,0.8434918193249072,0.19059246802604915,-0.2855538100084277,-0.14190861417785972,-0.13053246907035593,11.487838350551577,1.1381139469788477,11.544077846441931,-0.35358365639794564,0.8237117812987039,-0.6566743896803625,-0.6576863760775469,0.0004774672547247748,single_left,1,0,60.14137897043981,0.0,397.2175410454726,30.15432056383942,15.800857280289456,0.04986847609149175,0.0,0.0,0.0,tracking_only,0
206,4.12,horse_stance_hold,0.8956521739130435,transition,recovery,-0.37727079480774695,0.9156819708473689,0.17496620706868285,0.019868709247438936,-0.3198218411496496,0.8404908224403432,0.1878166968171414,-0.31630143152960527,-0.15579267661335253,-0.1471344688910259,12.738171071520815,1.2062838978222652,12.795160143174256,-0.36358752843309405,0.8189342536548726,-0.658830793617824,-0.6591255032156922,0.0004301706491449493,single_left,1,0,60.538370608100166,0.0,374.65077347329355,30.067937049449064,15.163530787108849,0.05001161596547024,0.0,0.0,0.0,tracking_only,0
207,4.14,horse_stance_hold,0.9,transition,recovery,-0.3831466575192731,0.9131656479930067,0.171197242056199,0.02405665644341131,-0.32650222236601095,0.8372645753721445,0.18461198969244566,-0.3492180389348807,-0.16487414460754085,-0.17142349640334614,14.087283031193952,1.2925320160147757,14.146454757761335,-0.3744084657998994,0.8146468980848729,-0.6615597509671919,-0.6607121472446419,0.0003794806325332113,single_left,1,0,60.76444234159214,0.0,362.35691650431926,29.655048896706486,14.507530430652682,0.05017184031176634,0.0,0.0,0.0,tracking_only,0
208,4.16,horse_stance_hold,0.9043478260869566,transition,recovery,-0.389599012314799,0.9104824700772861,0.16671644971583188,0.02750426463649512,-0.33387792651624715,0.8338525305883824,0.18086231025615865,-0.3855754820022821,-0.17488383517487419,-0.2018572056270293,15.638351217593117,1.39306343922231,15.700275620207883,-0.386231814987173,0.8101065995593473,-0.6643155193005498,-0.6625018945216165,0.00032513689815339645,single_left,1,0,60.298934440804985,0.0,350.27242196865944,28.889791446909328,13.758727218241361,0.05015424472010387,0.0,0.0,0.0,tracking_only,0
209,4.18,horse_stance_hold,0.908695652173913,transition,recovery,-0.3966868431259871,0.9076015347656712,0.16138720071366192,0.03008960360110695,-0.3420139020333145,0.8302252918325012,0.17641879082263612,-0.42438444627846034,-0.18677778000288817,-0.24053764167545022,17.415647617083415,1.5166140891328856,17.48155886120513,-0.39892505386699945,0.8051778644582938,-0.6672827712588403,-0.6644882984537687,0.0002668096704335123,single_left,1,0,59.06533964123683,0.0,329.58899492165386,28.365313519051917,12.842751755644418,0.04996652913030623,0.0,0.0,0.0,tracking_only,0
210,4.2,horse_stance_hold,0.9130434782608696,transition,recovery,-0.40443615280292994,0.9044373856050644,0.15520349963845645,0.031964455224420735,-0.35094081153232143,0.8262912986520558,0.17122545475886808,-0.465356314628309,-0.20436576751730276,-0.27671769612382696,19.294543656466903,1.6602789572511962,19.365844704716558,-0.4124210115712836,0.7992916687488593,-0.6700234360393511,-0.6663629184159668,0.0002055806806950545,single_left,1,0,57.75664966110385,0.0,320.3598500862248,26.788589160815807,11.71919720590221,0.05017223829727416,0.0,0.0,0.0,tracking_only,0
211,4.22,horse_stance_hold,0.9173913043478261,transition,recovery,-0.41288183784828864,0.9009294001354606,0.14803771633606158,0.033303616131964794,-0.36070331764239116,0.821992008995115,0.16516760243889508,-0.5069931852623641,-0.22299503166007084,-0.3277323531096372,21.4572298856653,1.82092052198412,21.53435547941175,-0.42648879803655293,0.7930570337139826,-0.67296781134291,-0.668049195071755,0.00014307045503144863,single_left,1,0,55.36437612066128,0.0,278.36018690358713,25.230723740691158,11.052603700204529,0.050070740887896904,0.0,0.0,0.0,tracking_only,0
212,4.24,horse_stance_hold,0.9217391304347827,transition,recovery,-0.42194238543646206,0.8970953744409745,0.1395143978832465,0.03369092208619424,-0.37128058720875806,0.8173244693268211,0.15791377760381145,-0.5469331622342056,-0.2407549546627671,-0.3934665916552302,23.854993931389462,2.0067574299453312,23.93925251233356,-0.44067264468171435,0.7867787229642998,-0.6762893214748804,-0.6699064854997625,7.456331782259955e-05,single_left,1,0,52.748327435638885,0.0,248.0602523434917,23.125409881557264,9.794307428272809,0.04967894427248821,0.0,0.0,0.0,tracking_only,0
213,4.26,horse_stance_hold,0.9260869565217391,transition,recovery,-0.4315018078171063,0.89298968132263,0.12940319870495706,0.033381722280323496,-0.3825941170954584,0.8123255194527098,0.14916854714030536,-0.5825407469323512,-0.25618895215867526,-0.4731061560294629,26.438830534371444,2.2146490005399886,26.531423448823936,-0.4544281806470988,0.7807344357946056,-0.6799137327341268,-0.671971587694986,1.0266381894816212e-05,single_left,1,0,55.28614418884473,0.0,227.0210985996894,21.332730220095435,8.845361359257065,0.04906390774777339,0.0,0.0,0.0,tracking_only,0
214,4.28,horse_stance_hold,0.9304347826086958,transition,recovery,-0.4415001515363071,0.888638629002168,0.11758039435292388,0.0320819701165662,-0.3946374930547275,0.8070093332072157,0.1388173589954055,-0.617365940764327,-0.27359086424503565,-0.559603350592389,29.24055365852687,2.445472172322208,29.342636425563253,nan,nan,-999.0,-999.0,0.0,no_contact,0,0,0.0,0.0,145.2458522956533,18.635748346615014,8.50444209350275,0.04838098135574295,0.0,0.0,0.0,tracking_only,0
215,4.3,horse_stance_hold,0.9347826086956522,transition,recovery,-0.4518186947072134,0.884091874085809,0.10390140948717233,0.029608421050750733,-0.40732044514208493,0.801412830248638,0.12653028326407623,-0.6461912431259434,-0.28332166101476314,-0.6669707669286337,32.371558324789476,2.701045101112538,32.48404890116826,nan,nan,-999.0,-999.0,0.0,no_contact,0,0,0.0,0.0,89.55746324130055,15.71124242590951,8.430541525538485,0.04703534947466717,0.0,0.0,0.0,tracking_only,0
216,4.32,horse_stance_hold,0.9391304347826088,transition,recovery,-0.4623518591740065,0.8794960951244513,0.08802309400169564,0.025757720347212465,-0.42050012097555683,0.7957119111014561,0.11188333483959505,-0.668965533008181,-0.2863386299869612,-0.78922421489688,35.79136354933239,2.9806424129794347,35.915260460068104,-0.491941847227969,0.765132568804057,-0.6919396110283353,-0.6794836407081504,0.0001952171506363759,single_left,1,0,42.74486701842624,0.0,131.6310740144492,13.837995414549933,8.936886966453232,0.04542223159453198,0.0,0.0,0.0,tracking_only,0
217,4.34,horse_stance_hold,0.9434782608695652,transition,recovery,-0.47312226211828357,0.8748176239367192,0.07007027262885018,0.020556332918012066,-0.4340803356238961,0.7899190933071588,0.09483272027364903,-0.6869192057980879,-0.29914114030634914,-0.8807171695708876,38.55202313459096,3.2573876932091674,38.689392116624255,-0.5034342783452121,0.7597166803664819,-0.695304395725761,-0.6820741091051561,0.0002509288247487286,single_left,1,0,40.02824621388422,0.0,681.5901877448073,28.56725469034596,14.808238183322466,0.043506636436938154,0.0,596.588912809108,0.0,tracking_only,0
218,4.36,horse_stance_hold,0.9478260869565219,transition,recovery,-0.4836028221789609,0.869559011806723,0.056409276935996074,0.027831851121502243,-0.4473612847866094,0.7831698568909303,0.08044828750128402,-0.6440374698116471,-0.32506345725677327,-0.4816738790722564,28.921595630131325,4.173784375351074,29.221210957192653,-0.5123857264016944,0.7503502294804748,-0.6667727743431219,-0.6717462484884082,0.0014778232463219243,double,1,1,76.31110772123961,358.2031051460364,1846.7542093724885,54.15045356273074,29.444734514347672,0.03686142773427189,0.0,415.0762284279889,0.0,tracking_only,0
219,4.38,horse_stance_hold,0.9521739130434783,transition,recovery,-0.49062659086792654,0.8663183322967685,0.05677913088371139,0.03769017185073767,-0.4574639812135886,0.7780429968670723,0.0791555620645759,-0.3990389805405662,-0.1956551847113465,0.1778415563544084,15.95995155597891,2.9654010986836306,16.233103749599696,-0.49775245526757733,0.7582889146415889,-0.669032331582548,-0.6727156904099686,0.001679630000239643,double,1,1,50.57171308143868,155.08117432605025,963.7901668270721,29.500847276571257,14.898525563880662,0.04148615042910487,0.0,0.0,0.0,tracking_only,0
220,4.4,horse_stance_hold,0.9565217391304349,transition,recovery,-0.4949641760661174,0.8642460332868348,0.06298087219314341,0.037568352396618265,-0.46331938144796464,0.7752038693196001,0.08482937620104156,-0.23354478006144694,-0.11551018592845229,0.3078474078972186,13.446685279700567,1.6213263970888623,13.544077831185595,-0.4868989395132038,0.7635415271533145,-0.6753120831922647,-0.6816598291955578,0.0005357002372012865,single_right,0,1,0.0,57.29038434654148,274.63321187078526,20.667322113980276,9.983507858392226,0.04354009112751202,0.0,0.0,0.0,tracking_only,0
221,4.42,horse_stance_hold,0.9608695652173913,transition,recovery,-0.49839420626150016,0.8623635495375194,0.06864417560387741,0.0345492459397532,-0.4672808622910522,0.7731165774354503,0.0901110059042293,-0.1750350126527998,-0.09751650748265027,0.21744407225591741,9.858420902337512,1.2769631058720863,9.940779519806464,-0.48495305450708315,0.7632709446197585,-0.6756280267229821,-0.681556580770174,0.0005045473601992673,single_right,0,1,0.0,35.83171513838252,131.02742571552753,19.361162491714364,9.060764698373855,0.041716763413742086,0.0,0.0,0.0,tracking_only,0
222,4.44,horse_stance_hold,0.965217391304348,transition,recovery,-0.5014796247658515,0.8605701699147619,0.07187054828847957,0.032225040241723596,-0.47044639051766435,0.7712743543730504,0.09297994788681564,-0.14480934680031182,-0.0872815703429599,0.08201181466215496,6.265452397276902,1.1781494506121954,6.375259200261641,-0.48506688599767,0.7624620792479734,-0.6754781490122627,-0.6809734679315584,0.0004368457996300479,single_right,0,1,0.0,31.18824424979058,100.75700098657114,21.639841376161208,12.076128926231343,0.03923443420717521,0.0,0.0,0.0,tracking_only,0
223,4.46,horse_stance_hold,0.9695652173913044,transition,recovery,-0.5041752559889937,0.8589446632056497,0.07220543515915011,0.030322445292149613,-0.4729829839212704,0.7696862176808883,0.09314602408113008,-0.11151182730289311,-0.07166316062910989,-0.05086534524968943,4.733711841725772,1.133698827299742,4.867576484403261,-0.48424163678500676,0.7624508358549786,-0.6754298830351647,-0.6800386235054193,0.00038390388448322765,single_right,0,1,0.0,32.6962416696283,112.14539763598583,25.013574524209904,14.759559856612874,0.037401971542883876,0.0,0.0,0.0,tracking_only,0
224,4.48,horse_stance_hold,0.973913043478261,transition,recovery,-0.5063099000414152,0.8576456782903189,0.06978105749132207,0.0285246319164128,-0.4748093470010268,0.7684924692457326,0.09074431602006369,-0.0742091866848998,-0.048753346745289194,-0.1754680053089376,6.556678893086533,1.127199606625395,6.652865327076966,-0.4823017851790515,0.7635701482666346,-0.6757100154067123,-0.6788427262622844,0.00035882062032296935,single_right,0,1,0.0,35.95993218803991,125.91832287060765,28.060977197785355,17.255902284489977,0.03669296065864746,0.0,0.0,0.0,tracking_only,0
225,4.5,horse_stance_hold,0.9782608695652175,transition,recovery,-0.5076007772531541,0.8567457594751368,0.06500117216554371,0.027531414704961843,-0.47573121393936696,0.7677372545493955,0.08616728786686612,-0.005762465976535719,-0.037058642494425295,-0.24187086604686195,8.160619279740452,1.2868994158133908,8.261465798228084,-0.47631301414512167,0.7639956748305666,-0.67374969184171,-0.677265243023189,0.00037152532487767786,single_right,0,1,0.0,44.58458654297219,378.34246138925124,27.209160544096243,13.89759906229778,0.036689235192539325,0.0,323.9002348366405,0.0,tracking_only,0
226,4.5200000000000005,horse_stance_hold,0.9826086956521739,transition,recovery,-0.5066709318590416,0.8563573516170436,0.061040055104725814,0.031092815173266813,-0.47456684767033264,0.7673689831843485,0.08257600833935957,0.09944173347915164,0.015391238762027436,-0.12312359682906887,5.301657666926716,0.786365738963552,5.359659046310551,-0.4645268368079072,0.7689229404510864,-0.6726509919416702,-0.6742146961155222,0.0013543003272165899,double,1,1,51.420953715539966,57.862627150643576,496.1657321040693,24.00354797277676,12.158643443212885,0.034592300901159515,0.0,128.7753908268485,0.0,tracking_only,0
227,4.54,horse_stance_hold,0.9869565217391305,transition,recovery,-0.5047171713850841,0.8569150847352721,0.06010907259501738,0.030613608969438377,-0.4723280359040471,0.7679420649131786,0.0810625306282375,0.1074877348515276,0.031086866909759616,-0.03919097296576566,3.9528505995963923,0.673664016330918,4.009844269997111,-0.46147567052655597,0.7710807117421601,-0.6746822752310649,-0.6749613708745095,0.0011951198491644555,double,1,1,46.95679941933954,41.41127551683965,426.3798868144827,23.033129717497037,10.786425824569818,0.03164416733189738,0.0,87.31629279556103,0.0,tracking_only,0
228,4.5600000000000005,horse_stance_hold,0.9913043478260869,transition,recovery,-0.5031902658195061,0.8574517930544031,0.05996400776820829,0.03137738477973945,-0.4703677357416484,0.768554522545436,0.08074161792338845,0.09123221015316675,0.03016210162840238,-0.0035641758870734435,3.2059154077285203,0.7508479048981898,3.292668549641935,-0.46115658918482666,0.7715998015986841,-0.6753888671422837,-0.6754016687683209,0.0011818406763294542,double,1,1,41.78358899933684,35.06432606026388,354.5368282840093,22.710346144412693,10.022838524071659,0.029995894886829622,0.0,61.46607712324709,0.0,tracking_only,0
229,4.58,horse_stance_hold,0.9956521739130436,transition,recovery,-0.5018806734355179,0.8579343077232893,0.059993770175465616,0.032015998493367226,-0.4687582342153368,0.7690992463924889,0.0807734307652943,0.06897538980953602,0.02413694795980005,0.005801345895079713,2.44412454879194,0.5372503267185839,2.502475319272226,-0.46179421982521196,0.7715362033040757,-0.6756645260767883,-0.6756475398067862,0.0011825545109428737,double,1,1,45.17641560506655,36.73710555419889,341.1948256630307,21.306960713442972,9.663678489611565,0.02899673916255623,0.0,66.15962083746314,0.0,tracking_only,0
230,4.6000000000000005,horse_stance_hold,1.0,transition,recovery,-0.5009864630401628,0.8582909426704648,0.06019252181586442,0.031844295832315184,-0.4677317663932648,0.7694864047704884,0.08098053253186008,0.037489502921151684,0.0154166699570677,0.012262098561320335,1.4119867768122292,0.2625716452318689,1.4361930673737284,-0.46394668538767064,0.7710429296661836,-0.6759624654159648,-0.6757682496225651,0.0012042199812165727,double,1,1,40.78827748529305,31.763502469016828,327.20464332710594,20.29876016573525,9.675477168689296,0.02826989422944542,0.0,66.37680959602606,0.0,tracking_only,0
231,4.62,horse_stance_hold,1.0,transition,recovery,-0.5005218807455072,0.8584913664388537,0.0603829079627184,0.03144784928302455,-0.46726028560871297,0.7696967871786512,0.0811868404508847,0.013226368166386216,0.006695476812980218,0.008114846127822619,0.5634721580181989,0.0698322782094693,0.5677828985991131,-0.4659249018074159,0.7703727876623468,-0.6760114579118179,-0.6758277846146525,0.0012144890004987252,double,1,1,37.72752524633685,30.021794956247525,318.00294719587225,19.783634030354875,9.703906212225993,0.02754512384824343,0.0,67.67848773532928,0.0,tracking_only,0
232,4.64,horse_stance_hold,1.0,transition,recovery,-0.5004128277096326,0.858549309906524,0.06044937487445834,0.0313197962780587,-0.46721908148034574,0.7697424849565151,0.08128579067934312,-0.005870411317908175,-0.0009316916958296688,0.0026494895391505364,0.2169726487435741,0.07453631137068582,0.2294183776761361,-0.46781178025315084,0.7696484178639647,-0.6759906619291841,-0.675878580373551,0.0012115435377124811,double,1,1,36.57842801831024,31.127805943464683,320.94071768448686,19.58496773041808,9.812108914505874,0.02683613659146507,0.0,66.70196658439666,0.0,tracking_only,0
233,4.66,horse_stance_hold,1.0,transition,recovery,-0.5005493999658499,0.8585095326881136,0.06044642602359947,0.0313426461029323,-0.46746669150093,0.7696702443843924,0.08130469948754754,-0.016528516410544123,-0.005294771797198174,-0.00012102252472687749,0.5786788247063651,0.14512469293024258,0.5965989931785313,-0.4691354725900733,0.7691356643393946,-0.6759870729808053,-0.6759291371248708,0.0012043448003804108,double,1,1,35.60822673243142,34.071302419143464,324.78986621144026,19.621589119116223,10.169653522138676,0.026171686096284397,0.0,65.41727613527014,0.0,tracking_only,0
234,4.68,horse_stance_hold,1.0,transition,recovery,-0.5008218085752888,0.8584165587664309,0.060409496273914856,0.03144618735983887,-0.46784204284590947,0.7695471520536435,0.08129307471080209,-0.019470816840749257,-0.006407455076251992,-0.00062101076039933,0.6837404517596555,0.1500247520309878,0.7000060225415615,-0.46980788963620507,0.7689002313261447,-0.6760055773623175,-0.6759602164825662,0.00120126801099657,double,1,1,35.641186333161755,35.37672945583594,328.11356794636856,19.606325344001053,10.154092960265704,0.02561861783975112,0.0,64.92308278531698,0.0,tracking_only,0
235,4.7,horse_stance_hold,1.0,transition,recovery,-0.5011053442562373,0.858318544078929,0.06036206531151513,0.031531338855125435,-0.4682087811792425,0.7694274306209844,0.08128573028019963,-0.016787893382203236,-0.005432235618979663,-6.658945762079245e-05,0.5883053552705628,0.123163599561598,0.6010594507176413,-0.4699037499415267,0.7688789717122985,-0.6760195059164892,-0.6759766726160097,0.0012029089458643616,double,1,1,33.98950223341465,36.365085299644086,330.40466414609807,19.450813919524194,10.025865997981928,0.02520021883274076,0.0,64.91915762878713,0.0,tracking_only,0
236,4.72,horse_stance_hold,1.0,transition,recovery,-0.5013087620429204,0.8582504417220352,0.06034716322064774,0.03147185341502942,-0.4684761724171065,0.7693441598532218,0.08129900516467693,-0.010562539660569657,-0.0031639405730196127,0.0010285422228214903,0.3692230991824311,0.07270756253022918,0.37631381401559866,-0.46954260608853027,0.7690247165308882,-0.6760388956549452,-0.6759898569845746,0.0012057519591365251,double,1,1,33.49301898598282,36.189349789116754,327.86795767013155,19.291829827181033,9.832739382131257,0.024857850291432157,0.0,64.5904538453028,0.0,tracking_only,0
237,4.74,horse_stance_hold,1.0,transition,recovery,-0.5014101827623856,0.8582159424766852,0.06035115000937953,0.03141063584344453,-0.46861596987414245,0.7693048830891324,0.08132224347502463,-0.003720615875401066,-0.0008733114078642046,0.0012184454626988361,0.1337402298241263,0.022936895666394154,0.13569285263499023,-0.46899161722558136,0.7692167102897003,-0.6760481049697276,-0.6760081611117476,0.0012059468811166096,double,1,1,33.41051315378031,35.98586786645698,326.9897861147658,19.163673385477296,9.657744906187766,0.02455139014407022,0.0,64.69094279534669,0.0,tracking_only,0
238,4.76,horse_stance_hold,1.0,transition,recovery,-0.5014014859125541,0.8582166085682581,0.060357627849623736,0.0314133439606927,-0.4686225111726597,0.7693095849966917,0.0813434802307885,0.002047479637787668,0.0009909221870547352,0.0008790768958062422,0.08130643271290874,0.018363972879665028,0.08335449298282505,-0.46841578993918187,0.7694096322220745,-0.6760596585164642,-0.6760329953740096,0.0012036818929149068,double,1,1,33.88630400258664,35.48814030487125,326.3086709455848,19.069461897799137,9.521361489792323,0.024269092124008563,0.0,65.17629710424991,0.0,tracking_only,0
239,4.78,horse_stance_hold,1.0,transition,recovery,-0.5013290433831527,0.8582373443257401,0.06035596811548618,0.0314413112100356,-0.46854762358950863,0.7693396849019233,0.08135713431572686,0.004261472889386582,0.0016552978750904715,0.0006445318782469692,0.1539320613376393,0.03363672824350871,0.15756430114268397,-0.46811736928276587,0.7695068099918126,-0.6760758220182804,-0.6760594943163287,0.0012011651618871189,double,1,1,34.59863684473616,34.950216541859916,327.24228150564954,18.963463051594907,9.382835236054945,0.024018660194598588,0.0,65.4396738187362,0.0,tracking_only,0
240,4.8,horse_stance_hold,1.0,transition,recovery,-0.5012514421852278,0.8582602793812206,0.06035727031892357,0.03141956097520038,-0.4684662554193868,0.7693709418519405,0.08137021528840252,0.003811364635559745,0.0014536148443918659,0.0006380586569513033,0.13765739672949362,0.0274395755978024,0.14036555554454486,-0.4680814457323181,0.7695177042656361,-0.6760958789531096,-0.6760841584450366,0.0011992494068785303,double,1,1,34.73467346639615,34.76683099062423,326.9668394451924,18.867351414214582,9.26719518867645,0.02379414654751589,0.0,65.28311576153614,0.0,tracking_only,0
241,4.82,horse_stance_hold,1.0,transition,recovery,-0.5011801150778199,0.8582808060440984,0.060359083345118095,0.031402782371333676,-0.46839938639784073,0.7693963826731018,0.0813820839350976,0.0029254286879892726,0.0011141579140710115,0.0005550724256387599,0.10599959348366488,0.01931639061079187,0.10774524010336092,-0.46810402413114394,0.7695088722402922,-0.6761155314759854,-0.6761068718905842,0.0011974142450165426,double,1,1,34.790099700084504,34.697029356577254,326.9331304698863,18.776011134155915,9.167061347620514,0.023590734727944814,0.0,65.18598718632116,0.0,tracking_only,0
242,4.84,horse_stance_hold,1.0,transition,recovery,-0.5011217807099657,0.8582968644859589,0.060359739120011906,0.03139013203716809,-0.46835155682626634,0.7694147443616651,0.08139225958017493,0.0019639556446307896,0.0007624596331704263,0.0004720250716884153,0.07198347261039688,0.011718219774716427,0.07293104279893653,-0.4681532684888094,0.7694917251496237,-0.6761347831513659,-0.6761276725472856,0.0011957823105058357,double,1,1,34.79324117781514,34.673551844324706,326.9438793354891,18.687854699650025,9.077536443721515,0.02340671268967289,0.0,65.08155383487774,0.0,tracking_only,0
243,4.86,horse_stance_hold,1.0,transition,recovery,-0.5010774288051282,0.8583082857953577,0.060359525962178605,0.0313787416926275,-0.4683216048390949,0.7694266212980398,0.08140086508390601,0.0011474859940241843,0.00046750621891181697,0.00039767803857109315,0.043387498151013136,0.00590935448623709,0.04378807447522874,-0.46820575034378986,0.7694738224816065,-0.6761531269632862,-0.6761469023217703,0.0011943394113496097,double,1,1,34.76659183085161,34.67994923492637,326.9604877614517,18.60215880078652,8.993783117578314,0.023239325160726652,0.0,64.9807656935342,0.0,tracking_only,0
244,4.88,horse_stance_hold,1.0,transition,recovery,-0.5010447442893673,0.8583159056045935,0.06035888554743836,0.03136792578952005,-0.46830546421889696,0.7694335050341787,0.08140810108290043,0.0005656260504923089,0.00025649075093982595,0.00033416481064803846,0.023514050607691905,0.0022472822954276886,0.02362119500991512,-0.46824835648864804,0.7694594013036368,-0.6761705306101381,-0.6761649878019954,0.0011930194109288084,double,1,1,34.7297586433591,34.70150823148536,326.9792619126058,18.518374826273444,8.91228687312229,0.02308610305622259,0.0,64.8930672783645,0.0,tracking_only,0
245,4.9,horse_stance_hold,1.0,transition,recovery,-0.5010201722778586,0.8583209179117518,0.06035810486506189,0.03135790781358169,-0.46829830721084154,0.7694370999357546,0.08141419044155039,0.0002208478293022525,0.00012854633038237047,0.0002817843444253129,0.012682802995617425,0.0008845488854165459,0.012713611546540738,-0.46827600958460797,0.7694500784560218,-0.6761871328089788,-0.6761822639337937,0.0011917692004844438,double,1,1,34.69462903958237,34.7255679011261,326.99719622022826,18.436082543099367,8.830959667058476,0.022945021682617705,0.0,64.82200946881395,0.0,tracking_only,0
246,4.92,horse_stance_hold,1.0,transition,recovery,-0.5010002416321286,0.8583244668805621,0.060357335082722036,0.0313490147216981,-0.46829583477909364,0.769438905306477,0.08141934380208284,6.840465151370685e-05,6.748320267133527e-05,0.00023927164658463316,0.00859685037347808,0.0009896716736859227,0.008653628508646908,-0.46828892838858527,0.7694457186640498,-0.6762031027508647,-0.6761989587684981,0.0011905555491439485,double,1,1,34.66727603079606,34.74447383369871,327.01221580073513,18.355030359475254,8.748901253022783,0.022814400296711012,0.0,64.76684718013873,0.0,tracking_only,0
247,4.94,horse_stance_hold,1.0,transition,recovery,-0.5009822335055887,0.858327441812781,0.060356643869156734,0.031341410146228765,-0.4682948695280948,0.7694400246763428,0.08142373692021689,4.6683269887759256e-05,5.1814286750159915e-05,0.000204627147433268,0.0072078827979324194,0.0009149321288291577,0.007265719181821849,-0.4682901562098493,0.76944525604132,-0.6762185941674127,-0.6762152173764104,0.001189359881131044,double,1,1,34.64965396700891,34.755255686629525,327.0237781086946,18.275116128468042,8.666035374607103,0.022692819207302397,0.0,64.72461257361799,0.0,tracking_only,0
248,4.96,horse_stance_hold,1.0,transition,recovery,-0.5009643807735679,0.8583304180631233,0.06035605211927912,0.03133507438210997,-0.46829345969410674,0.7694411376435925,0.08142750520162817,9.685078567548276e-05,6.130376730763523e-05,0.00017590737312662427,0.007000181433355507,0.0010388247687870052,0.007076842304314866,-0.4682836812750648,0.7694473271021642,-0.6762337296870282,-0.6762311252372732,0.0011881732261315725,double,1,1,34.641030116685684,34.75813305043792,327.03238629328706,18.19633079076513,8.582740532327707,0.022579081659475916,0.0,64.69170195168171,0.0,tracking_only,0
249,4.98,horse_stance_hold,1.0,transition,recovery,-0.5009457835473898,0.8583336870706109,0.060355555842046264,0.03132986006811922,-0.46829069815320834,0.7694425662917379,0.08143074981275006,0.0001729877447623946,8.029989147278758e-05,0.00015161619248529437,0.008123225758408847,0.0015583690481303903,0.00827135483534879,-0.46827323266084697,0.7694506736703448,-0.6762485965756831,-0.6762467269971004,0.0011869925597019076,double,1,1,34.63925241028099,34.75495221872888,327.03889233355585,18.118703113356215,8.499555261924858,0.02247219256441063,0.0,64.6648341044309,0.0,tracking_only,0
250,5.0,horse_stance_hold,1.0,transition,recovery,-0.5009261911433982,0.8583373284438132,0.0603551392385933,0.031325555440771036,-0.468286421399708,0.7694443801958651,0.08143354752878686,0.00024511524142587903,9.86558377844356e-05,0.00013074646803940438,0.0098290848639121,0.0021224994391551054,0.010055640861287744,-0.4682616736444109,0.7694543408597468,-0.6762632487170194,-0.6762620418562632,0.0011858181324159028,double,1,1,34.64173568836425,34.74801920173839,327.04403115646676,18.04226296865323,8.416985892464146,0.022371334551199207,0.0,64.64148465289496,0.0,tracking_only,0
251,5.0200000000000005,horse_stance_hold,1.0,transition,recovery,-0.5009057553204722,0.8583412907663235,0.06035478277662282,0.031321935141397445,-0.4682809008729193,0.7694465020916553,0.08143595919396926,0.00029779035062333476,0.00011116903084408876,0.00011265173297331845,0.01124383038396594,0.0025476561871258666,0.011528845291320219,-0.46825083484077784,0.7694577261345013,-0.6762777128224451,-0.6762770760663753,0.0011846514444158046,double,1,1,34.64614493140672,34.73941090262301,327.04829799128817,17.96702612310604,8.335410703214949,0.022275837923011955,0.0,64.61997103403176,0.0,tracking_only,0
252,5.04,horse_stance_hold,1.0,transition,recovery,-0.5008848164018088,0.8583454614183933,0.06035446801453879,0.031318794732904526,-0.4682745898111551,0.7694487934905926,0.08143803543629032,0.0003265073255872682,0.00011631830198177592,9.691348413977086e-05,0.011999532339627668,0.0027949129598494158,0.012320727041165406,-0.4682416244053756,0.7694605374231904,-0.6762919971802116,-0.6762918318536376,0.001183493930113813,double,1,1,34.65074837163648,34.730661441768014,327.0519826426057,17.892991202706707,8.255055239104351,0.022185149620159706,0.0,64.59934586405815,0.0,tracking_only,0
253,5.0600000000000005,horse_stance_hold,1.0,transition,recovery,-0.5008637493720961,0.8583497167394412,0.06035418004183103,0.03131596925340327,-0.468267949676095,0.7694511128110888,0.08143982000016263,0.00033361306960273993,0.00011486605721545786,8.323565321228428e-05,0.012086799299438867,0.0028872171912364603,0.012426855612514665,-0.46823426684771424,0.7694627101196012,-0.6763060998200283,-0.6763063125510547,0.0011823463174435722,double,1,1,34.65448633957887,34.72270727046072,327.0552298785871,17.820142722205578,8.176009335656227,0.022098806154563447,0.0,64.57920272467015,0.0,tracking_only,0
254,5.08,horse_stance_hold,1.0,transition,recovery,-0.5008428727506737,0.8583539516875174,0.060353908225813796,0.031313338876156116,-0.46826135360297066,0.769453347364242,0.08144135142930926,0.00032475064059263943,0.00010865876862843429,7.138137710827737e-05,0.011662968217509988,0.0028702378325471396,0.012010957199908466,-0.4682285655587054,0.7694643179615873,-0.6763200149903494,-0.6763205247289309,0.00118120846180092,double,1,1,34.65688589494084,34.71597380259189,327.0581091629791,17.748456076030564,8.098263280662705,0.02201641265143005,0.0,64.5594747028993,0.0,tracking_only,0
255,5.1000000000000005,horse_stance_hold,1.0,transition,recovery,-0.5008224095113232,0.8583580925318187,0.06035364588374618,0.03131082556210735,-0.46825505064620576,0.7694554249600097,0.08144266388449306,0.0003062749968453845,9.976521138487163e-05,6.114351014520477e-05,0.010931421071705551,0.002791237858251951,0.011282152960683836,-0.46822412797231794,0.7694654976304164,-0.6763337374179927,-0.6763344782681187,0.001180079494473768,double,1,1,34.657898591180995,34.71051914722805,327.0606581222261,17.677902262421775,8.021747397721494,0.021937627829201122,0.0,64.54026577254325,0.0,tracking_only,0
256,5.12,horse_stance_hold,1.0,transition,recovery,-0.5008024841105744,0.8583620977846075,0.06035338941568486,0.03130838462781138,-0.46824917025331125,0.7694573121694548,0.0814437875902553,0.0002836979600008614,8.996338801244217e-05,5.233287381238352e-05,0.010075242604272784,0.0026884076130510182,0.010427753786356107,-0.46822052704185063,0.7694663952109633,-0.6763472644143694,-0.6763481853374365,0.001178958117182008,double,1,1,34.65772588243337,34.70618230979975,327.06290234310285,17.60845149791063,7.946365893540361,0.021862153586082067,0.0,64.52173028420036,0.0,tracking_only,0
257,5.14,horse_stance_hold,1.0,transition,recovery,-0.5007831399268723,0.8583659524879244,0.06035313730131566,0.03130599466247283,-0.4682437479566924,0.7694590056351055,0.08144474914043015,0.00026099692921172573,8.051630252538257e-05,4.4773996299326344e-05,0.009228150108015504,0.0025872228059919842,0.009583969754956012,-0.4682173967265532,0.7694671348633849,-0.6763605963601969,-0.6763616590514565,0.0011778429050089828,double,1,1,34.65667294240659,34.702706797642136,327.0648633722049,17.540075564103784,7.872021046760679,0.021789727726312,0.0,64.50400055308411,0.0,tracking_only,0
258,5.16,horse_stance_hold,1.0,transition,recovery,-0.5007643645607505,0.8583696599425558,0.06035288920987497,0.03130364824584181,-0.46823875776477025,0.7694605212626032,0.08144557175750967,0.0002405310242444273,7.214917376684988e-05,3.830404043729103e-05,0.008469429511968796,0.0025011646160173844,0.008831028292029496,-0.46821447284925566,0.7694678057141408,-0.6763737362350954,-0.6763749122913338,0.0011767325383232052,double,1,1,34.65504760291897,34.699827719416604,327.0665624542193,17.472749019063368,7.798627404435424,0.021720118681424105,0.0,64.4871540389845,0.0,tracking_only,0
259,5.18,horse_stance_hold,1.0,transition,recovery,-0.5007461145854385,0.8583732336194599,0.0603526453360286,0.031301344772183354,-0.46823414198730834,0.7694618843537103,0.08144627555002204,0.00022330708112170363,6.514167586311862e-05,3.2773353118177364e-05,0.007832229765873716,0.0024345850280443524,0.008201891694250538,-0.4682115960657754,0.769468461301943,-0.6763866887554186,-0.6763879568985252,0.0011756259385769102,double,1,1,34.65310404166295,34.697322157506754,327.0680224886578,17.406449527756617,7.726117698619727,0.021653121461918057,0.0,64.47120816383386,0.0,tracking_only,0
260,5.2,horse_stance_hold,1.0,transition,recovery,-0.5007283352308399,0.8583766907264484,0.06035240597822998,0.03129908571676948,-0.4682298338996342,0.7694631221803309,0.0814468777898472,0.00020938655793300968,5.946557910432697e-05,2.8046710067263375e-05,0.007317260635697669,0.0023860859728812565,0.00769647383421209,-0.4682086934464005,0.7694691260485184,-0.6763994594930138,-0.676400803263491,0.0011745223176944514,double,1,1,34.65102189395169,34.69502944902462,327.0692685350908,17.341157607809308,7.654443012504689,0.021588554365170324,0.0,64.45613095391886,0.0,tracking_only,0
261,5.22,horse_stance_hold,1.0,transition,recovery,-0.5007109734946783,0.8583800479218214,0.06035217132182012,0.03129687205818513,-0.46822577210224847,0.7694642593517403,0.08144739321406315,0.00019829137908309753,5.492070747533637e-05,2.4004428324645747e-05,0.00690668558789156,0.0023514524709372328,0.007296001270083894,-0.46820575185993907,0.7694698043526201,-0.6764120541683674,-0.6764134602332632,0.0011734211659421567,double,1,1,34.648908735592215,34.692850803931414,327.0703270606751,17.27685607134895,7.5835697010685745,0.021526256158046427,0.0,64.44185798231615,0.0,tracking_only,0
262,5.24,horse_stance_hold,1.0,transition,recovery,-0.5006939851196744,0.8583833190320329,0.06035194136804773,0.031294703287782166,-0.46822190754890736,0.769465315627694,0.08144783434165712,0.0001893309587018533,5.124363187935672e-05,2.0542757466138906e-05,0.006575404632481254,0.0023257587194081154,0.006974603910026634,-0.4682027919842902,0.7694704893772125,-0.6764244781823403,-0.6764259352296276,0.001172322205013246,double,1,1,34.64681487943774,34.6907375151778,327.07122448049677,17.213529386205074,7.513475078507576,0.021466083577545474,0.0,64.42830920741355,0.0,tracking_only,0
263,5.26,horse_stance_hold,1.0,transition,recovery,-0.5006773368592145,0.858386514309065,0.06035171595043158,0.03129257740201433,-0.4682182051905193,0.7694663055125754,0.08144821178780762,0.00018182293342772207,4.818031463796253e-05,1.7573344389280785e-05,0.006298718355727084,0.00230463400874874,0.006707100031985104,-0.46819984766433004,0.769471169978081,-0.6764367363733446,-0.6764382344761247,0.0011712253281883495,double,1,1,34.64475211329888,34.68867512318747,327.07198564415864,17.151163102278193,7.444143224086109,0.02140790907356103,0.0,64.41540228186565,0.0,tracking_only,0
264,5.28,horse_stance_hold,1.0,transition,recovery,-0.5006610057194228,0.8583896406761885,0.06035149479113154,0.031290491374128926,-0.4682146423410733,0.76946723892001,0.08144853455826548,0.00017521304299790926,4.5524861376749117e-05,1.5021904452868752e-05,0.006056515593802923,0.0022848451304782755,0.006473167571463623,-0.468196952174245,0.7694718352809818,-0.6764488329495545,-0.6764503632559009,0.0011701305424255543,double,1,1,34.64271105211509,34.68666839338684,327.0726327246583,17.089743414152448,7.4150883272906984,0.021351618766499946,0.0,64.40306120420867,0.0,tracking_only,0
265,5.3,horse_stance_hold,1.0,transition,recovery,-0.5006449766855734,0.8583927024693597,0.06035127756488528,0.03128844175236892,-0.46821120555258444,0.769468122309847,0.08144881031125172,0.00016911659847428358,4.313212554006301e-05,1.2826409044406782e-05,0.005834730422683253,0.0022644006569042135,0.006258721070664016,-0.4681941309056903,0.7694724770912229,-0.6764607715353328,-0.6764623261503171,0.0011690379205811369,double,1,1,34.64067444364931,34.68472962271642,327.07318467351723,17.029256873874992,7.415156097763654,0.021297110616212266,0.0,64.39122064572182,0.0,tracking_only,0
266,5.32,horse_stance_hold,1.0,transition,recovery,-0.5006292400512345,0.8583957023086741,0.06035106395212572,0.031286425178634114,-0.46820788726626433,0.76946895987689,0.08144904558090946,0.00016330896802615614,4.0913474795978534e-05,1.093511869338112e-05,0.005625008197904985,0.002242372899077305,0.006055489529758486,-0.4681913989795506,0.7694730906549547,-0.6764725552764908,-0.6764741272329572,0.0011679475667551592,double,1,1,34.63862573333091,34.682871008770725,327.0736571828761,16.96969023313879,7.415218047298297,0.021244292804540134,0.0,64.37982699936535,0.0,tracking_only,0
267,5.34,horse_stance_hold,1.0,transition,recovery,-0.5006137890393431,0.8583986418745416,0.06035085367389627,0.03128443873826467,-0.4682046829777251,0.7694697545495163,0.08144924596218171,0.00015768995096894354,3.882408304707211e-05,9.304715107264095e-06,0.005423447684815064,0.002218596953179857,0.0058596891752536505,-0.4681887620080755,0.7694736743747433,-0.6764841869621505,-0.6764857702121024,0.001166859594270514,double,1,1,34.63655340981751,34.68110069614495,327.0740629910904,16.91103037927741,7.4152767040143095,0.0211930823293355,0.0,64.36883737018485,0.0,tracking_only,0
268,5.36,horse_stance_hold,1.0,transition,recovery,-0.500598618036292,0.8584015224835553,0.06035064650847621,0.03128248013032195,-0.4682015892215257,0.7694705087011323,0.08144941626090309,0.00015224070740943948,3.684797531999792e-05,7.898680452330759e-06,0.005229076950803116,0.0021933588172623132,0.005670455771689146,-0.46818621842797037,0.7694742290111021,-0.6764956691361577,-0.6764972585263207,0.0011657741138952626,double,1,1,34.63445222482207,34.679421578149004,327.0744123585836,16.853264328505393,7.41533361516858,0.02114340379959012,0.0,64.3582175764703,0.0,tracking_only,0
269,5.38,horse_stance_hold,1.0,transition,recovery,-0.500583721496562,0.858404345445212,0.060350442293539426,0.03128054769142963,-0.46819860238448974,0.7694712245756711,0.08144956061478721,0.0001469849074344029,3.4984678062408815e-05,6.685979287445119e-06,0.005042476338593227,0.0021671372811132936,0.005488447104642959,-0.46818376223623787,0.7694747567601521,-0.6765070041845144,-0.6765085954034264,0.0011646912292565675,double,1,1,34.63232248705165,34.677831818009864,327.0747135789484,16.796379246455185,7.415389598211352,0.02109518841379104,0.0,64.34793993897769,0.0,tracking_only,0
270,5.4,horse_stance_hold,1.0,transition,recovery,-0.5005690934200152,0.8584071122314783,0.06035024091899791,0.03127864032280639,-0.4681957181933121,0.769471904482047,0.0814496825913461,0.00014195967371167698,3.323928125449795e-05,5.6400342728878e-06,0.004864746696521861,0.002140425235975537,0.005314807674048167,-0.468181385411529,0.7694752604447116,-0.6765181943954747,-0.6765197838943545,0.0011636110365596808,double,1,1,34.63016845791274,34.6763261917603,327.0749734413318,16.740362475372706,7.415445001153418,0.02104837309888296,0.0,64.33798132549563,0.0,tracking_only,0
271,5.42,horse_stance_hold,1.0,transition,recovery,-0.5005547272378161,0.8584098245128373,0.060350042315357864,0.03127675736895952,-0.4681929316620487,0.7694725508314114,0.08144978526816489,0.00013719747777393698,3.161624802561506e-05,4.737951543292702e-06,0.004696864463507087,0.002113629166535133,0.005150530462212967,-0.4681790796894517,0.769475742926546,-0.6765292419952407,-0.676530826892104,0.0011625336263291347,double,1,1,34.62799658382004,34.674897604266704,327.0751976047294,16.6852015562484,7.415499920393265,0.021002899785659487,0.0,64.32832165889731,0.0,tracking_only,0
272,5.44,horse_stance_hold,1.0,transition,recovery,-0.5005406159384621,0.8584124841159353,0.06034984644126116,0.031274898485948666,-0.46819023729370357,0.7694731660872487,0.08144987129990261,0.00013271750805107782,3.0116436130519026e-05,3.959938984485169e-06,0.0045393714201312696,0.002087030914102083,0.00499615761624094,-0.4681768376356742,0.7694762067557418,-0.6765401491651835,-0.6765417271433267,0.001161459085629521,double,1,1,34.62581399708063,34.67353839139649,327.0753908762615,16.63088424111635,7.4155543554620875,0.020958714797421483,0.0,64.31894291627856,0.0,tracking_only,0
273,5.46,horse_stance_hold,1.0,transition,recovery,-0.5005267522955429,0.858415092948093,0.060349653272510156,0.031273063523625244,-0.46818762937463043,0.7694737526828315,0.08144994297526506,0.00012852386692752325,2.873642117662412e-05,3.2888626663916137e-06,0.0043923057750645846,0.002060790863565751,0.0048517222720413184,-0.468174653122358,0.7694766540198322,-0.6765509180471004,-0.6765524872574231,0.0011603874999037284,double,1,1,34.62362746796791,34.67224123949936,327.07555740418513,16.577398495335565,7.4156083013088505,0.02091576833138454,0.0,64.30982854332896,0.0,tracking_only,0
274,5.48,horse_stance_hold,1.0,transition,recovery,-0.5005131291021299,0.858417652919786,0.06034946279365161,0.031271252433801106,-0.4681851022560155,0.769474312941572,0.0814500022661926,0.00012460782956266625,2.7469181822980792e-05,2.709896354458138e-06,0.0042552768962433474,0.002034973109293251,0.004716831247696811,-0.468172521381582,0.7694770863333285,-0.6765615507421129,-0.6765631097156665,0.0011593189540867743,double,1,1,34.621442818715224,34.67099970552479,327.0757008049957,16.52473249209008,7.415661790269289,0.020874014015690202,0.0,64.30096316679754,0.0,tracking_only,0
275,5.5,horse_stance_hold,1.0,transition,recovery,-0.5004997393587823,0.8584201658824308,0.06034927499229812,0.03126946520690663,-0.4681826505675591,0.7694748490186272,0.0814500508707461,0.00012095186452686777,2.630537223619828e-05,2.2102314032545373e-06,0.004127602580975995,0.0020095777298147844,0.004590806652283151,-0.46817043881308545,0.7694775049077972,-0.6765720493073136,-0.6765735968812439,0.0011582535329916072,double,1,1,34.619264714170356,34.669808407452415,327.0758242452906,16.472874602139633,7.415714899857522,0.020833408528295967,0.0,64.29233248823257,0.0,tracking_only,0
276,5.5200000000000005,horse_stance_hold,1.0,transition,recovery,-0.5004865763954507,0.8584226335879109,0.060349089855824475,0.03126770183386071,-0.4681802693469157,0.7694753628692087,0.08145009025064749,0.00011753381749613218,2.5234647000766076e-05,1.7788258746600789e-06,0.004008452562997977,0.0019845706898029424,0.004472830510161321,-0.46816840269130666,0.7694779106539379,-0.6765824157526861,-0.6765839510101155,0.001157191321138104,double,1,1,34.61709670809439,34.66866298851132,327.0759304960735,16.42181338164063,7.415767741626076,0.0207939112670637,0.0,64.28392326447756,0.0,tracking_only,0
277,5.54,horse_stance_hold,1.0,transition,recovery,-0.5004736339295792,0.8584250576690765,0.06034890736983615,0.031265962287149646,-0.4681779540926406,0.7694758562409901,0.0814501216641158,0.00011433035270733606,2.4246738272640326e-05,1.4061810312254775e-06,0.0038969664235668816,0.001959906660879104,0.004362061602701861,-0.4681664108708672,0.769478304282744,-0.6765926520395003,-0.6765941742621361,0.0011561324022506952,double,1,1,34.614941428104295,34.66755995689732,327.0760219728933,16.371537560131884,7.415820442916158,0.020755484062838832,0.0,64.2757233109431,0.0,tracking_only,0
278,5.5600000000000005,horse_stance_hold,1.0,transition,recovery,-0.500460906074306,0.858427439636645,0.060348727517781135,0.03126424651462861,-0.4681757007601107,0.7694763306841429,0.08145014619447827,0.00011131930189959984,2.3332171179200195e-05,1.0841395673046936e-06,0.003792333607802637,0.0019355435629594803,0.004257713362473247,-0.46816446154533475,0.7694786863877684,-0.6766027600804659,-0.6766042687118227,0.0011550768586317123,double,1,1,34.61280080731807,34.666496481822705,327.07610076999293,16.32203602994928,7.4158731291914295,0.020718090929181174,0.0,64.26772149184234,0.0,tracking_only,0
279,5.58,horse_stance_hold,1.0,transition,recovery,-0.5004483873142922,0.8584297808867553,0.060348550281174335,0.03126255444045853,-0.46817350572249644,0.7694767875717256,0.08145016477496368,0.00010848094207123517,2.2482627253563806e-05,8.057036414657431e-07,0.0036938362911085004,0.0019114497734813273,0.004159094466593903,-0.4681625530791881,0.7694790575022059,-0.6766127417413674,-0.6766142363582474,0.0011540247705622564,double,1,1,34.610676302452376,34.66547019948226,327.0761686927668,16.273297837597514,7.415925910907547,0.02068169784374316,0.0,64.25990768364336,0.0,tracking_only,0
280,5.6000000000000005,horse_stance_hold,1.0,transition,recovery,-0.5004360724652885,0.8584320827138827,0.060348375640051785,0.03126088596904025,-0.468171365715987,0.7694772281241433,0.08145017821007042,0.00010579842261884723,2.1691031260530134e-05,5.648722583983647e-07,0.0036008628097124397,0.0018876059403357909,0.0040656203905875335,-0.46816068390991666,0.7694794181321194,-0.6766225988436739,-0.6766240791337511,0.0011529762158195705,double,1,1,34.608569067266274,34.66447905708296,327.0762272900305,16.225312177090082,7.415978876087248,0.02064627255720807,0.0,64.25227271218813,0.0,tracking_only,0
281,5.62,horse_stance_hold,1.0,transition,recovery,-0.5004239566296337,0.8584343463251196,0.06034820357342089,0.03125924098936175,-0.4681692777831513,0.7694776534332053,0.08145018719389345,0.00010325762861623345,2.0951457857633192e-05,3.5649790591013486e-07,0.003512901667772955,0.0018640035008618096,0.003976806153016148,-0.46815885250518535,0.7694797687710732,-0.6766323331676161,-0.676633798911378,0.0011519312693460126,double,1,1,34.60648007239992,34.66352120355448,327.07627788588843,16.178068384961236,7.4160320880237585,0.02061178442632479,0.0,64.24480827101318,0.0,tracking_only,0
282,5.64,horse_stance_hold,1.0,transition,recovery,-0.5004120351553545,0.8584365728532996,0.06034803405959484,0.03125761937842367,-0.46816723922269116,0.7694780644831807,0.08145019232579172,0.00010084674756534871,2.025894714558748e-05,1.761618738202253e-07,0.0034295254363450167,0.0018406416939809069,0.003892249550601603,-0.4681570573563301,0.7694801099025663,-0.6766419464552832,-0.6766433975110632,0.0011508900030664238,double,1,1,34.60441017647267,34.66259492309214,327.07632161016545,16.131555936537772,7.416085586718922,0.020578204268014343,0.0,64.23750683067975,0.0,tracking_only,0
283,5.66,horse_stance_hold,1.0,transition,recovery,-0.5004003036025729,0.8584387633677499,0.06034786707638343,0.03125602100334421,-0.4681652475491475,0.7694784621678153,0.0814501941237578,9.855574440444276e-05,1.960929671809226e-05,2.0067161668642507e-08,0.00335037166167322,0.0018175243344619944,0.0038116118608410915,-0.4681552969910694,0.7694804419960541,-0.6766514404134735,-0.6766528767047244,0.001149852485827857,double,1,1,34.60236016021024,34.66169860163612,327.07635942665917,16.085764443059972,7.416139392489615,0.02054550423185793,0.0,64.23036154783252,0.0,tracking_only,0
284,5.68,horse_stance_hold,1.0,transition,recovery,-0.5003887577180098,0.858440918882412,0.0603477026011613,0.03125444572227068,-0.4681633004628315,0.7694788473033499,0.08145019303582345,9.637587554555522e-05,1.8998872794186388e-05,-1.1505268058761919e-07,0.0032751253094639083,0.0017946570890984815,0.003734600361503557,-0.4681535699924998,0.769480765500897,-0.6766608167161456,-0.6766622382204388,0.0011488187834279157,double,1,1,34.60033073672652,34.66083071478242,327.0763921582691,16.04068364931447,7.416193510398995,0.020513657688558642,0.0,64.22336618015999,0.0,tracking_only,0
285,5.7,horse_stance_hold,1.0,transition,recovery,-0.5003773934166306,0.858443040361641,0.06034754061085485,0.031252893384463104,-0.46816139582839417,0.7694792206381781,0.08145018944980052,9.429930681389363e-05,1.842446095422873e-05,-2.3201071011667e-07,0.0032035049713380185,0.001772045561608774,0.0036609547352848756,-0.4681518750162401,0.7694810808409486,-0.6766700770064373,-0.6766714837458884,0.001147788958698756,double,1,1,34.59832254940125,34.659989827067,327.0764205088204,15.996303431541163,7.416247934565117,0.020482639132228614,0.0,64.21651501093942,0.0,tracking_only,0
286,5.72,horse_stance_hold,1.0,transition,recovery,-0.5003662067686909,0.8584451287242554,0.06034738108189031,0.03125136382998142,-0.46815953165971447,0.7694795828600042,0.0814501837016129,9.23188514553992e-05,1.7883160840327705e-05,-3.332317659176522e-07,0.0031352533641266964,0.0017496941969080285,0.003590437778316371,-0.46815021080177094,0.7694813884110823,-0.6766792228982884,-0.6766806149312438,0.0011467630716188726,double,1,1,34.59633616583376,34.659174595236664,327.07644508157716,15.952613795467961,7.416302651802052,0.020452424094600564,0.0,64.20980278417952,0.0,tracking_only,0
287,5.74,horse_stance_hold,1.0,transition,recovery,-0.500355193990333,0.8584471848464399,0.060347223990137096,0.031249856889302124,-0.46815770610881585,0.769479934601335,0.08145017608243937,9.042781455017436e-05,1.7372319398049644e-05,-4.208075716823407e-07,0.0030701316182623756,0.001727605851184604,0.0035228298469414665,-0.46814857617706,0.7694816885759427,-0.6766882559777426,-0.6766896333916209,0.001145741179434237,double,1,1,34.59437207281874,34.658383770887816,327.07646639463417,15.909604874399434,7.416357644385403,0.02042298906950087,0.0,64.20322465006568,0.0,tracking_only,0
288,5.76,horse_stance_hold,1.0,transition,recovery,-0.5003443514361813,0.8584492095640109,0.06034706931086785,0.031248372383094275,-0.4681559174569777,0.7694802764439672,0.08145016684484913,8.861991648340047e-05,1.6889492847135024e-05,-4.965434865365523e-07,0.0030079163807325325,0.001705781814294427,0.0034579260477136703,-0.4681469700574002,0.769481981670593,-0.6766971778040032,-0.6766985407092015,0.0011447233367765791,double,1,1,34.59243067476988,34.65761620036936,327.07648489370314,15.86726692733652,7.416412891966142,0.020394311446143384,0.0,64.19677611932782,0.0,tracking_only,0
289,5.78,horse_stance_hold,1.0,transition,recovery,-0.5003336755928343,0.858451203674404,0.060346917018745276,0.031246910122259247,-0.46815416410678534,0.7694806089229356,0.08145015620807966,8.688926587658067e-05,1.6432427010864596e-05,-5.619983634464164e-07,0.002948398685721818,0.0016842220797027426,0.003395535130686233,-0.46814539144019246,0.7694822680024781,-0.6767059899103213,-0.6767073384350963,0.0011437095957734789,double,1,1,34.59051229593689,34.65687082153933,327.0765009626545,15.825590337132907,7.416468372781561,0.02036636945000858,0.0,64.19045302486973,0.0,tracking_only,0
290,5.8,horse_stance_hold,1.0,transition,recovery,-0.5003231630725993,0.8584531679385952,0.06034676708783655,0.031245469908253914,-0.46815244457441824,0.7694809325301833,0.08145014436258304,8.523035687039196e-05,1.5999047289991253e-05,-6.185186403233972e-07,0.0028913837073820253,0.0016629257016511874,0.0033354792208206484,-0.46814383939750864,0.7694825478540817,-0.6767146938047712,-0.676716028090993,0.0011427000061484255,double,1,1,34.58861718573873,34.6561466579186,327.0765149323446,15.784565608699323,7.416524064355532,0.02033914209025427,0.0,64.1842514890728,0.0,tracking_only,0
291,5.82,horse_stance_hold,1.0,transition,recovery,-0.5003128106071824,0.858455103083051,0.060346619491651425,0.03124405153365109,-0.4681507574818975,0.7694812477180799,0.08145013147394423,8.363807294457699e-05,1.5587452071709306e-05,-6.672676611576836e-07,0.0028366907666507978,0.0016418911347252521,0.0032775937826233542,-0.4681423130679528,0.7694828214857793,-0.6767232909709567,-0.6767246111706245,0.001141694615311939,double,1,1,34.586745526037724,34.65544281123009,327.0765270879995,15.744183367273912,7.4165799438746305,0.020312609112762725,0.0,64.17816789540838,0.0,tracking_only,0
292,5.84,horse_stance_hold,1.0,transition,recovery,-0.5003026150412915,0.8584570098017178,0.060346474203196686,0.03124265478286886,-0.46814910154928924,0.7694815549028072,0.08145011768625891,8.21076868393486e-05,1.5195905931926253e-05,-7.092509249619678e-07,0.002784153223678787,0.0016211165016888596,0.0032217274690713536,-0.46814081164887306,0.7694830891385379,-0.6767317828686676,-0.6767330891410781,0.0011406934684454056,double,1,1,34.58489743920252,34.65475845330987,327.07653767547095,15.704434356766413,7.416635988386353,0.020286750958064596,0.0,64.17219886337892,0.0,tracking_only,0
293,5.86,horse_stance_hold,1.0,transition,recovery,-0.5002925733262421,0.8584588887580205,0.060346331195040306,0.03124127943299998,-0.4681474755869949,0.7694818544675927,0.08145010312504512,8.063485219753166e-05,1.4822831026769849e-05,-7.453378776529832e-07,0.0027336180996453984,0.0016005997736113305,0.0031677417113763493,-0.4681393343894953,0.7694833510362799,-0.6767401709345042,-0.6767414634439657,0.0011396966085795157,double,1,1,34.583072996076325,34.654092818215815,327.07654690667334,15.665309438179916,7.416692174918866,0.020261548723492357,0.0,64.16634122608535,0.0,tracking_only,0
294,5.88,horse_stance_hold,1.0,transition,recovery,-0.5002826825137093,0.8584607405868219,0.06034619043937903,0.031239925254667872,-0.46814587848830763,0.7694821467657471,0.08145008789975262,7.921558663630963e-05,1.44667964661163e-05,-7.762807258769013e-07,0.0026849454150768004,0.0015803388704236968,0.003115510042884468,-0.4681378805851891,0.7694836073878479,-0.6767484565824665,-0.6767497354964628,0.0011387040766691892,double,1,1,34.58127222320415,34.65344519498345,327.0765549641649,15.626799588108653,7.416748480583313,0.020236984129012016,0.0,64.160592009982,0.0,tracking_only,0
295,5.9,horse_stance_hold,1.0,transition,recovery,-0.5002729397497546,0.8584625658962998,0.06034605190810493,0.031238592012876015,-0.46814430922238237,0.7694824321234713,0.08145007210592475,7.784624822642513e-05,1.4126506232704842e-05,-8.027306620203862e-07,0.002638007311279012,0.0015603317015121477,0.00306491722451118,-0.46813644957281225,0.7694838583885922,-0.6767566412045206,-0.6767579066922423,0.0011377159116653934,double,1,1,34.579495109124885,34.65281492136018,327.07656200527714,15.588895897304674,7.416804882680789,0.020213039486260156,0.0,64.15494841651955,0.0,tracking_only,0
296,5.92,horse_stance_hold,1.0,transition,recovery,-0.5002633422692239,0.8584643652697083,0.06034591557286857,0.03123727946780744,-0.4681427668277228,0.7694827108424148,0.08145005582706204,7.65235081673799e-05,1.3800786487192401e-05,-8.252518359331731e-07,0.0025926870500147113,0.0015405761685104678,0.0030158582642916725,-0.46813504072695655,0.769484104221647,-0.6767647261711318,-0.6767659784023049,0.0011367321505851846,double,1,1,34.577741609573124,34.65220137845402,327.07656816553333,15.551589569304145,7.416861358820605,0.020189697670379456,0.0,64.14940780557716,0.0,tracking_only,0
297,5.94,horse_stance_hold,1.0,transition,recovery,-0.5002538873905683,0.8584661392670089,0.06034578140513687,0.031235987375569207,-0.46814125040623294,0.7694829832019814,0.08145003913622668,7.524432233141496e-05,1.348857305370524e-05,-8.443334033356896e-07,0.002548877982676329,0.0015210701494669675,0.00296823741809371,-0.46813365345687263,0.7694843450589728,-0.6767727128317689,-0.6767739519757242,0.0011357528285791396,double,1,1,34.57601165179976,34.65160398632482,327.07657356175326,15.514871919106792,7.416917887043125,0.020166942094301712,0.0,64.14396768044737,0.0,tracking_only,0
298,5.96,horse_stance_hold,1.0,transition,recovery,-0.5002445725110956,0.858467888426362,0.06034564937624584,0.031234715488871162,-0.46813975911782824,0.7694832494613899,0.08145002209742656,7.400590370202666e-05,1.3188899695843191e-05,-8.603998618241802e-07,0.0025064825580037573,0.0015018114783720963,0.0029219672363233716,-0.4681322872038636,0.7694845810622337,-0.6767806025153799,-0.6767818287403196,0.001134777978996998,double,1,1,34.57430513807547,34.651022200278,327.07657829465074,15.478734371897515,7.416974445935901,0.02014475668517504,0.0,64.1386256743805,0.0,tracking_only,0
299,5.98,horse_stance_hold,1.0,transition,recovery,-0.5002353951026359,0.8584696132654909,0.06034551945744809,0.03123346355764023,-0.4681382921755782,0.7694835098615166,0.08145000476680782,7.280569699467196e-05,1.2900887522337227e-05,-8.738199595188847e-07,0.002465411411747973,0.0014827979282633322,0.0028769676962453303,-0.46813094143899003,0.7694848123835697,-0.6767883965308357,-0.6767896100032597,0.0011338076334509034,double,1,1,34.57262194862484,34.650455507711996,327.0765824510881,15.443168461806493,7.417031014736819,0.020123125862672214,0.0,64.13337953852165,0.0,tracking_only,0
