step,t,motion_id,phase,phase_label,mode,base_x,base_y,base_z,upright_cos,com_x,com_y,com_z,com_vx,com_vy,com_vz,lin_momentum_norm,ang_momentum_norm,momentum_norm,cp_x,cp_y,cp_margin,com_margin,support_area,support_mode,contact_left,contact_right,grf_left,grf_right,grf_total,torque_norm,torque_max,tracking_err_rms,head_force,torso_force,push_force,force_N,trial
0,0.0,horse_stance_hold,0.0,transition,nominal,0.0028579987691578785,1.0371512553768548e-05,0.7754281258656032,0.9999682222762024,0.021578626937179664,0.00010528226912702852,0.6816920700518175,0.005565958965903974,0.00014190993277394146,-1.3366361876247127e-05,0.18563626997900998,0.046298741638296934,0.19132275925516454,0.023045861732014877,0.00014269095150757431,0.07128640823726459,0.0698191734583037,0.04965071613412247,double,1,1,163.6427764265791,163.33306560657186,326.975842033151,11.720257122596607,7.592852428479564,0.00902208596594895,0.0,0.0,0.0,240.0,0
1,0.02,horse_stance_hold,0.004347826086956522,transition,nominal,0.0029744920349706965,1.3843464915249785e-05,0.7754328568155521,0.9999699288571158,0.02169486556797744,0.0001080470068718648,0.6816912492260826,0.005997968283176297,0.00013477034529565973,-5.996727132119066e-05,0.2000395798557237,0.04139076993947104,0.20427684485774858,0.02327598079340452,0.00014357361101892597,0.07151814092101817,0.06993702570869169,0.04965159279825144,double,1,1,163.67221480120293,163.34516179806718,327.01737659927005,11.726411370693235,7.578228327246956,0.009001117538681186,0.0,0.0,0.0,240.0,0
2,0.04,horse_stance_hold,0.008695652173913044,transition,nominal,0.0031064310781135284,1.7089019210124257e-05,0.7754310875286218,0.9999716502133222,0.021819739993632934,0.00011063687523563027,0.681685195299929,0.006398627565199901,0.00012477686174477946,-0.00036945409351673577,0.21373336507164264,0.03622778482580139,0.2167819266872417,0.023506464908525877,0.00014352896644777077,0.07175018995370336,0.07006346502294168,0.049652572190949706,double,1,1,163.70141448000277,163.35800318868212,327.0594176686849,11.751818136876532,7.5744619041926455,0.00888722632697407,0.0,0.0,0.0,240.0,0
3,0.06,horse_stance_hold,0.013043478260869566,transition,nominal,0.0032422833879753384,2.0025249986036343e-05,0.7754109204791684,0.9999735235053476,0.02195356769916905,0.00011299981769820391,0.6816648923188244,0.006822603059554503,0.00011238865332124458,-0.0011411497090550295,0.23066376135806746,0.029712021978808692,0.2325695058556059,0.023752028865139642,0.00014262584558369376,0.07199776466089448,0.07019930348179004,0.0496539228071812,double,1,1,163.8282028459876,163.4699832265097,327.2981860724973,11.813515023674302,7.5908648461984525,0.008727192971707992,0.0,0.0,0.0,240.0,0
4,0.08,horse_stance_hold,0.017391304347826087,transition,nominal,0.0033728800551098403,2.2588025890593148e-05,0.7753631727465488,0.9999754655872881,0.022096404472284736,0.00011509320982044024,0.6816231258102372,0.007230052746042442,9.809094943713208e-05,-0.0021822868986598725,0.2518209039176613,0.0224719389605111,0.25282158865601834,0.024002212360788103,0.0001409495226018925,0.07225045866236875,0.0703446507635375,0.0496558572763908,double,1,1,164.12247472610687,163.75136708323626,327.87384180934316,11.909207793586933,7.623133752313748,0.008559771365156729,0.0,0.0,0.0,240.0,0
5,0.1,horse_stance_hold,0.02173913043478261,transition,nominal,0.0034927757087654912,2.4732706942083167e-05,0.7752835379322123,0.9999773927880266,0.022247464155423294,0.00011688441261908955,0.6815564444767377,0.00758234757155229,8.23907837908639e-05,-0.0033297557787434692,0.27612033260178526,0.015117294047535205,0.27653385083103327,0.024246037537815728,0.00013860117327731402,0.07249735118595982,0.07049877779596224,0.04965863680208789,double,1,1,164.51898506968405,164.13721528171845,328.65620035140256,12.036396800439567,7.666163344224487,0.008410394541813132,0.0,0.0,0.0,240.0,0
6,0.12,horse_stance_hold,0.026086956521739132,transition,nominal,0.003598374117091818,2.6434235251053424e-05,0.7751706312193389,0.9999792662257143,0.022405367284665943,0.00011835092404141019,0.6814637403343624,0.007857931487551838,6.579037163884569e-05,-0.004502881053111709,0.30196723418662036,0.007959607717751772,0.30207212032449754,0.024476438871290897,0.0001356909287984586,0.07273144513182393,0.07066037354009203,0.049662500115264074,double,1,1,164.95500435503803,164.56506498760768,329.5200693426456,12.196707914763518,7.7168212641546425,0.008296906327447935,0.0,0.0,0.0,240.0,0
7,0.14,horse_stance_hold,0.030434782608695657,transition,nominal,0.003686831404125538,2.7685439856201016e-05,0.7750242213932477,0.99998107518164,0.022568480166336478,0.00011948000627538467,0.6813448433492568,0.008050828276653354,4.8763131706176266e-05,-0.005677330258837818,0.32845728302778077,0.0010615679950948052,0.3284589985075761,0.02469020737767813,0.0001323311142478726,0.07294963667655643,0.07082790946224639,0.049667665975323745,double,1,1,165.39654940272771,165.00114384987558,330.3976932526033,12.395695979678733,7.773856275169259,0.008233776288560223,0.0,0.0,0.0,240.0,0
8,0.16,horse_stance_hold,0.034782608695652174,transition,nominal,0.0037557245210621585,2.8494290211891433e-05,0.7748442967277819,0.9999828160305386,0.022735162720891964,0.00012026792686366303,0.6811997555251381,0.008164627780354908,3.173838595265553e-05,-0.006853809312582328,0.35541853844372884,0.00574194450633876,0.3554649172509015,0.024886651712851725,0.00012863141750116768,0.07315136437604534,0.07099987538276303,0.04967433669240171,double,1,1,165.8313828358011,165.4333494992433,331.2647323350444,12.64136711539425,7.837145245824631,0.008233873949584837,0.0,0.0,0.0,240.0,0
9,0.18,horse_stance_hold,0.0391304347826087,transition,nominal,0.003803042062066474,2.888077270871997e-05,0.7746307333216362,0.9999844816461161,0.022903894580009073,0.00012071898133583614,0.681028375288759,0.008206771887809775,1.5093669368889487e-05,-0.00803967536366501,0.3830427287961425,0.012549293701542395,0.383248244426511,0.025066217053639456,0.0001246958654179166,0.07333720889123944,0.07117488641731182,0.04968270103352428,double,1,1,166.25763745288938,165.85986165886567,332.1174991117551,12.942711857853988,7.907066484277373,0.008308546282566593,0.0,0.0,0.0,240.0,0
10,0.2,horse_stance_hold,0.04347826086956522,transition,nominal,0.003827212844630477,2.887382808890305e-05,0.7743832464559248,0.9999860598214215,0.0230733070450941,0.00012084442159916865,0.6808304583006768,0.008184753705061259,-8.478840780636255e-07,-0.009241672238948001,0.4115959589594407,0.01954759122862195,0.41205987641917147,0.025229514780640575,0.00012062105333741669,0.07350790783455292,0.07135170009900198,0.04969293623308806,double,1,1,166.67667357006343,166.28199701249616,332.9586705825596,13.30858770805027,7.984143947045405,0.00846689309345518,0.0,0.0,0.0,240.0,0
11,0.22,horse_stance_hold,0.04782608695652174,transition,nominal,0.0038270723141046433,2.8508589444192853e-05,0.7741014294263031,0.9999875358526017,0.023242160440606733,0.00012066136923753873,0.6806056534374976,0.008104195200576514,-1.5816988566737946e-05,-0.010464303262338664,0.4412884643481946,0.02686055044401247,0.44210518876953153,0.02537679317732141,0.0001164951984142596,0.07366381847257215,0.0715291857353304,0.049705209332153305,double,1,1,167.0901006539783,166.70123611362408,333.7913367676024,13.74693610606799,8.068888322329784,0.008714955173872989,0.0,0.0,0.0,240.0,0
12,0.24,horse_stance_hold,0.052173913043478265,transition,nominal,0.003801768944430811,2.782403399487445e-05,0.7737847993926834,0.9999888957568545,0.023409298405690806,0.00012019176351806116,0.6803535460161468,0.007968229521004082,-2.9595636293483303e-05,-0.011710131975178756,0.47224611587213383,0.03456898913126748,0.4735096714597016,0.0255077292339297,0.00011239776167412766,0.07380470707129728,0.07170627624115285,0.04971967811912847,double,1,1,167.49898914281752,167.1184454830577,334.6174346258752,14.26426431683027,8.161741863016054,0.009055270525786226,0.0,0.0,0.0,240.0,0
13,0.26,horse_stance_hold,0.05652173913043479,transition,nominal,0.0037506449031464977,2.686108777543877e-05,0.7734328298932218,0.9999901285423732,0.02357359885018447,0.00011946137586888532,0.6800736900860569,0.007777629725692552,-4.201325764422784e-05,-0.012980403909727867,0.5045255983265524,0.04271307565640526,0.5063304120816717,0.0256214139770559,0.00010839947300549906,0.07392973517952477,0.07188192004852473,0.049736491843418315,double,1,1,167.9038571434503,167.5338774360823,335.4377345795326,14.865348913958922,8.263068531914843,0.009486974068479098,0.0,0.0,0.0,240.0,0
14,0.28,horse_stance_hold,0.060869565217391314,transition,nominal,0.0036731223964286386,2.5661176549346266e-05,0.7730449708093643,0.9999912272209356,0.023733931938368296,0.00011849890966579297,0.6797656295009792,0.007531295017938637,-5.2942193293802556e-05,-0.014275535008205617,0.5381410161867212,0.051300326009698756,0.5405806847744176,0.025716439066426223,0.00010456262442799707,0.07403754886928078,0.07205504173409395,0.04975579178804604,double,1,1,168.30481099312686,167.94732514304854,336.2521361361754,15.553134225294345,8.373161578662266,0.010006368726915994,0.0,0.0,0.0,240.0,0
15,0.3,horse_stance_hold,0.06521739130434782,transition,nominal,0.0035686141724195876,2.426518529325351e-05,0.7726206604608693,0.9999921888090404,0.02388912944575504,0.00011733519364327999,0.6794289111480927,0.007226858650794917,-6.229295908560757e-05,-0.015595428860643619,0.5730883274403626,0.060315050891315336,0.5762535348372401,0.025791026773998527,0.00010094151304455036,0.07412641194050107,0.07222451460147339,0.04977771174545271,double,1,1,168.7016632783726,168.3582554467779,337.0599187251504,16.328794393573318,8.492257016673122,0.010607750360074355,0.0,0.0,0.0,240.0,0
16,0.32,horse_stance_hold,0.06956521739130435,transition,nominal,0.0034364648473118654,2.2712767750843222e-05,0.7721593334566874,0.9999930136874942,0.024037966319045753,0.0001160024687820898,0.6790630932261434,0.006861283836070955,-7.00096759962046e-05,-0.016939671753820305,0.6093631620909452,0.0697272544143463,0.6133395090173456,0.025843168898887322,9.758293524555093e-05,0.0741943480081582,0.07238914541339256,0.04980237842303282,double,1,1,169.0940114468655,168.76590175362065,337.85991320048623,17.191915659616036,8.620548284400556,0.011284253150712258,0.0,0.0,0.0,240.0,0
17,0.34,horse_stance_hold,0.07391304347826089,transition,nominal,0.0032759219595873026,2.1041935732734228e-05,0.7716604264605841,0.9999937046295952,0.024179153333141273,0.00011453376239658735,0.6786677505155907,0.006431376491797375,-7.606591629127026e-05,-0.018307647092171222,0.6469713788182809,0.07950003947097184,0.651837572778613,0.025870754735193312,9.4526659591955e-05,0.0742392712514529,0.0725476698300601,0.04982991179456589,double,1,1,169.4812919096814,169.16933126999066,338.6506231796721,18.140749003587832,8.758199897017125,0.012028555854363854,0.0,0.0,0.0,240.0,0
18,0.36,horse_stance_hold,0.0782608695652174,transition,nominal,0.003086131566642996,1.9288854307146485e-05,0.7711233830953326,0.9999942657022783,0.024311338770642704,0.00011296233943760482,0.6782424779458806,0.005934182447996613,-8.046109904014165e-05,-0.01969859418736953,0.6859332132424223,0.08959516094521036,0.6917598325241735,0.02587167748435804,9.180583323297989e-05,0.07425909505843876,0.0726987563209207,0.049860425405078346,double,1,1,169.86282083243046,169.56749734250303,339.4303181749335,19.172486697302894,8.905358930187258,0.012833385107548716,0.0,0.0,0.0,240.0,0
19,0.38,horse_stance_hold,0.08260869565217392,transition,nominal,0.0028661516460107995,1.7487772499398685e-05,0.7705476587014708,0.999994701149945,0.024433116694476238,0.00011132121950887328,0.6777868933784247,0.005367261786270248,-8.321746730270897e-05,-0.021111627358923888,0.7262824522935536,0.09997671689438413,0.7331313282287955,0.025843914767828685,8.944730181768566e-05,0.07425181417490934,0.07284101607348697,0.049894026630053274,double,1,1,170.23782652408255,169.95928154919858,340.1971080732812,20.283527252335393,9.75080338703928,0.013691823190231133,0.0,0.0,0.0,240.0,0
20,0.4,horse_stance_hold,0.08695652173913045,transition,nominal,0.002614976569520083,1.5671027816470247e-05,0.7699327253772377,0.9999950143033112,0.02454303942819649,0.00010964274833914664,0.6773006402539147,0.004728849182419073,-8.437760248436734e-05,-0.022545727483924423,0.7680622265125936,0.11061317829683069,0.7759863781075085,0.025785583216631845,8.747184336721324e-05,0.07421556035878953,0.07297301653844554,0.04993081688623363,double,1,1,170.60547540332257,170.34352742058527,340.94900282390785,21.469706905103134,10.698495251684635,0.014597462158466922,0.0,0.0,0.0,240.0,0
21,0.42,horse_stance_hold,0.09130434782608696,transition,nominal,0.002331566795107617,1.3869074904952338e-05,0.7692780775381389,0.9999952065147402,0.024639632151841742,0.00010795821395115083,0.6767833905350737,0.0040179187738897835,-8.400238015056643e-05,-0.02399971613235504,0.8113189285136138,0.121478073595869,0.8203629234241646,0.02569496995448964,8.58943315597533e-05,0.07414863442622589,0.07309329658847241,0.04997089179055614,double,1,1,170.96489274243638,170.71906701983391,341.6839597622703,22.726488132758437,11.675008298503277,0.015544453108538142,0.0,0.0,0.0,240.0,0
22,0.44,horse_stance_hold,0.09565217391304348,transition,nominal,0.0020148792088010656,1.2110502131350469e-05,0.7685832381004893,0.9999952761015952,0.024721407949419353,0.00010629750002326674,0.6762348481943411,0.003234176612478619,-8.216924429585815e-05,-0.025472220710066034,0.8560955363182898,0.13254968911459294,0.8662961314634134,0.025570545413096495,8.472385329524232e-05,0.07404951922207326,0.07320038172091659,0.05001434126526305,double,1,1,171.31517928535098,171.08474160599258,342.3999208913435,24.049104680762184,12.677818258713733,0.016527492088732283,0.0,0.0,0.0,240.0,0
23,0.46,horse_stance_hold,0.1,transition,nominal,0.0016638949440614694,1.0422013327145583e-05,0.7678477652957587,0.9999952172737041,0.024786882118281988,0.00010468877150943151,0.6756547533490421,0.002378004397286247,-7.897067019660528e-05,-0.02696163728590786,0.9024253130358575,0.14381013904590367,0.913812235473058,0.02541096255369281,8.396380973172232e-05,0.07391687869148407,0.07329279821718321,0.05006124958997926,double,1,1,171.6554247948185,171.4394176261693,343.0948424209878,25.432667892534294,13.704335119301795,0.01754177276976205,0.0,0.0,0.0,240.0,0
24,0.48,horse_stance_hold,0.10434782608695653,transition,nominal,0.001277642809498908,8.828364212748935e-06,0.7670712600536506,0.9999950190246444,0.02483458500544493,0.0001031581901040391,0.6750428870345216,0.0014503760657347074,-7.451269515854803e-05,-0.02846609605836509,0.9503265239408357,0.15524411598514645,0.9629232771376345,0.02521504745822061,8.361203001997334e-05,0.07374954811491981,0.07336908562290104,0.05011169540461714,double,1,1,171.9847194764228,171.7819992112776,343.76671868770046,26.872241449135217,14.751909446017839,0.01858292545991597,0.0,0.0,0.0,240.0,0
25,0.5,horse_stance_hold,0.10869565217391305,transition,nominal,0.0008552175514029176,7.3522533218725094e-06,0.7662533738463994,0.9999946639748946,0.024863073028161754,0.00010172965934260161,0.6743990765268122,0.0004527650195002432,-6.891341702202448e-05,-0.029983432813769858,0.9997985017108761,0.16683757005532776,1.0136231147745594,0.024981785636069405,8.366092368024406e-05,0.07354651993997562,0.0734278072935748,0.05016575166972212,double,1,1,172.30216407007367,172.11143820334064,344.41360227341437,28.36289194797319,15.817839312684656,0.019646954086899704,0.0,0.0,0.0,240.0,0
26,0.52,horse_stance_hold,0.11304347826086958,transition,nominal,0.00039579300902397793,6.014175154275433e-06,0.7653938168607386,0.9999941271647871,0.024870937842535114,0.0001004246008380521,0.6737232010774465,-0.0006129448023254643,-6.230138768659139e-05,-0.031511168310317694,1.0508191319695184,0.1785764943536745,1.0658848026165022,0.0247103074891938,8.409769198788556e-05,0.07330692872396252,0.07346755904066193,0.05022348559287594,double,1,1,172.6068792136404,172.4267425497083,345.0336217633487,29.899721972330187,16.89937777259715,0.02073017738441679,0.0,0.0,0.0,240.0,0
27,0.54,horse_stance_hold,0.1173913043478261,transition,nominal,-0.0001013692206305523,4.832248653431264e-06,0.7644923663538914,0.9999933748046728,0.024856813837640067,9.926176427593964e-05,0.6730151978996727,-0.0017445353928141922,-5.481385910982668e-05,-0.0330464963360226,1.1033436425326035,0.19044592652796327,1.119659253723296,0.024399875374337274,8.490461184870449e-05,0.07303003767937222,0.07348697610894134,0.05028495853086967,double,1,1,172.89801448597865,172.72698368249337,345.624998168472,31.477432218950746,17.99332940748532,0.021829177158353075,0.0,0.0,0.0,240.0,0
28,0.56,horse_stance_hold,0.12173913043478263,transition,nominal,-0.0006369297654776416,3.822484683217538e-06,0.763548928767199,0.9999923632726715,0.02481936583184566,9.82555600381486e-05,0.6722751190880923,-0.0029406817597457083,-4.664694670574706e-05,-0.03458488329896554,1.157261356015332,0.20242148885676792,1.1748311816075685,0.02404954963703596,8.604425057104923e-05,0.07271494018611743,0.07348475635096505,0.05035030628909917,double,1,1,173.17169014352282,173.0081774913096,346.17986763483236,33.08971021125182,19.09540865851458,0.022940632913517122,0.0,0.0,0.0,240.0,0
29,0.58,horse_stance_hold,0.12608695652173912,transition,nominal,-0.0012115184311004927,3.001852807619018e-06,0.7625636309959631,0.9999910387184636,0.024757249930209814,9.741661881480423e-05,0.6715032149680186,-0.004202250664426734,-3.796013903131147e-05,-0.03611995568494095,1.2124040185887346,0.21446497454044916,1.2312265143322523,0.023657810017565048,8.748506182943299e-05,0.07236024026515177,0.07345968015219133,0.050419884238067945,double,1,1,173.4181437075287,173.26040341969633,346.6785471272251,34.72991017266652,20.200610603786345,0.02406105230634611,0.0,0.0,0.0,240.0,0
30,0.6,horse_stance_hold,0.13043478260869565,transition,nominal,-0.0018257829989491885,2.3791058489885546e-06,0.7615367495051115,0.9999893363215374,0.024669104144124883,9.675428531364631e-05,0.670699866028121,-0.0055301493077806125,-2.8884960414336323e-05,-0.03764794834392666,1.2686956887565644,0.22654875903098828,1.2887641719445704,0.02322311023693381,8.92016001248719e-05,0.07196457791670513,0.07341057180329097,0.050494233432069144,double,1,1,173.6285835612877,173.4749073796057,347.1034909408934,36.391619006927264,21.303506803357298,0.02518677236528092,0.0,0.0,0.0,240.0,0
31,0.62,horse_stance_hold,0.13478260869565217,transition,nominal,-0.002480390781644971,1.9601315867449995e-06,0.760468598222782,0.9999871781953196,0.024553575134410213,9.627480622478988e-05,0.6698654831718406,-0.00692420209412921,-1.958333712951601e-05,-0.03916632487509499,1.326100056725913,0.23866213645740056,1.34740527527054,0.022744198276664497,9.115744591122802e-05,0.07152690845011028,0.07333628529297337,0.05057399964005958,double,1,1,173.79899595491423,173.64777096146773,347.446766916382,38.06884557590043,22.398533776502806,0.02631409131881184,0.0,0.0,0.0,240.0,0
32,0.64,horse_stance_hold,0.1391304347826087,transition,nominal,-0.0031759862901669543,1.7489279688022674e-06,0.7593594813533113,0.9999844709839053,0.02440934601277379,9.598030614876843e-05,0.6690004640556306,-0.008382911841332974,-1.0290638779779023e-05,-0.04067243099168773,1.3845689374954553,0.2508070728652717,1.407101748444845,0.02222020566861898,9.329297590525293e-05,0.07104655507157531,0.07323569540732273,0.050659857883070744,double,1,1,173.9302211818804,173.7798975966602,347.7101187785406,39.755651277410585,23.479211282852603,0.027439397466041935,0.0,0.0,0.0,240.0,0
33,0.66,horse_stance_hold,0.14347826086956522,transition,nominal,-0.003913148462015833,1.7477374534886612e-06,0.7582097354018819,0.9999811036697682,0.024235147975366397,9.586931454127536e-05,0.668105233436441,-0.009905011007358473,-1.1518020272875113e-06,-0.04215892508938049,1.4439002028109027,0.26298033076771776,1.4676533821199285,0.021650253039755325,9.556873060199956e-05,0.07052282640311366,0.07310772133768874,0.05075252991543018,double,1,1,174.0259376213709,173.8750970443335,347.90103466570446,41.44649930878145,24.539077656607276,0.028559143582260055,0.0,0.0,0.0,240.0,0
34,0.68,horse_stance_hold,0.14782608695652177,transition,nominal,-0.004692362274526297,1.9531207922232627e-06,0.757019749135567,0.999976946677992,0.02402975783225863,9.593866186698714e-05,0.6671802480539536,-0.0114876443879027,7.652709841040023e-06,-0.043621354736475874,1.5039732837698365,0.27518805445354066,1.5289421518184887,0.02103392159517865,9.793439438442032e-05,0.06995543824120345,0.07295127448570496,0.050852695484181955,double,1,1,174.0950830053638,173.9422351290296,348.0373181343934,43.136335714069034,25.57176195440663,0.029669956510204033,0.0,0.0,0.0,240.0,0
35,0.7000000000000001,horse_stance_hold,0.15217391304347827,transition,nominal,-0.005514002732947622,2.3588720275140463e-06,0.7557899589258105,0.9999718498848247,0.02379201414879932,9.618097265889326e-05,0.6662259945036731,-0.013126657011721056,1.593367374031185e-05,-0.045054159429676145,1.5646151646431847,0.28744027377337544,1.5907993350571696,0.020371192587680713,0.00010033330593232445,0.06934444640963229,0.07276526798788427,0.05096095787148329,double,1,1,174.16936670025748,174.0144671206917,348.1838338209492,44.820545944779816,26.57814721358013,0.030768673432626653,0.0,0.0,0.0,240.0,0
36,0.72,horse_stance_hold,0.1565217391304348,transition,nominal,-0.006378323064940887,2.957288084141492e-06,0.7545209038286281,0.9999656413228977,0.023520807850205584,9.658689392101966e-05,0.6652430244709855,-0.014816386562583538,2.3809472249779872e-05,-0.046463697600450805,1.6260092709232363,0.29974895333158535,1.6534072650595484,0.019662490363090274,0.00010278709008573784,0.06869028970084999,0.07254860721659598,0.05107785204549159,double,1,1,174.2880422049395,174.13108971299243,348.41913191793196,46.4956603228794,27.55688330476856,0.03185243293400554,0.0,0.0,0.0,240.0,0
37,0.74,horse_stance_hold,0.16086956521739132,transition,nominal,-0.0072854120826039625,3.7342693795117824e-06,0.7532130731875903,0.9999581229029371,0.023215159162128362,9.714605587653885e-05,0.6642318283181077,-0.016549896546979068,3.123925709432957e-05,-0.047860854494166244,1.688445418017606,0.3121154481109299,1.7170509551478474,0.01890869714905316,0.00010527484832013734,0.06799380412468219,0.07230026618003642,0.05120374381561217,double,1,1,174.37849308187754,174.21586719725758,348.59436027913506,48.16019386982294,28.507170855979126,0.03291890462219208,0.0,0.0,0.0,240.0,0
38,0.76,horse_stance_hold,0.16521739130434784,transition,nominal,-0.008235092876440447,4.671769601942475e-06,0.7518668489331519,0.9999490655445047,0.022874297437412525,9.7845942029326e-05,0.6631927879151266,-0.018317398860845668,3.79500517032025e-05,-0.049241654552047404,1.7516856898170057,0.3245405784242697,1.7814963774741834,0.018111641637307566,0.00010771322914970899,0.06725657845776159,0.07201923431578244,0.0513385000888122,double,1,1,174.45682686752514,174.28776673812308,348.74459360564816,49.81177447407766,29.427933551757373,0.03396654008977061,0.0,0.0,0.0,240.0,0
39,0.78,horse_stance_hold,0.16956521739130437,transition,nominal,-0.00922692201859751,5.7530772500839e-06,0.7504828972254931,0.9999382105969793,0.022497595783756003,9.867075615346131e-05,0.662126528021799,-0.02011377560658121,4.382104612349582e-05,-0.05058943784385451,1.8151357167912074,0.33696113744476974,1.8461474693315276,0.017272074858958056,0.0001100553811957104,0.066479111005322,0.07170463200557502,0.05148187588730532,double,1,1,174.52773842695242,174.3515924558863,348.87933088283876,51.44732003250959,30.317880547783094,0.034994047798425715,0.0,0.0,0.0,240.0,0
40,0.8,horse_stance_hold,0.1739130434782609,transition,nominal,-0.01026027924912364,6.959969713031959e-06,0.7490622961321537,0.9999252774149373,0.022084503534965945,9.960268488070053e-05,0.6610340118872902,-0.021935947643551806,4.8764748059445506e-05,-0.051888085142907533,1.8782523235552422,0.34928764736908435,1.9104537815778992,0.016390289335390808,0.0001122612180496755,0.06566145678114338,0.07135567107545301,0.05163360213976484,double,1,1,174.58824060292505,174.40444434655976,348.9926849494848,53.06356759207578,31.175573494658284,0.03600015958667116,0.0,0.0,0.0,240.0,0
41,0.8200000000000001,horse_stance_hold,0.1782608695652174,transition,nominal,-0.011334464886757725,8.272747463749212e-06,0.7476064596885923,0.9999099677345616,0.02163453222810715,0.00010062240325173986,0.6599164724073181,-0.02378066319755939,5.271470780147658e-05,-0.053126171218019685,1.9406471670066967,0.36143334553354445,1.9740176012575692,0.015466680244520047,0.00011429470971251681,0.06480380490036064,0.07097165699943678,0.05179342178363844,double,1,1,174.6344044035364,174.44250779082049,349.07691219435696,54.657347739475355,31.999511531714823,0.03698356518310938,0.0,0.0,0.0,240.0,0
42,0.84,horse_stance_hold,0.1826086956521739,transition,nominal,-0.012448744489431939,9.670615070929202e-06,0.7461170322529884,0.9998919667569243,0.021147270217372123,0.00010170945340794916,0.658775321882674,-0.025643640781592522,5.5621819334942627e-05,-0.05429624226853511,2.002046416051506,0.3733246108365718,2.0365561905041947,0.014501981692566434,0.00011612328180709877,0.0639067179541598,0.07055200661628526,0.05196109821745727,double,1,1,174.66370737294062,174.46338507904755,349.1270924519882,56.22553828382221,32.78804915938942,0.037942932700454075,0.0,0.0,0.0,240.0,0
43,0.86,horse_stance_hold,0.18695652173913044,transition,nominal,-0.013602349569872236,1.1149244178110987e-05,0.7445958407520652,0.999870943797779,0.020622389913229584,0.00010284084896477318,0.6576121110376307,-0.02752020247371876,5.7441966294824193e-05,-0.05539228097585005,2.0622162438489746,0.3848945252416792,2.0978273599025234,0.013497108482756082,0.00011771320232631765,0.06297101948193468,0.07009630107452948,0.052136432066648655,double,1,1,174.67419140051345,174.46503355064635,349.1392249511598,57.76466456888288,33.5389066319527,0.038876918870046524,0.0,0.0,0.0,240.0,0
44,0.88,horse_stance_hold,0.19130434782608696,transition,nominal,-0.014794481061052338,1.2677514580929319e-05,0.7430449396167066,0.9998465571051269,0.020059608609094795,0.00010399625087408839,0.6564285655129808,-0.029407462428638717,5.8175950445632284e-05,-0.056406921379006596,2.1209115240710967,0.3960635833332001,2.1575755038886397,0.012452549637070027,0.0001190450802951042,0.06199735013581247,0.06960440929540622,0.052319329110317066,double,1,1,174.6608321990024,174.44253912227774,349.10337132128006,59.27231941071062,34.250928652935336,0.03978408429870636,0.0,0.0,0.0,240.0,0
45,0.9,horse_stance_hold,0.1956521739130435,transition,nominal,-0.0160242738522966,1.4229946353310834e-05,0.7414663955241516,0.999818449332573,0.01945881326570867,0.0001051536776644931,0.6552263907131374,-0.03129602800824816,5.780259387350111e-05,-0.05734168733161499,2.1780504716008378,0.4068188556040067,2.2157178155432127,0.011370640697509852,0.0001200922300589111,0.06098797009759826,0.06907614287802744,0.052509614552686365,double,1,1,174.62729739550917,174.39994227502456,349.02723967053373,60.746433390095085,34.92311237322885,0.04066319204499995,0.0,0.0,0.0,240.0,0
46,0.92,horse_stance_hold,0.2,transition,nominal,-0.01729070405731664,1.5783181118924364e-05,0.7398623199283814,0.9997862420236978,0.01882007569781594,0.00010629088998316248,0.6540073133827972,-0.03317701211736098,5.6315331024874163e-05,-0.05819306378353924,2.2333961553614134,0.4171354406229206,2.2720168050889984,0.010253760107792831,0.00012083152722949401,0.059945153718057226,0.06851146954263374,0.05270707029765563,double,1,1,174.57783558678068,174.34155509960473,348.91939068638544,62.18448483588918,35.553933424716625,0.041513212792702675,0.0,0.0,0.0,240.0,0
47,0.9400000000000001,horse_stance_hold,0.20434782608695654,transition,nominal,-0.01859257050827544,1.7334517787136383e-05,0.7382350483438976,0.999749545046325,0.018143584866526948,0.00010738384826047617,0.6527732290274333,-0.03504514143734717,5.377068579575602e-05,-0.05895132181258154,2.2865857820205395,0.42695047404861775,2.326104306738806,0.009103458922040576,0.00012125435218137104,0.05887052762312499,0.06791065382312961,0.05291152608929605,double,1,1,174.51090839001571,174.26605847054597,348.77696686056174,63.58455627671556,36.1428957292408,0.04233315529404807,0.0,0.0,0.0,240.0,0
48,0.96,horse_stance_hold,0.20869565217391306,transition,nominal,-0.019928524218367986,1.885377515838984e-05,0.7365870941705573,0.9997079630072628,0.01742968119358537,0.00010841684828593195,0.6515261509586978,-0.036892282281427956,5.051988987590207e-05,-0.0596109838623248,2.3373335387410346,0.4362344019682197,2.377693951034123,0.007922167811835414,0.00012143633364537991,0.057766493081699906,0.0672740067360356,0.0531227556399814,double,1,1,174.42904786175387,174.17609840974865,348.6051462715026,64.94507122012605,36.68998898971377,0.043122193478352465,0.0,0.0,0.0,240.0,0
49,0.98,horse_stance_hold,0.21304347826086958,transition,nominal,-0.021297053735535004,2.032004168315744e-05,0.7349211103206835,0.9996610926469587,0.016678885134463174,0.0001093769483752396,0.6502681854857179,-0.0387095801049079,4.6608414907060814e-05,-0.06016705951605816,2.3853504810817916,0.44496260119661213,2.4264971943237006,0.006712671096188946,0.00012137680571519472,0.056635661041677214,0.0666018753633538,0.053340422907841696,double,1,1,174.33397042634476,174.0733612099799,348.40733163632467,66.26412410911986,37.19451527950834,0.04387975316494543,0.0,0.0,0.0,240.0,0
50,1.0,horse_stance_hold,0.2173913043478261,transition,nominal,-0.022696475601051,2.173961568987565e-05,0.733239958890022,0.9996085307444038,0.015891849947848133,0.00011024853244532766,0.6490015911484737,-0.04049111947326012,4.2014241007127085e-05,-0.06061103366304828,2.4302993815432323,0.4530789504236051,2.4721722470827903,0.005477116453791888,0.00012105502850511782,0.05548011859040609,0.06589485237214104,0.05356421508451634,double,1,1,174.22401347199255,173.95630974238125,348.1803232143738,67.5399944241484,37.656146490646684,0.04460531330610169,0.0,0.0,0.0,240.0,0
51,1.02,horse_stance_hold,0.22173913043478263,transition,nominal,-0.024124964297370866,2.309290890122355e-05,0.7315466701787837,0.9995498830123645,0.015069374003981811,0.0001110216304350001,0.6477287317570218,-0.0422289014764913,3.6900641833919145e-05,-0.06093937553414208,2.4719458558291145,0.46055094915354505,2.5144827481843985,0.00421832159074647,0.00012050354411548712,0.054302597405268015,0.06515365010106194,0.05379382031000571,double,1,1,174.09837339763715,173.8235633018354,347.92193669947255,68.77146364958531,38.0752404739303,0.045298422669072004,0.0,0.0,0.0,240.0,0
52,1.04,horse_stance_hold,0.22608695652173916,transition,nominal,-0.025580538238529425,2.4370879074054085e-05,0.7298443479801863,0.9994847609813333,0.014212442617584857,0.0001116853743759557,0.6464520018984566,-0.04391318738711603,3.130355119511439e-05,-0.0611507525262508,2.5100773181357896,0.4673617177258971,2.5532166218743484,0.002939725736356461,0.00011972113973474849,0.0531063652562833,0.06437908240384266,0.05402888611765312,double,1,1,173.9586813722541,173.67751183353874,347.63619320579284,69.95721039665817,38.45164777593084,0.04595879364982033,0.0,0.0,0.0,240.0,0
53,1.06,horse_stance_hold,0.23043478260869568,transition,nominal,-0.02706104925346474,2.5571513370900684e-05,0.7281362373070666,0.9994127874633163,0.013322187965013034,0.00011223070506398299,0.6451738935994681,-0.0455380215090015,2.5312162730392154e-05,-0.06123760547756949,2.544380571028539,0.47345551166483557,2.5880557590116418,0.0016439304634965589,0.000118722026919663,0.051893986682135164,0.06357224442123435,0.054269095873595574,double,1,1,173.80597610436118,173.51890644850567,347.3248825528668,71.09616120688352,38.785617948996105,0.04658620797063517,0.0,0.0,0.0,240.0,0
54,1.08,horse_stance_hold,0.2347826086956522,transition,nominal,-0.028564216158127695,2.6679596184168148e-05,0.7264257116297975,0.9993336074902321,0.012399908547726192,0.00011265245695194593,0.6438969662088465,-0.047093645690256335,1.9067321678559026e-05,-0.06119941947297188,2.5746574692675246,0.4788191177410361,2.618802938666703,0.00033466764343884764,0.0001175374435797481,0.05066902847379559,0.06273426957282201,0.05451408695682514,double,1,1,173.6399340928121,173.34708140615606,346.9870154989682,72.18747168782201,39.07720093378765,0.047180584076492435,0.0,0.0,0.0,240.0,0
55,1.1,horse_stance_hold,0.23913043478260873,transition,nominal,-0.03008759942901637,2.7700936111129773e-05,0.7247162389710181,0.9992468860039736,0.011447063359601386,0.0001129434141591224,0.6426238373594012,-0.04857367445811136,1.2567242185329471e-05,-0.06103008833969838,2.600624827151723,0.48340194273779546,2.645170491639547,-0.0009850473728241337,0.00011615991668219094,0.049434414332933045,0.06186652520163528,0.05476350741106714,double,1,1,173.4628821314523,173.16576606229276,346.6286481937451,73.23033844938269,39.32737517272068,0.04774194454739286,0.0,0.0,0.0,240.0,0
56,1.12,horse_stance_hold,0.24347826086956526,transition,nominal,-0.03162864200513309,2.863127813524394e-05,0.7230114280377921,0.9991523225319325,0.010465259098270547,0.0001131025369039578,0.641357207076318,-0.04996980251321479,6.040871798709356e-06,-0.06072746377081015,2.6220653665684246,0.4871808210153297,2.6669405578157863,-0.0023115709798789755,0.00011464713361265169,0.0481936303560791,0.06097046049670851,0.055016973444502765,double,1,1,173.27488989890253,172.97346595250966,346.24835585141216,74.22411968371195,39.53651933817813,0.048270427747853506,0.0,0.0,0.0,240.0,0
57,1.1400000000000001,horse_stance_hold,0.24782608695652172,transition,nominal,-0.03318466093307652,2.946692363103105e-05,0.7213149901180519,0.9990496516650803,0.009456244990430707,0.00011312922718329244,0.6400998383173346,-0.05127641221354766,-4.761614073581518e-07,-0.06028605079153593,2.63873146703415,0.4901041342972999,2.6838602455365486,-0.0036418153028659143,0.00011300759638749994,0.0469496488525577,0.06004770911810224,0.055274101563666994,double,1,1,173.07821155899583,172.77336242058402,345.8515739795798,75.16812786703663,39.70570803985696,0.048766259275734754,0.0,0.0,0.0,240.0,0
58,1.16,horse_stance_hold,0.25217391304347825,transition,nominal,-0.03475288658384703,3.0214730921759016e-05,0.7196307688791805,0.9989386578211186,0.008421894055552338,0.00011302453210985988,0.6388545723421263,-0.05248667674296544,-6.938429987593159e-06,-0.05970369167325494,2.650438788483796,0.49214247275417566,2.6957429374827355,-0.004972268821531281,0.00011125390254952066,0.04570583960153497,0.059100002343283976,0.05553450116699726,double,1,1,172.8713588801244,172.5644742251028,345.43583310522723,76.06187880791889,39.83577436017009,0.04922973074259148,0.0,0.0,0.0,240.0,0
59,1.18,horse_stance_hold,0.2565217391304348,transition,nominal,-0.036330457672843874,3.088396988511055e-05,0.7179626773945934,0.9988191751031666,0.007364210605678428,0.00011279317118849646,0.6376242832805145,-0.05359467840400472,-1.3170663002458084e-05,-0.05897808677284988,2.657020110558388,0.4932589948791176,2.702417492531616,-0.006299529403846714,0.00010943536551864824,0.04446546142440928,0.05812920117509261,0.05579778300671137,double,1,1,172.65649026661555,172.34833595009866,345.00482621671426,76.9049224114529,39.92736259708062,0.049661201378451474,0.0,0.0,0.0,240.0,0
60,1.2,horse_stance_hold,0.2608695652173913,transition,nominal,-0.03791443805945486,3.147987076803126e-05,0.7163147040283376,0.998691095337478,0.006285312659042893,0.00011244328830510067,0.6364118836423499,-0.05459557472944589,-1.901837027371096e-05,-0.05810686819124842,2.6583336574329643,0.49341098266882205,2.703736716483159,-0.007620362463840303,0.0001075992459133226,0.04323161826472412,0.05713729299164222,0.056063567380819725,double,1,1,172.43663983657626,172.12761319825438,344.5642530348307,77.69677874107693,39.98127941281427,0.05006107643528789,0.0,0.0,0.0,240.0,0
61,1.22,horse_stance_hold,0.26521739130434785,transition,nominal,-0.0395018402006789,3.200848977539423e-05,0.7146909084902225,0.9985543774799726,0.005187415822682362,0.00011198500436466468,0.635220319981823,-0.05548487511539044,-2.4729985239819477e-05,-0.05708901270835339,2.6542831335163704,0.49256019653351185,2.6995989517109042,-0.00893153092789159,0.00010569209401716279,0.04200741598616632,0.056126362185496735,0.056331484231340725,double,1,1,172.21246250103917,171.9097492750496,344.12221177608876,78.43694166199076,40.000242212925215,0.050429792008595556,0.0,0.0,0.0,240.0,0
62,1.24,horse_stance_hold,0.26956521739130435,transition,nominal,-0.041089639867083284,3.248840672363514e-05,0.713095392101753,0.9984090527131838,0.004072826028330405,0.00011143208270937972,0.6340525497541153,-0.05625781395946574,-2.8981940669266008e-05,-0.05592507947165074,2.6448073920701822,0.49068485219453795,2.6899401044116678,-0.010229641667455797,0.00010406398144469088,0.040796114726090724,0.05509858172487402,0.056601173118211286,double,1,1,171.99800078404382,171.6934543765583,343.69145516060206,79.12551042969119,39.98589564955599,0.05076781462010458,0.0,0.0,0.0,240.0,0
63,1.26,horse_stance_hold,0.2739130434782609,transition,nominal,-0.042674785231354526,3.28946055817738e-05,0.7115322661566734,0.9982552171770188,0.002943957253173301,0.00011080136286346608,0.6329115325968386,-0.05690587370501199,-3.2600715422158106e-05,-0.05461533008157925,2.6297504887905934,0.4878364176848539,2.674616234848274,-0.01151024397603923,0.00010252071852487186,0.039602049111367645,0.05405624949640348,0.05687226412323294,double,1,1,171.77461963577278,171.46859113019306,343.24321076596584,79.76313719228024,39.940162912591894,0.051075726055452124,0.0,0.0,0.0,240.0,0
64,1.28,horse_stance_hold,0.2782608695652174,transition,nominal,-0.04425411699725426,3.321665087721493e-05,0.7100056119353858,0.9980929986342435,0.0018034075677193216,0.0001101054170749098,0.6318002166927367,-0.057420523535559834,-3.5604776604198857e-05,-0.05316022523079023,2.608958176143469,0.48403219914547013,2.653478836296882,-0.012768705402868084,0.00010106967871826448,0.0384296272645859,0.05300173924562247,0.057144278330499246,double,1,1,171.54282761301914,171.23533609002564,342.7781637030448,80.33904785444365,39.854182901031464,0.051354355501683664,0.0,0.0,0.0,240.0,0
65,1.3,horse_stance_hold,0.28260869565217395,transition,nominal,-0.04582305781307003,3.3692074426166106e-05,0.7085182584925277,0.997922674788509,0.0006539408434788475,0.00010737408767282124,0.6307198464159122,-0.05779110626427777,-1.6817433304556805e-05,-0.05184615941338495,2.5885776858206326,0.4782703690124575,2.6323899751753754,-0.01399967333922508,0.00010310982981173475,0.037286071226314436,0.05193968477523128,0.05741917513480374,double,1,1,169.2846951597363,170.86137945871766,340.14607461845395,80.84009121457242,39.53898598150137,0.05160139726028377,0.0,0.0,0.0,240.0,0
66,1.32,horse_stance_hold,0.28695652173913044,transition,nominal,-0.04737349715899723,3.280125703982493e-05,0.707064839243236,0.9977444759869147,-0.0004989886886807213,0.00010289910058504282,0.6296650047339987,-0.05776387474471151,-0.0001882029307075414,-0.05066459212622843,2.561763244251755,0.47326037339364757,2.6051115716268223,-0.015133444996293322,5.521795768082105e-05,0.03625045014551866,0.0508848994965809,0.05770721066427157,double,1,1,171.04603912118617,170.84805311074473,341.8940922319309,81.330256877057,39.3126056510839,0.05181260156556011,0.0,0.0,0.0,240.0,0
67,1.34,horse_stance_hold,0.291304347826087,transition,nominal,-0.048902285357807815,3.034731762032508e-05,0.7056487533342037,0.9975577375410394,-0.0016496619433272917,9.67072629238187e-05,0.6286392983811346,-0.057567053409957644,-0.00034052391229693756,-0.04915187457644918,2.5238139799156603,0.46720836752613254,2.5666945014754208,-0.016222369854828285,1.050595129082672e-05,0.035262450475589915,0.04983514388412128,0.0579986477086188,double,1,1,171.16603777944155,170.80898341405938,341.97502119350094,81.78183230702474,39.104993246823845,0.052000477790169745,0.0,0.0,0.0,240.0,0
68,1.36,horse_stance_hold,0.29565217391304355,transition,nominal,-0.05040441085304569,2.643094303092412e-05,0.7042786067861114,0.9973632847212943,-0.002795034194350789,8.883934193088874e-05,0.6276489300937681,-0.05718654483135003,-0.00044319083496386936,-0.0472366032290114,2.4730485059581704,0.4603781293847277,2.5155351189831796,-0.017260011290575063,-2.3262994307730655e-05,0.03432594085262139,0.04879089620503923,0.058292494367837976,double,1,1,171.3704994405415,171.00245962815174,342.37295906869326,82.15509633440021,38.79126895743808,0.05216451785908968,0.0,0.0,0.0,240.0,0
69,1.3800000000000001,horse_stance_hold,0.3,transition,nominal,-0.05187581461696428,2.134789586189055e-05,0.7029617047419586,0.9971619144829641,-0.003932246739686968,7.925805441271001e-05,0.6266990044346841,-0.056727924438368035,-0.0006986560633308193,-0.04525993168597644,2.419704973076432,0.4503296156352794,2.4612535260409554,-0.018270356233883137,-9.732882469485786e-05,0.033415058879551054,0.047753129705652556,0.0585890897852335,double,1,1,171.28366144318204,169.67169338592328,340.9553548291054,82.47478998394064,38.435670851262174,0.05230226609727488,0.0,0.0,0.0,240.0,0
70,1.4000000000000001,horse_stance_hold,0.30434782608695654,transition,nominal,-0.05331476627507251,1.3679263048858248e-05,0.7017073389516877,0.9969546906900343,-0.005058294940197841,6.956978268026824e-05,0.6257976694203542,-0.0561411791324867,-0.00045690748829049636,-0.04286745489774198,2.3551356373545596,0.4388224838267849,2.3956688090488165,-0.019237895499362254,-4.5831528381638575e-05,0.032542615999845814,0.0467221882058592,0.058884867793784004,double,1,1,170.09481704006708,169.7680767575842,339.8628937976513,82.74690680771444,38.176966333127666,0.05241610451040449,0.0,0.0,0.0,240.0,0
71,1.42,horse_stance_hold,0.30869565217391304,transition,nominal,-0.05471843926876398,6.033755394672873e-06,0.7005227310887753,0.9967431342184645,-0.00617053535460211,6.077526256656289e-05,0.6249506321029651,-0.055397412846538624,-0.00042780316185432783,-0.040041287952594935,2.279022807935258,0.4267734936229372,2.3186376547335366,-0.020152810212146047,-4.720200724825514e-05,0.03171790768092142,0.04570015409373339,0.059180277532536324,double,1,1,170.06292367881062,169.7418369387784,339.80476061758895,82.95345264864571,37.93511521714614,0.052503997332728404,0.0,0.0,0.0,240.0,0
72,1.44,horse_stance_hold,0.3130434782608696,transition,nominal,-0.05608592226132483,-1.0015221573613244e-06,0.6994180711172935,0.996528471036578,-0.007267554095955097,5.242118189843867e-05,0.6241655622045092,-0.05459529033568784,-0.00040920208458319245,-0.03693525478196049,2.1977418194180443,0.4126684090944573,2.2361494405972704,-0.021038715796387032,-5.0796294193365544e-05,0.03091336645750074,0.04468449927963155,0.05946850956999383,double,1,1,169.81628228729713,169.51970403373136,339.3359863210285,83.09379505922016,37.678930399133115,0.0525666845918852,0.0,0.0,0.0,240.0,0
73,1.46,horse_stance_hold,0.3173913043478261,transition,nominal,-0.057414701634825815,-7.5265688469262084e-06,0.6983984137130957,0.9963126316804803,-0.008347636883413492,4.4408056040422356e-05,0.6234458147719637,-0.0536828708371529,-0.0003930665475390766,-0.03374168253921378,2.11407720248571,0.3969653528205917,2.151023921161683,-0.02188083956374185,-5.468219699093667e-05,0.03014548372470709,0.04367865713093369,0.05975144399159623,double,1,1,169.43636565290632,169.1680699434504,338.60443559635667,83.17300943411117,37.4041936562361,0.05260094697666232,0.0,0.0,0.0,240.0,0
74,1.48,horse_stance_hold,0.32173913043478264,transition,nominal,-0.058702402158974105,-1.3691374976276771e-05,0.697464826632743,0.9960970356804514,-0.00940807468658298,3.671076432453191e-05,0.6227918481622985,-0.05261677973481502,-0.00037749840087112485,-0.030567324787036276,2.028892557889892,0.3802112008733912,2.0642106405913556,-0.0226655620171741,-5.8404905849328834e-05,0.02942957821317156,0.042687036014053756,0.0600310121400157,double,1,1,168.99294591133753,168.75231122294005,337.7452571342776,83.19591994878218,37.11159113506698,0.05260608254697404,0.0,0.0,0.0,240.0,0
75,1.5,horse_stance_hold,0.32608695652173914,transition,nominal,-0.0599462758306555,-1.9588492316271445e-05,0.6966166444816079,0.9958825733251015,-0.010445496972466247,2.9328150234797538e-05,0.6222027580841325,-0.051372542154994254,-0.00036164338164120695,-0.027450992757928637,1.94205380227588,0.36277006191577554,1.9756454866085107,-0.02338335912047669,-6.174953488924693e-05,0.028776088958088572,0.04171392151517486,0.06030815228317071,double,1,1,168.53680714310778,168.32344809103046,336.8602552341382,83.16604389302877,36.80322964195959,0.05258327012870755,0.0,0.0,0.0,240.0,0
76,1.52,horse_stance_hold,0.3304347826086957,transition,nominal,-0.06114299163667325,-2.5278317202218025e-05,0.6958529980449257,0.9956698404928912,-0.01145623968166159,2.227140209349386e-05,0.6216774220936827,-0.04994308061156404,-0.0003450489849196507,-0.024383658230486566,1.8530577063542317,0.3448192668464351,1.8848668891641445,-0.024028789669615802,-6.459039253498352e-05,0.028190789161804893,0.04076330972902076,0.06058306534302675,double,1,1,168.10032843427177,167.91421399821422,336.014542432486,83.08535675696668,36.481551452605935,0.0525344730978419,0.0,0.0,0.0,240.0,0
77,1.54,horse_stance_hold,0.3347826086956522,transition,nominal,-0.06228880672216132,-3.0803059779514065e-05,0.6951736820226687,0.995459384183299,-0.0124366505013052,1.5557908807611577e-05,0.6212152127745102,-0.04833451006479603,-0.0003275008178855064,-0.021330778084809945,1.7615151830585802,0.3263918583696022,1.7914986422980805,-0.024599738766847852,-6.685569897777304e-05,0.027675778143268402,0.03983883741329906,0.060855519798594666,double,1,1,167.6972903865504,167.53839377799142,335.2356841645418,82.95448407361738,36.1487454175542,0.05246166694295844,0.0,0.0,0.0,240.0,0
78,1.56,horse_stance_hold,0.33913043478260874,transition,nominal,-0.06337986902717963,-3.6189048778560084e-05,0.6945794593980409,0.9952518775089183,-0.01338329471094668,9.207860805536952e-06,0.6208162814379111,-0.04656080704122658,-0.00030890393200596103,-0.018252228394608203,1.6674398184929038,0.3074315066823865,1.695544065955424,-0.025096278568092538,-6.850098916759672e-05,0.027230796880640805,0.038943752436220835,0.061125078089886944,double,1,1,167.32676447821663,167.19491096214225,334.5216754403589,82.77311884105754,35.80650424654734,0.05236640886020191,0.0,0.0,0.0,240.0,0
79,1.58,horse_stance_hold,0.34347826086956523,transition,nominal,-0.06441249453800965,-4.14463170435429e-05,0.6940719581921928,0.9950482031124579,-0.014293056764121227,3.242726888506704e-06,0.620481508430141,-0.04463889816400659,-0.00028921083483494,-0.01511592443313258,1.571357109029626,0.2878451816675223,1.5975036815942407,-0.02551953100329838,-6.94924462565903e-05,0.026854482369750115,0.038080929276792984,0.061391243421515584,double,1,1,166.97910733149558,166.8739326031562,333.8530399346518,82.54048171623826,35.456009237652914,0.05224968784723048,0.0,0.0,0.0,240.0,0
80,1.6,horse_stance_hold,0.3478260869565218,hold,nominal,-0.06538335152957651,-4.656871881175795e-05,0.6936533446603852,0.9948494563082246,-0.01516315737388422,-2.3152758408240865e-06,0.620212260037783,-0.04258508569206899,-0.0002683883133372657,-0.011904312299277615,1.4742947096175694,0.2675439446774394,1.4983740030913235,-0.02587078341515419,-6.979903562101974e-05,0.026545318822479715,0.037252918778439364,0.06165354066160122,double,1,1,166.64166084425082,166.5626000822946,333.2042609265454,82.25570322851623,35.09802520196482,0.05211196784115978,0.0,0.0,0.0,240.0,0
81,1.62,horse_stance_hold,0.35217391304347834,hold,nominal,-0.06628953907874069,-5.1535170534036674e-05,0.69332593487942,0.9946568943754556,-0.015991116469713046,-7.443339800724083e-06,0.6200100825789899,-0.04041304862988683,-0.00024640889714477735,-0.0086150469830805,1.3777172514249252,0.2464679668300984,1.3995896839957105,-0.026150947513794452,-6.93904793416388e-05,0.02630220773645979,0.03646201421751318,0.06191154956289576,double,1,1,166.30286869824877,166.24914939294067,332.55201809118944,81.91873049026651,34.74919714091187,0.05194922582321737,0.0,0.0,0.0,240.0,0
82,1.6400000000000001,horse_stance_hold,0.3565217391304348,hold,nominal,-0.067128635123415,-5.6307020930787744e-05,0.6930850029898077,0.99447460089414,-0.016774042006458805,-1.2118670278449848e-05,0.6198715939482276,-0.038080471450778676,-0.00022324152888039643,-0.005641351561374442,1.2835244093554348,0.22489689837832164,1.3030784797207753,-0.02634639444521043,-6.823527051988954e-05,0.026139429419713235,0.03571175909053745,0.06216565891429463,double,1,1,165.75738909142243,165.72853225433607,331.48592134575847,81.54293299950034,34.41932693505273,0.05175617619889081,0.0,0.0,0.0,240.0,0
83,1.6600000000000001,horse_stance_hold,0.36086956521739133,hold,nominal,-0.06790074854563191,-6.0832166083996385e-05,0.6929130960985695,0.9943075531346068,-0.01750786372782916,-1.631613999991923e-05,0.6197839040105966,-0.03551852164003723,-0.00019871639809211744,-0.003494689662119165,1.189964800622366,0.20351087563455852,1.2072418577989135,-0.026435582969210634,-6.626428336029019e-05,0.026080198918115232,0.0350078974710801,0.06241740781394921,double,1,1,164.9803182524047,164.97595727582876,329.95627552823345,81.15103335963826,34.10001234904515,0.051536976599255324,0.0,0.0,0.0,240.0,0
84,1.68,horse_stance_hold,0.3652173913043478,hold,nominal,-0.06860797444756421,-6.505680196519443e-05,0.6927868234198842,0.9941571182352154,-0.01818771101891595,-2.0006408557788185e-05,0.6197290522544553,-0.032707932302302616,-0.00017266655018510088,-0.0022551855496191803,1.0931240627996033,0.1829498638921243,1.108327961106124,-0.026408613839892334,-6.340490028711789e-05,0.026135892531696667,0.03435677703877276,0.06266837199580207,double,1,1,164.25068036302585,164.2697533596686,328.5204337226945,80.75769082253599,33.78936424858156,0.051300410028248346,0.0,0.0,0.0,240.0,0
85,1.7,horse_stance_hold,0.3695652173913044,hold,nominal,-0.06925110962535572,-6.892906829540811e-05,0.6926851861282658,0.9940222263530116,-0.018808777607803192,-2.315945830077947e-05,0.6196904316053458,-0.02966939598576714,-0.00014517202873225854,-0.001757876655405526,0.9909581200632402,0.16352791686308207,1.0043601820626156,-0.026265733881968276,-5.9646263458781366e-05,0.02630695581846072,0.03376389643056813,0.06291939221192039,double,1,1,163.71544128270276,163.75607446452568,327.4715157472284,80.3696669336538,33.487770269772405,0.05105550139884119,0.0,0.0,0.0,240.0,0
86,1.72,horse_stance_hold,0.3739130434782609,hold,nominal,-0.06982913034927608,-7.236972370974247e-05,0.6925934370794365,0.9939010033246766,-0.01936703482941156,-2.5758799069288175e-05,0.6196560822146349,-0.026456525884619497,-0.00011855012437501458,-0.0017321270085748196,0.88398810399475,0.14514780145812758,0.8958252353402203,-0.02601630025283368,-5.555376332071463e-05,0.02658413957429547,0.03323339199975717,0.06317065994842992,double,1,1,163.41477380983417,163.49717537241546,326.91194918224966,79.98629386236004,33.191040627552454,0.05080915651401773,0.0,0.0,0.0,240.0,0
87,1.74,horse_stance_hold,0.37826086956521743,hold,nominal,-0.07034007236876398,-7.502245049950528e-05,0.6925042014996837,0.993791996971617,-0.0198599702289201,-2.7853286493005164e-05,0.6196198813732534,-0.023161243553858093,-9.208170303514775e-05,-0.0018794824215622973,0.7747667461334948,0.127272088047213,0.7851507468697848,-0.025680868935434854,-5.0995319641811767e-05,0.026947483693402625,0.0327683720492175,0.06342223881559314,double,1,1,163.3494794251467,163.46939809589207,326.81887752103876,79.6025062282007,32.902135542175685,0.05056503805896852,0.0,0.0,0.0,240.0,0
88,1.76,horse_stance_hold,0.3826086956521739,hold,nominal,-0.07078239021972332,-7.699738833027325e-05,0.692416518709433,0.9936948096118837,-0.02028675175154021,-2.9352058546285265e-05,0.6195808581141637,-0.019848743648463528,-6.0469762171914015e-05,-0.0019965128050363446,0.6651222277227384,0.10960278795055321,0.6740922406743697,-0.0252749937543511,-4.4548879710796404e-05,0.02738195581027141,0.03237019076577706,0.0636741323621625,double,1,1,163.41013026709751,163.54285390056876,326.9529841676663,79.21372881316451,32.6226123542598,0.050323481653812806,0.0,0.0,0.0,240.0,0
89,1.78,horse_stance_hold,0.3869565217391305,hold,nominal,-0.0711550379630069,-7.837383745401545e-05,0.6923326395576043,0.9936097509700909,-0.02064737372972744,-3.019298202146763e-05,0.6195406603984609,-0.01654793530132389,-2.6782974311680172e-05,-0.0020003837429619195,0.5557443483807012,0.09196709843101768,0.563302519034764,-0.024805945659068115,-3.692366612970771e-05,0.02787977916460378,0.032038347722466456,0.0639261186851072,double,1,1,163.51526287803847,163.6564644304903,327.1717273085288,78.82963620204511,32.26398900723541,0.05008296774843222,0.0,0.0,0.0,240.0,0
90,1.8,horse_stance_hold,0.391304347826087,hold,nominal,-0.07144326026134983,-7.264913892241731e-05,0.6922392881638851,0.9935365956219526,-0.02093509053383782,-3.835577503119864e-05,0.6194842624500677,-0.01264649571031664,5.593005376655733e-05,-0.003294450482571862,0.43572470181332706,0.07473605855170062,0.44208765445119136,-0.024113068167192244,-2.4300936127688728e-05,0.02861088811650611,0.031788872495633995,0.06419270962580353,double,1,1,163.31227207693985,163.94687313878285,327.25914521572275,78.45328148239288,31.994414647484028,0.04984176703769819,0.0,0.0,0.0,240.0,0
91,1.82,horse_stance_hold,0.3956521739130435,hold,nominal,-0.07165528694046006,-7.932304129671561e-05,0.6921439023138101,0.9934748674755869,-0.02114920173983584,-3.587927216868174e-05,0.6194255110067648,-0.009221650465815886,0.00011227812001668208,-0.002556537730324061,0.3190789600777004,0.058855540782537394,0.32446164248655285,-0.02346642936334828,-7.665888655269487e-06,0.029294361052444224,0.03161160183984494,0.06445719111814047,double,1,1,164.23816266479665,164.3636055915281,328.60176825632476,78.05084072746965,31.747220629901868,0.04960804892064182,0.0,0.0,0.0,240.0,0
92,1.84,horse_stance_hold,0.4,hold,nominal,-0.07179076559806626,-7.45956948960488e-05,0.6920618799572743,0.9934262011891192,-0.021293507236894237,-4.209500161524582e-05,0.6193712545838451,-0.005710596989583013,-0.00032577228288213026,-0.0022931295754853513,0.2054623058516822,0.04108896414269666,0.20953057557361413,-0.02272841019584724,-0.00012395187463660334,0.030062227827902837,0.031497086878227484,0.06471717672909913,double,1,1,164.47787354584227,164.62676708171207,329.10464062755426,77.61524658373838,31.52896287026061,0.04936959896220148,0.0,0.0,0.0,240.0,0
93,1.86,horse_stance_hold,0.4043478260869566,hold,nominal,-0.07186046049607805,-7.311800381545354e-05,0.6920088340777906,0.9933932687550391,-0.021374193821604597,-4.729912822603305e-05,0.6193386864621123,-0.0026864486347852406,-0.00021756971078954992,-0.001099365638970571,0.09705049015345349,0.021497184872813567,0.09940285004204606,-0.02204920061220757,-0.00010196647987789592,0.030759702461636042,0.03143467745991487,0.06496507956879063,double,1,1,164.41200726937439,164.56206076579448,328.9740680351689,77.14266372661012,31.406607896675386,0.04912269800580042,0.0,0.0,0.0,240.0,0
94,1.8800000000000001,horse_stance_hold,0.40869565217391307,hold,nominal,-0.07186073571252292,-7.27060863013606e-05,0.6919851396634136,0.9933787731208122,-0.021394400498111116,-5.356349890488821e-05,0.6193238825422076,0.0005168002795868161,-0.0006786155710911504,-0.0008432527990819848,0.039990985582168626,0.011480196184198781,0.0416061754101589,-0.021264548944503612,-0.00022407286139765095,0.0315620746367157,0.031432116364850396,0.06521454621268633,double,1,1,164.17494640079838,164.1718007259088,328.34674712670716,76.68385444657683,31.21190484052198,0.04885878339312312,0.0,0.0,0.0,240.0,0
95,1.9000000000000001,horse_stance_hold,0.41304347826086957,hold,nominal,-0.0717900094801877,-6.847871333347592e-05,0.691974726102049,0.993382275483363,-0.021350132505484336,-6.526905143471139e-05,0.6193184985687404,0.0035459284803694814,-0.0004986429456358746,0.00019605287129744955,0.11956735208099688,0.02100103901945005,0.12139767429221011,-0.020459184224402488,-0.00019055783764327608,0.032393177076004094,0.031502138397489395,0.06547269078117485,double,1,1,164.27308871701865,164.41108256654937,328.684171283568,76.19032964324217,31.08797731516975,0.04858627665885272,0.0,0.0,0.0,240.0,0
96,1.92,horse_stance_hold,0.4173913043478261,hold,nominal,-0.07165977656176471,-7.059378050594809e-05,0.691989180203892,0.9934024040953612,-0.021246599941006028,-7.5573085709163e-05,0.6193287047653997,0.006659828780508148,-0.0008779337845370939,0.00022576034601822021,0.22409378691267412,0.04158416123097528,0.22791943269091106,-0.019573240783122583,-0.00029616412292473606,0.03329579599118723,0.031622263922226015,0.06572306176781012,double,1,1,163.91463449591558,163.46400160163608,327.3786360975517,75.70982562732941,31.062631366470907,0.04830137308487576,0.0,0.0,0.0,240.0,0
97,1.94,horse_stance_hold,0.4217391304347826,hold,nominal,-0.07145855633143197,-6.916711634732531e-05,0.6920086651827454,0.9934383695219989,-0.021078612756878494,-9.206325631812398e-05,0.6193409434633982,0.009735330621605913,-0.000719934231427071,0.0009673703138133228,0.32706755056914893,0.05757748711287453,0.33209689799444986,-0.018632473952264465,-0.0002729568621660203,0.034263216736006394,0.03181691394406214,0.06598404452950488,double,1,1,164.13252074744864,164.2092089780549,328.3417297255035,75.20601100123815,30.94761446142425,0.0480114868063881,0.0,0.0,0.0,240.0,0
98,1.96,horse_stance_hold,0.42608695652173917,hold,nominal,-0.07120167097513493,-7.686470711039236e-05,0.6920489061582912,0.993488526608934,-0.020852201311893553,-0.00010478772652729991,0.6193675469905564,0.012612384299327884,-0.0005783649139410261,0.001590828310741656,0.4242815606415459,0.07461971002969557,0.43079338879019674,-0.01768309422606878,-0.00025011317042933953,0.035226741184040594,0.03205749334384713,0.06623313352546437,double,1,1,163.9431757191447,163.99283405187475,327.9360097710195,74.70547163799148,30.864446085448005,0.047714571129213776,0.0,0.0,0.0,240.0,0
99,1.98,horse_stance_hold,0.43043478260869567,hold,nominal,-0.07087413794588664,-8.096507015863007e-05,0.692094737303622,0.9935525693572166,-0.020564327889994613,-0.0001225078851258747,0.6193926230098259,0.01586819071753533,-0.0009974539201926703,0.0011910493405243483,0.5315931063303448,0.0925606837744985,0.5395912442569357,-0.016577055346546625,-0.00037314267393918465,0.03635609764306213,0.03236855294324744,0.06649224078076187,double,1,1,164.0359042297969,163.9759976389867,328.01190186878364,74.20387272392817,30.775428487728362,0.04741058628314931,0.0,0.0,0.0,240.0,0
100,2.0,horse_stance_hold,0.4347826086956522,hold,nominal,-0.07048640523298644,-8.967435618814824e-05,0.6921479627580167,0.9936284658066378,-0.020215107557240063,-0.00014010632031945356,0.6194232322638916,0.018737490256658912,-0.0008058425245691009,0.0017948541506300423,0.628163772481878,0.1071602210139803,0.6372386036850167,-0.015506736716908522,-0.00034259904440409587,0.03744315082273783,0.032734543151438526,0.06674473255026872,double,1,1,164.0257935516185,163.95714997376626,327.98294352538477,73.68513818050181,30.642767727947593,0.04710749668533995,0.0,0.0,0.0,240.0,0
101,2.02,horse_stance_hold,0.4391304347826087,hold,nominal,-0.07004041445955186,-0.00010471288933643908,0.6922184866116071,0.993716442019782,-0.019809794731614955,-0.0001550087524736299,0.6194644239032485,0.021505476381500063,-0.0007033855127653777,0.002256528152029733,0.7213348061478738,0.12294587470494849,0.7317373782084359,-0.014405702549972262,-0.0003317618772491422,0.0385526298616636,0.03314832369802065,0.06699103824581742,double,1,1,163.91183557150075,163.83713124166826,327.748966813169,73.15973105539014,30.504508034423594,0.04679820668447082,0.0,0.0,0.0,240.0,0
102,2.04,horse_stance_hold,0.44347826086956527,hold,nominal,-0.06953480290064958,-0.0001205791498064214,0.6923027516054449,0.9938165548885999,-0.019349794362075474,-0.0001683141545836915,0.6195134683761713,0.0242146022317791,-0.0006380130582725528,0.0025958554211703583,0.8122469408686647,0.13847176976792225,0.8239657298535932,-0.01326468746438372,-0.0003286462395194709,0.03970147758315924,0.03361617215138792,0.06723696770755719,double,1,1,163.80170904397968,163.7566649367652,327.55837398074493,72.6312088738847,30.363003723770852,0.046483081481824014,0.0,0.0,0.0,240.0,0
103,2.06,horse_stance_hold,0.44782608695652176,hold,nominal,-0.06897117696782297,-0.00013560999026027905,0.6923976870389286,0.9939280408860928,-0.01883619392987661,-0.0001805550655149097,0.6195681202651959,0.02687033238591535,-0.0005932371027310286,0.0028318682507755045,0.9010662893771005,0.15331676862680893,0.9140166789473719,-0.012083406690754004,-0.00032964157027269927,0.04089087878176097,0.034137903729249575,0.06748299733533719,double,1,1,163.71982652145329,163.69293703173966,327.4127635531929,72.10286176167862,30.227121838594485,0.046163615931130685,0.0,0.0,0.0,240.0,0
104,2.08,horse_stance_hold,0.4521739130434783,hold,nominal,-0.06835124733778954,-0.00014974442219975914,0.6925012167080244,0.9940497396285468,-0.018270082535205217,-0.00019216093425952605,0.6196269885024633,0.029471667809714597,-0.0005755122568835448,0.0030366314703927154,0.9880075460620366,0.16735616327504824,1.00208133225885,-0.010863201445621721,-0.00033679987630572876,0.04211993160654992,0.03471286562707397,0.06772867399196862,double,1,1,163.73612366120796,163.68452410664767,327.42064776785566,71.56366548565575,30.05882093426025,0.04584155520240403,0.0,0.0,0.0,240.0,0
105,2.1,horse_stance_hold,0.4565217391304348,hold,nominal,-0.06767583065547451,-0.00016237736624386657,0.6926126793512358,0.9941804119803253,-0.0176529095778701,-0.00020317018407989515,0.6196890161732462,0.0319237619351061,-0.00041311770725155887,0.0029762173461060464,1.0690789810292223,0.18237475958658517,1.0845231305107075,-0.009629361504904808,-0.0003070009854329459,0.04336309568823193,0.035339414166278615,0.06797388635257892,double,1,1,163.2176629445005,163.77275388399258,326.990416828493,70.89354133679701,29.799349582557987,0.04551635457392587,0.0,0.0,0.0,240.0,0
106,2.12,horse_stance_hold,0.46086956521739136,hold,nominal,-0.06694859561589943,-0.0001624425186674714,0.6927252709477373,0.9943233815237204,-0.016989842972647072,-0.00020811196930145922,0.6197443896968552,0.03409803827664789,-0.00024680967312539436,0.002514310136254725,1.1399837610047039,0.19760025599269326,1.156982643138093,-0.008419440992724077,-0.0002701465677160743,0.04457161513160235,0.03600113344591157,0.06822908046174196,double,1,1,163.35074973786362,163.2760383004196,326.6267880382832,70.28042852090603,29.647602078032453,0.04515986563688576,0.0,0.0,0.0,240.0,0
107,2.14,horse_stance_hold,0.4652173913043479,hold,nominal,-0.06618289212147765,-0.00016442389253430785,0.6928354862503666,0.9944754105674777,-0.0162840087326365,-0.00021271477042822864,0.6197962081803757,0.03624390512039999,-0.0002591131479718702,0.002681296975076091,1.2117462527295768,0.20796210257104192,1.229462165790367,-0.007173871090748279,-0.00027784451941650863,0.04580990354881882,0.03669968032582287,0.06849639855752546,double,1,1,163.79486486644902,163.88844881686865,327.68331368331764,69.69852298431341,29.51491836926109,0.044784071769288634,0.0,0.0,0.0,240.0,0
108,2.16,horse_stance_hold,0.4695652173913044,hold,nominal,-0.06537851234002212,-0.0001698848008626143,0.69295239344967,0.9946303353010075,-0.015536209404722631,-0.00021846235860752575,0.6198551554467384,0.03831370980366255,-0.000310548716686959,0.0031973959733167063,1.2819051870702265,0.21706884461939324,1.3001537570387398,-0.005905355151028071,-0.00029652447904458346,0.047074022021887776,0.03744306203089464,0.06876610699913402,double,1,1,163.98517428990806,164.08230473487438,328.0674790247824,69.1152979760535,29.35984612365752,0.044414804681614496,0.0,0.0,0.0,240.0,0
109,2.18,horse_stance_hold,0.47391304347826096,hold,nominal,-0.06453044778649217,-0.00017738484756365096,0.6930833794322663,0.9947876319917077,-0.0147480616154476,-0.0002252501982767498,0.619925803034857,0.0402871805026506,-0.0003630966041498231,0.0038056481690139153,1.349254561176643,0.2261859607390598,1.3680818541634954,-0.004620562187867584,-0.0003165263959357457,0.04835688434076053,0.038229258174656215,0.06903436699550675,double,1,1,163.99457639325607,164.07396035959604,328.0685367528521,68.52667455430311,29.18501643057448,0.04405150469144864,0.0,0.0,0.0,240.0,0
110,2.2,horse_stance_hold,0.47826086956521746,hold,nominal,-0.06363722530270674,-0.00018664736565709677,0.6932301486606386,0.9949484967366194,-0.013921471929219317,-0.0002330890611311448,0.6200080248315271,0.042168708152996254,-0.0004153553470773263,0.0043438209426139044,1.4134604471114094,0.23541765846520726,1.4329312298451822,-0.0033202860807338853,-0.00033750912568595703,0.04965603441974373,0.039054700611510715,0.06929966357915587,double,1,1,163.9011954761862,163.97735823820977,327.87855371439593,67.93652023887677,28.99732885434213,0.04368969433312914,0.0,0.0,0.0,240.0,0
111,2.22,horse_stance_hold,0.482608695652174,hold,nominal,-0.06270043081024772,-0.00019757465042669796,0.6933907208120093,0.9951136470398918,-0.01305818341986215,-0.00024195368468100942,0.6200995347408805,0.043966082920473014,-0.00046563171022502033,0.0047431762099886515,1.4744669053861656,0.24456715010358226,1.4946122393413097,-0.0020043230665025627,-0.0003590218326493751,0.05097061020483444,0.0399165812120828,0.06956106294504806,double,1,1,163.77058808195014,163.85897843447987,327.62956651643003,67.34903888407568,28.802549330532152,0.04332769894082409,0.0,0.0,0.0,240.0,0
112,2.24,horse_stance_hold,0.4869565217391305,hold,nominal,-0.06172302626991328,-0.00021005256482026322,0.6935617546102705,0.995283031467282,-0.012159872787359916,-0.0002517892401738624,0.6201974205933981,0.045678441867489095,-0.0005125728273378334,0.004998868209283264,1.5321593300197052,0.2534564306086392,1.5529817689796954,-0.0006745883411902708,-0.000380669396340976,0.05229802272826118,0.040812550138794056,0.06981792143072321,double,1,1,163.64719795325533,163.76022605628685,327.4074240095422,66.76709521294167,28.60401251169606,0.042965904779821734,0.0,0.0,0.0,240.0,0
113,2.2600000000000002,horse_stance_hold,0.49130434782608695,hold,nominal,-0.06070837472924498,-0.00022393182624936775,0.6937400944398797,0.9954560891179894,-0.01122833223476551,-0.0002625153140586659,0.620299123527889,0.04729639514224798,-0.0005549444421597053,0.005143123471569564,1.5863197784538459,0.26198465998927195,1.607807949222653,0.0006647417569295069,-0.0004020607337896038,0.05363363238774913,0.04174035251298258,0.07006977166754738,double,1,1,163.55359027844727,163.70142739155534,327.25501767000264,66.19203919428172,28.41022133227496,0.042605503732849985,0.0,0.0,0.0,240.0,0
114,2.2800000000000002,horse_stance_hold,0.49565217391304345,hold,nominal,-0.059659868299185445,-0.00023903260647092426,0.6939235100294486,0.9956320508851263,-0.010265602960703718,-0.0002740277103986418,0.6204029137443583,0.048805601069032395,-0.000591595280501286,0.005221828006549621,1.6366406146216679,0.27011222869576074,1.6587806116301764,0.0020080001776500538,-0.0004228017349440139,0.054971446465831325,0.0426976220212785,0.07031626661967669,double,1,1,163.49431273696393,163.68583536311496,327.18014810007884,65.62405827064576,28.213987287358428,0.04224767433307447,0.0,0.0,0.0,240.0,0
115,2.3000000000000003,horse_stance_hold,0.5,hold,nominal,-0.05858085984485028,-0.00025514975276588097,0.6941108357950169,0.9958101331022501,-0.009274029551658099,-0.0002862002770908007,0.6205079606267655,0.05019077639427118,-0.0006214753202514447,0.005277102838993791,1.6827694459431717,0.27782665856616473,1.7055499583447942,0.0033489851739376443,-0.0004425017468569416,0.05630505737760707,0.04368180874288621,0.07055715916156574,double,1,1,163.46180298516433,163.70504862759526,327.1668516127596,65.06270961372984,28.013610510766593,0.04189321132944371,0.0,0.0,0.0,240.0,0
116,2.32,horse_stance_hold,0.5043478260869565,hold,nominal,-0.05747469241689958,-0.00027205763550603915,0.6943017411256542,0.9959896139642589,-0.008256241097734514,-0.00029888725194452466,0.6206141330042095,0.05143896019460229,-0.0006436660414276521,0.0053370922202754575,1.724373916405224,0.28511062649301194,1.7477853051556214,0.004681799454155146,-0.00046078355222664276,0.05762848140269665,0.04469019759545928,0.07079229938978322,double,1,1,163.4426959622067,163.74491655718128,327.187612519388,64.5074154210635,27.807712686376558,0.04154247292407519,0.0,0.0,0.0,240.0,0
117,2.34,horse_stance_hold,0.5086956521739131,hold,nominal,-0.056344723148473365,-0.0002895170035173277,0.694496337083541,0.9961698296925139,-0.007215080556586231,-0.00031192496230462844,0.620721672139553,0.052541537047359886,-0.0006571469693760506,0.0054124294289675965,1.761201242848783,0.2919216312472417,1.7852305331811207,0.006001427473585874,-0.00047722633500587203,0.058936731820478774,0.04571997490541067,0.07102163574057213,double,1,1,163.42152354149712,163.7905655334201,327.21208907491723,63.957591999765334,27.59533519816297,0.041195506438295684,0.0,0.0,0.0,240.0,0
118,2.36,horse_stance_hold,0.5130434782608696,hold,nominal,-0.05519426688148427,-0.00030728890246643504,0.6946947314044145,0.9963501332986053,-0.0061534942075511904,-0.00032512160121789686,0.6208308098833384,0.0534967397620928,-0.0006605589205680621,0.005492874444673884,1.793155051091507,0.2981860674744918,1.8177788556617351,0.007304472288165923,-0.0004912958365261809,0.06022658618991318,0.04676836948781747,0.0712452714679748,double,1,1,163.3804092473713,163.82296438341936,327.2033736307906,64.68336720200284,31.272179976224123,0.04085218669952588,0.0,0.0,240.0,240.0,0
119,2.38,horse_stance_hold,0.5173913043478261,hold,nominal,-0.054027780393816366,0.0027167372163072515,0.6949069586307024,0.9965292268590763,-0.005087254912597558,0.0012976648063662648,0.6209545465951304,0.05309191255645604,0.14635243935769063,0.006603366017067124,5.195379336711558,0.33197578292493385,5.205974872468945,0.008270201706278632,0.03811864686664322,0.06112563679018703,0.04785650357130083,0.07149160472551544,double,1,1,158.11518630882335,170.11392012325305,328.22910643207643,66.1987749898547,34.84492745908749,0.04063491237483758,0.0,0.0,240.0,240.0,0
120,2.4,horse_stance_hold,0.5217391304347826,hold,nominal,-0.052846507084090284,0.01001273829229187,0.6951430185135444,0.9967131255906018,-0.004026953067353952,0.005729482558276342,0.6210848905179942,0.05280399737541884,0.28139036997197586,0.006009276727076748,9.547736171440283,0.4135148796959665,9.556686693366018,0.009259460882234038,0.07653224603647846,0.061991259571600406,0.04898130799849826,0.07176551790853747,double,1,1,166.0074224674598,158.07609147662816,324.08351394408794,68.45928728120097,38.11775752925709,0.041102106131121474,0.0,0.0,240.0,240.0,0
121,2.42,horse_stance_hold,0.5260869565217392,hold,nominal,-0.05161512609916943,0.020561914105054174,0.6953345119349652,0.9969123688591434,-0.0029680436911787636,0.01271700242158644,0.6211500670668694,0.05306351394731635,0.4028846628482158,0.0007160338167973665,13.548664461489983,0.7333379289956881,13.568496350301508,0.010384369734712158,0.11409518454953647,0.06290203473815356,0.05015539791361758,0.07208351291870757,double,1,1,189.18843924619802,136.08574830361044,325.27418754980846,71.45296544380331,40.05791724408416,0.04246142312665502,0.0,0.0,240.0,240.0,0
122,2.44,horse_stance_hold,0.5304347826086957,hold,fall,-0.05036405453044335,0.03373332092984089,0.6954209299363161,0.997102994174338,-0.001906114829743711,0.022014629078892844,0.6211515664257776,0.05244388858569352,0.5142855196652374,5.125861948108195e-05,17.235789059945414,1.1837836564845636,17.276393381267226,0.01129039770996752,0.15142485193383226,0.047863638593973225,0.051381536917724895,0.07240938946047748,double,1,1,212.31526520282705,117.6132153987678,329.92848060159486,78.70057782471098,50.0,0.6041229479902858,0.0,0.0,240.0,240.0,0
123,2.46,horse_stance_hold,0.5347826086956522,hold,fall,-0.05302549716475412,0.047895815583747364,0.678547008657406,0.9982540811283028,-0.0009119128172113912,0.03389499582678815,0.6192432661134115,0.04417790783035775,0.6575595618638879,-0.1697157784268423,22.69010373060362,1.2677033167367162,22.7254896317949,nan,nan,-999.0,-999.0,0.0,no_contact,0,0,0.0,0.0,0.0,69.168514426877,47.04647051057371,0.5098644935134347,0.0,0.0,0.0,240.0,0
124,2.48,horse_stance_hold,0.5391304347826087,hold,fall,-0.07240425743602193,0.06207453626378182,0.6545171920402646,0.9954216359563558,3.7171115620047e-05,0.047014456181566765,0.613298629878766,0.04087062475771994,0.6541509441196074,-0.38987399156218855,25.426541514602345,1.295627583906573,25.459529929477803,nan,nan,-999.0,-999.0,0.0,no_contact,0,0,0.0,0.0,0.0,48.242477811308746,23.807899982574504,0.41750126364413453,0.0,0.0,0.0,240.0,0
125,2.5,horse_stance_hold,0.5434782608695653,hold,fall,-0.09355352686430977,0.07574959872014177,0.633854402516792,0.9952928723028616,0.001007946183859716,0.06012309428060437,0.6033268613667885,0.04494016091626604,0.654029754300123,-0.5900968808795992,29.408113267688137,1.2864805271417714,29.436238858113143,nan,nan,-999.0,-999.0,0.0,no_contact,0,0,0.0,0.0,0.0,53.28086053084173,35.57954365994402,0.3490454901037406,0.0,0.0,0.0,240.0,0
126,2.52,horse_stance_hold,0.5478260869565218,hold,fall,-0.11064780987397539,0.08977632700406504,0.6153291948398194,0.9963550745607592,0.0020416283694270616,0.07323420385568667,0.5894359201770587,0.05009216031397683,0.654545902026088,-0.7843015148789665,34.10048209608942,1.2753681225389066,34.124323334444355,nan,nan,-999.0,-999.0,0.0,no_contact,0,0,0.0,0.0,0.0,54.757997845837295,39.23598653534432,0.2955686370334061,0.0,0.0,0.0,240.0,0
127,2.54,horse_stance_hold,0.5521739130434783,hold,fall,-0.12262939088595597,0.10426708342899499,0.5959580169607761,0.9975422280669151,0.0031214550008828003,0.08635172681406779,0.5716450020715282,0.05333460985822549,0.6551493721907183,-0.9781848684146326,39.29322429173207,1.2736809537017573,39.313861911699625,nan,nan,-999.0,-999.0,0.0,no_contact,0,0,0.0,0.0,0.0,49.05078149626844,36.80514905191771,0.25314350977590994,0.0,0.0,0.0,240.0,0
128,2.56,horse_stance_hold,0.5565217391304348,hold,fall,-0.1301816657584278,0.11905943590650858,0.5737729245761928,0.9982987684395637,0.004226307566534453,0.09947579063658625,0.5499487358158595,0.05498982716104873,0.6557635674506898,-1.1728609327872659,44.83921890045776,1.2758931735674635,44.85736790086467,nan,nan,-999.0,-999.0,0.0,no_contact,0,0,0.0,0.0,0.0,39.71021633472563,24.763060789363056,0.21890523768474413,0.0,0.0,0.0,240.0,0
129,2.58,horse_stance_hold,0.5608695652173914,hold,fall,-0.13398577435380526,0.13393113409173574,0.5476578468870228,0.9984113365718257,0.005342544962624451,0.11260713177248492,0.524339980108229,0.05566625759004441,0.6566097771271674,-1.3681325902341384,50.63049655010466,1.2798107779806611,50.646669155410365,nan,nan,-999.0,-999.0,0.0,no_contact,0,0,0.0,0.0,0.0,25.581956577699483,16.687870383537618,0.19072829021006904,0.0,0.0,0.0,240.0,0
130,2.6,horse_stance_hold,0.5652173913043479,hold,fall,-0.1350275699967125,0.14877423103823953,0.517446910974234,0.9980859858646465,0.006461020313252436,0.12574404192338182,0.49481340300942944,0.05552226720441761,0.656913834709061,-1.5639855159144493,56.58836762145476,1.2815604987787839,56.60287755382176,nan,nan,-999.0,-999.0,0.0,no_contact,0,0,0.0,0.0,0.0,14.056323207531557,10.53691707750736,0.16599791447467174,0.0,0.0,0.0,240.0,0
131,2.62,horse_stance_hold,0.5695652173913044,hold,fall,-0.13472256627361487,0.16363861148743383,0.48330853450614647,0.9976700573980061,0.0075777404172119,0.138882797958033,0.46136468313742385,0.05533146127402806,0.6571534106582029,-1.7601601468069958,62.66960483370228,1.2826870568057578,62.68273012639205,nan,nan,-999.0,-999.0,0.0,no_contact,0,0,0.0,0.0,0.0,72.1639300548274,50.0,0.1432649562186664,0.0,0.0,0.0,240.0,0
132,2.64,horse_stance_hold,0.5739130434782609,hold,fall,-0.13333027862833946,0.17852361231627764,0.4450296845764022,0.996964223976898,0.008863377449386027,0.15184839417851226,0.424941495716324,0.09648732043213305,0.6253509694720135,-1.7517320567255383,62.098168682414226,1.4060994962174014,62.11408591859687,0.028945069969102524,0.2820013078421959,-0.001558068812604147,0.07955677642299853,0.056742628419501284,double,1,1,736.7523856849679,331.0864675714631,1067.8388532564309,150.68450980375098,98.21060379090858,0.12335276509469979,0.0,0.0,0.0,240.0,0
133,2.66,horse_stance_hold,0.5782608695652175,hold,fall,-0.1327418694233146,0.19235707116961803,0.40754049070172443,0.9963657163344589,0.011658341683379288,0.16348779923310244,0.39603917202016947,0.13300630787281967,0.5595153683240109,-1.2090570038019939,44.639381190514506,2.829583577680009,44.728971554185506,0.03838267047536837,0.27590857766384763,0.0066974058585533265,0.0766037154731589,0.05670388385951944,double,1,1,613.9697089142069,533.1623260020899,1147.1320349162968,175.42933703351412,117.3057350219071,0.11595631963321776,0.0,0.0,0.0,240.0,0
134,2.68,horse_stance_hold,0.582608695652174,hold,fall,-0.13278882829779265,0.20414797579216767,0.3794571783799271,0.9933983149931855,0.013301808800143535,0.1744820543204167,0.3771193399519764,0.034005263284981366,0.5481341368496864,-0.7333521853254887,30.546979235972387,2.8023695626245004,30.67525412459451,0.01996912482140473,0.28195316788865543,0.002718062311462686,0.07652948790208557,0.056690442125053885,double,1,1,642.2968686946242,461.4131038609496,1103.7099725555738,171.32314475213892,117.4781851166615,0.12226204524044264,0.0,0.0,0.0,240.0,0
135,2.7,horse_stance_hold,0.5869565217391305,hold,fall,-0.13435458495068459,0.2147772033927807,0.3639484721093159,0.9889665046590028,0.012942476587758905,0.18548194355220027,0.367428119893172,-0.057746471347554555,0.5548387218841694,-0.2870911375936566,20.91746787346574,2.6524395430843324,21.084968526587573,0.0017667146251804239,0.29286072079520753,-0.006453353092101197,0.07890367263880613,0.05665094152102293,double,1,1,630.1044135627563,406.71762529368704,1036.8220388564434,152.26096879501662,107.66248937986187,0.12779793012277121,0.0,0.0,0.0,240.0,0
136,2.72,horse_stance_hold,0.5913043478260871,hold,fall,-0.13715293213615817,0.22505418065021193,0.36004397079072875,0.9840256828345704,0.011027813255320318,0.19674409630841233,0.3660677852983719,-0.12344114357999152,0.5712892118457601,0.09923637454391873,19.765897170117462,2.536371990720716,19.927967127004454,-0.012817673312426003,0.30710170344236426,-0.01947171133143056,0.08311963631306223,0.05658804605308234,double,1,1,581.8977719941731,326.39067020583127,908.2884422000044,125.58843177702289,92.04328609830165,0.1267866244255326,0.0,0.0,0.0,240.0,0
137,2.74,horse_stance_hold,0.5956521739130436,hold,fall,-0.14077655378143042,0.2354465073806063,0.36530189048505884,0.9792803454777994,0.00805688303422958,0.20838364358444314,0.3714378332498157,-0.16587932428903965,0.5904014378050414,0.3904103286102592,24.23857531183457,2.402258620641704,24.35732702141029,-0.024220686287869185,0.32326669738452524,-0.034846643179990866,0.07792592319223741,0.05650537799436195,double,1,1,504.5832203249013,224.10315748583625,728.6863778107374,98.55685210036118,74.16082649154734,0.11943048687031649,0.0,0.0,0.0,240.0,0
138,2.7600000000000002,horse_stance_hold,0.6,hold,fall,-0.1448373495787749,0.24611534082389736,0.37659128962011856,0.9750578785576663,0.004479620604084798,0.2203508025066851,0.38137325666188976,-0.1867300727120609,0.6030038068726327,0.5654546518962913,28.255918073051838,2.221972697916131,28.343148534016155,-0.03233792897613611,0.3392450022151027,-0.05039559946299865,0.06595846111503388,0.05640454429027176,double,1,1,415.77621699529436,112.22618342292121,528.0024004182155,77.5005881249097,57.14344947063458,0.10844591370774818,0.0,0.0,0.0,240.0,0
139,2.7800000000000002,horse_stance_hold,0.6043478260869565,hold,fall,-0.14897179521505444,0.2568406025136302,0.3906035013048117,0.9713823163171484,0.0006718274425181808,0.23245733619953782,0.3935339595178057,-0.19320314300115946,0.6059765580497021,0.6279886285019789,29.80080365356813,1.9960178276204188,29.867574149346282,-0.038024592822661005,0.3538276368938557,-0.06479091095480966,0.0538479286574767,0.05622492028306709,double,1,1,332.5684617226191,26.952795482889783,359.52125720550885,63.5698139779483,42.737048302773594,0.09609499415232378,0.0,0.0,0.0,240.0,0
140,2.8000000000000003,horse_stance_hold,0.6086956521739131,hold,fall,-0.1530491799689433,0.2675349751541833,0.40457671590502053,0.9680383347818938,-0.0032202060573244926,0.2445557398031892,0.4060215478094992,-0.19528433786534044,0.6046749586665362,0.6130500844782264,29.438513802166174,1.7927670137170324,29.493051867275454,-0.04294918934413731,0.3675718587066025,-0.07840537310656041,0.010089160259274728,0.009034546947304512,single_left,1,0,261.55615180360553,0.0,261.55615180360553,52.73561591022796,31.838738983274162,0.08453227856326952,0.0,0.0,0.0,240.0,0
141,2.82,horse_stance_hold,0.6130434782608696,hold,fall,-0.1568329740827304,0.2783103572408442,0.41670626263912847,0.9647199643197141,-0.007076787167325229,0.25661938902742276,0.41770433580376504,-0.18996322170690785,0.6011480678530813,0.5560474679594738,28.027465354551328,1.7015299197804772,28.07906726136898,-0.0462752931348901,0.3806650117189872,-0.091403623544637,0.021356172812758287,0.008972965050721952,single_left,1,0,211.43238669871008,0.0,211.43238669871008,44.52489275179654,24.32243465488211,0.0745609419472907,0.0,0.0,0.0,240.0,0
142,2.84,horse_stance_hold,0.6173913043478261,hold,fall,-0.16008534249120032,0.2893770537470405,0.4262490493258565,0.9606482062366791,-0.010734518369944816,0.26855889149949785,0.42796666398203803,-0.17645306402681968,0.5932675651657585,0.47494563548624796,26.011977051224825,1.7669952469322756,26.071924024055612,-0.04758979464424472,0.39247309009591275,-0.10316674858146892,0.018220964391002688,0.008906965516508051,single_left,1,0,177.45512137167094,0.0,177.45512137167094,38.65831444790252,19.776646148714505,0.06595284684262138,0.0,0.0,0.0,240.0,0
143,2.86,horse_stance_hold,0.6217391304347827,hold,fall,-0.16286692368836705,0.3008117612178527,0.43304507553603017,0.9552082930467033,-0.014062172739171116,0.2803164925261733,0.43641192818263813,-0.15805639857801748,0.5834600902157654,0.3771386548662021,23.75520844550732,1.9379323609377952,23.83412490789356,-0.0473991243396418,0.4033787725940582,-0.11407039008685434,0.006736229371437039,0.008834978102671915,single_left,1,0,154.41873537830972,0.0,154.41873537830972,34.689317160335754,18.11553310296138,0.05851627816809178,0.0,0.0,0.0,240.0,0
144,2.88,horse_stance_hold,0.6260869565217392,hold,fall,-0.16522938003516016,0.31247645530365126,0.4370488241996663,0.9482428186018106,-0.017009754804271086,0.2918716145271567,0.4427775404871333,-0.13920455425457462,0.5734225156636114,0.2691484076563196,21.62378456197641,2.160357047635099,21.731433485990657,-0.04658386808672986,0.41369566351577547,-0.12437057862713521,-0.0045179932442146785,0.008755830722477952,single_left,1,0,142.32207368818374,0.0,142.32207368818374,32.64320800564192,18.835861456278142,0.05225913461559349,0.0,0.0,0.0,240.0,0
145,2.9,horse_stance_hold,0.6304347826086957,hold,fall,-0.16724960747373147,0.3241435734402664,0.4383127510622421,0.9397503664594455,-0.019601379962461724,0.3032341241039474,0.4469268552799906,-0.12248266344866407,0.5643700797564492,0.15682888075825424,19.952128535986716,2.3909552477671907,20.09487745952587,-0.045744555796203346,0.4236954678969784,-0.13428682091960625,-0.01553996328060654,0.008669036706815668,single_left,1,0,139.08420218967274,0.0,139.08420218967274,32.84610826156364,21.630104847578103,0.0471796022771054,0.0,0.0,0.0,240.0,0
146,2.92,horse_stance_hold,0.6347826086956522,hold,fall,-0.169011681990775,0.3356180611651655,0.436980862537378,0.9297873438240348,-0.02189787202859028,0.31443596991096734,0.4488331722479225,-0.10965281773816161,0.5575034009438157,0.04566314577076638,19.00500386184543,2.59746223161271,19.181683498416252,-0.045352457732106916,0.4336851745110966,-0.1441181308696982,-0.026393246272968334,0.00857421375374041,single_left,1,0,145.15038737049838,0.0,145.15038737049838,35.308284599407834,25.95371210979123,0.043333946773958194,0.0,0.0,0.0,240.0,0
147,2.94,horse_stance_hold,0.6391304347826088,hold,fall,-0.17063619035502298,0.34677509540041884,0.43330453329923574,0.9184680815714874,-0.0239948221054865,0.3255375016507999,0.44857551842656074,-0.10209375175721008,0.5542396677319126,-0.059533308949935713,18.894427192203178,2.7578330884726165,19.094633336760918,-0.045826265177959326,0.4440545660777225,-0.15424202631672415,-0.037146613683552265,0.008470723768370957,single_left,1,0,157.99343066870327,0.0,157.99343066870327,39.61943198985823,31.233204974330157,0.04079776892739788,0.0,0.0,0.0,240.0,0
148,2.96,horse_stance_hold,0.6434782608695653,hold,fall,-0.1722614174333609,0.35757720268235244,0.4276125210661538,0.9059355896039568,-0.02600058109319894,0.3366229581845967,0.44631272245578146,-0.09990737647193433,0.5555817527329984,-0.15536216671802405,19.520661244228965,2.866635137851037,19.730023122781812,-0.04731054354429004,0.4551269836864321,-0.1649827096661897,-0.04788645454984783,0.0083570446379848,single_left,1,0,175.67317555930543,0.0,175.67317555930543,45.208208156627684,36.97468408549972,0.0396064270492503,0.0,0.0,0.0,240.0,0
149,2.98,horse_stance_hold,0.6478260869565218,hold,fall,-0.17401398835404597,0.3680695101040116,0.4202658908984012,0.8923211865794727,-0.02801628678428815,0.3477924346872649,0.44225966455204624,-0.10241341925871071,0.5621567339426423,-0.23949027447164034,20.657098945317603,2.9317037683341787,20.8640989218779,-0.04976136772172153,0.4671531958803469,-0.17660060989819737,-0.05870992526554105,0.008230799888848003,single_left,1,0,196.42561884069517,0.0,196.42561884069517,51.52599738082968,42.74208618453891,0.039708599557037316,0.0,0.0,0.0,240.0,0
150,3.0,horse_stance_hold,0.6521739130434783,hold,fall,-0.17598981833625574,0.3783588797262142,0.4116245233181486,0.8777011810851183,-0.03012239827141567,0.3591541203775029,0.4366659969472639,-0.10830775538235977,0.5742034071362851,-0.31065583258321433,22.06435991285668,2.9707843799076623,22.263457462756772,-0.05297311040071906,0.4802992471859703,-0.18928420969606427,-0.06972505592622391,0.008088894630998952,single_left,1,0,218.50495272041462,0.0,218.50495272041462,58.12355060266605,48.19220110087507,0.040949582522233574,0.0,0.0,0.0,240.0,0
151,3.02,horse_stance_hold,0.6565217391304349,hold,fall,-0.1782376739935241,0.3885898461537345,0.4020222776357751,0.8620573961358101,-0.03236794927333346,0.37081731900350323,0.4297959723211342,-0.1158664949905351,0.5916759134788012,-0.3685202136104186,23.559535578846848,3.0068698807938676,23.750641742297745,-0.05662033888771785,0.4946629119879709,-0.20323518130503887,-0.08105411108574229,0.007927809021386296,single_left,1,0,240.5800724548405,0.0,240.5800724548405,64.6415400801455,53.07600226162943,0.04309596852761869,0.0,0.0,0.0,240.0,0
152,3.04,horse_stance_hold,0.6608695652173914,hold,fall,-0.1807547033784284,0.3989234325138358,0.39175404598681035,0.8452586022260217,-0.03476698550047769,0.38288899000069665,0.42191269493623296,-0.12338381990843167,0.6144218683961976,-0.4134408347336802,25.031874036652685,3.0630462525769886,25.218583824875513,-0.06035490669590396,0.5103107083502847,-0.2186268619747921,-0.09283181252783247,0.00774391833145887,single_left,1,0,261.584600713949,0.0,261.584600713949,70.75980582739444,57.20801424335658,0.04587901551471483,0.0,0.0,0.0,240.0,0
153,3.06,horse_stance_hold,0.6652173913043479,hold,fall,-0.18349406584100933,0.40952564071967323,0.3810700233214698,0.8270600699671561,-0.03730269342074527,0.3954728793809419,0.41326481131166254,-0.12945771938985431,0.6423313709507456,-0.446457609267966,26.435831520327973,3.1581612329161968,26.623808340360714,-0.06387367889725715,0.5273103442233652,-0.23556170566677992,-0.10520833285444568,0.007533743875628206,single_left,1,0,280.3307188647353,0.0,280.3307188647353,76.17032766296643,60.46279838719262,0.04902607876631136,0.0,0.0,0.0,240.0,0
154,3.08,horse_stance_hold,0.6695652173913044,hold,fall,-0.18637861044686113,0.42055091242912535,0.3701804402582055,0.8071116557410583,-0.03993422745877644,0.4086732880698644,0.40407312881682345,-0.13308292368459035,0.6755350602619611,-0.4692122679985454,27.7797713973225,3.303160794030583,27.975463715883567,-0.06694380645590771,0.5457751571174705,-0.254167849152192,-0.11833475847896187,0.00729443951856867,single_left,1,0,296.01026408074114,0.0,296.01026408074114,80.58032078449983,62.765437791897014,0.05227271596633404,0.0,0.0,0.0,240.0,0
155,3.1,horse_stance_hold,0.673913043478261,hold,fall,-0.1893194081880208,0.4321400597371286,0.35925789257065377,0.7849907806709833,-0.04260793508057375,0.42259953639591635,0.394520696325897,-0.1339357500508869,0.7143792583096537,-0.4838006149189937,29.110837212946215,3.5021092254648085,29.32073689840929,-0.06946737212498467,0.5658609487306439,-0.2746087670983232,-0.13236263113255137,0.007023743028919432,single_left,1,0,307.83643850141516,0.0,307.83643850141516,83.70893060354699,63.99313133829199,0.05536848097797567,0.0,0.0,0.0,240.0,0
156,3.12,horse_stance_hold,0.6782608695652175,hold,recovery,-0.1922296035858626,0.44443337842323527,0.3484266173589056,0.7602324255891224,-0.045267857377358424,0.4373647511623033,0.3847394718081865,-0.13196003868861333,0.7588217898173321,-0.49317797562806837,30.492994020545297,3.7584596419070126,30.72374819609181,-0.0714009797864924,0.5876404173191487,-0.29697519467955513,-0.14745851976749128,0.006719522791300328,single_left,1,0,314.98684527780915,0.0,314.98684527780915,85.34197562617383,64.38883262218732,0.058075639066501934,0.0,0.0,0.0,240.0,0
157,3.14,horse_stance_hold,0.682608695652174,hold,recovery,-0.19505268184309557,0.4575732141555345,0.33775983929712305,0.7323554515934495,-0.04787882639863105,0.45309661910585053,0.37481179444546414,-0.1296520443633792,0.8105465593579003,-0.4992984193233565,32.03343442465739,4.057322443055343,32.28936026690132,-0.0732214451256087,0.6115312393629672,-0.32170266523613206,-0.1637694716554945,0.0063818351674152195,single_left,1,0,317.3776064586736,0.0,317.3776064586736,85.23893483849125,63.44410296342851,0.060186348963349214,0.0,0.0,0.0,240.0,0
158,3.16,horse_stance_hold,0.6869565217391305,hold,recovery,-0.19782124086591368,0.47169073625727437,0.32732112624881354,0.7009647358168354,-0.05045539983286771,0.4699432364933743,0.3647568138195633,-0.12844518671850325,0.8694149621594461,-0.5066426961672875,33.8222405517594,4.389924328947604,34.10594363970838,-0.07522306326661202,0.6375896677622908,-0.3488058157518302,-0.18140679980164096,0.006010777319829984,single_left,1,0,311.8426733906768,0.0,311.8426733906768,83.23861674303718,61.065919419821654,0.06150740101463783,0.0,0.0,0.0,240.0,0
159,3.18,horse_stance_hold,0.6913043478260871,hold,recovery,-0.20056494702273378,0.4869222661000946,0.31709567338976524,0.6656642455110714,-0.053021035810464835,0.48803841503993284,0.354498976270739,-0.12841213441479643,0.9345020157246507,-0.5198386210789685,35.90975480775569,4.750013921531605,36.22254991863324,-0.07743166950161304,0.6656835144960911,-0.3781296854974529,-0.20049441271556886,0.005607267535855645,single_left,1,0,298.693324439844,0.0,298.693324439844,79.30355983755075,57.24814529783801,0.06188138573003299,0.0,0.0,0.0,240.0,0
160,3.2,horse_stance_hold,0.6956521739130436,hold,recovery,-0.2032981758050461,0.5033982373325684,0.30696909710237547,0.6260792411760422,-0.055597006425433235,0.5074907991730527,0.3438718802417738,-0.12933367860239484,1.0042484887467056,-0.5433427038336829,38.31278085266928,5.130789185762365,38.65480790708185,-0.07981150377190314,0.6955112175878989,-0.4093360358414132,-0.22110714068466578,0.0051730055343359276,single_left,1,0,278.31882535389684,0.0,278.31882535389684,73.50410475236383,52.050820603791436,0.06120457364206195,0.0,0.0,0.0,240.0,0
161,3.22,horse_stance_hold,0.7000000000000001,hold,recovery,-0.20601927392154706,0.521227380444262,0.2967259805264981,0.5818732734183897,-0.05819837225280748,0.5283699600491482,0.33262376073967714,-0.13083848258431258,1.0763797710307366,-0.5812194443748164,41.01811748238549,5.52530244259403,41.3885845237659,-0.08229063715658352,0.7265717892703591,-0.4418637119703865,-0.2432403074391691,0.004710244097868669,single_left,1,0,251.60375741139606,0.0,251.60375741139606,66.00927275323689,45.54095802245401,0.05943565569648291,0.0,0.0,0.0,240.0,0
162,3.24,horse_stance_hold,0.7043478260869567,hold,recovery,-0.2087113472462711,0.5404786670405197,0.28605855494694193,0.5327591038319317,-0.060832472027005514,0.5506908366292287,0.32042872417540963,-0.13260117057211435,1.147666734508987,-0.6368332698031548,43.98350789902258,5.930139669297772,44.38147725798186,-0.08479753500101173,0.758109107878366,-0.4748946861088633,-0.26681111447262656,0.004220758110310299,single_left,1,0,219.90729926890796,0.0,219.90729926890796,57.007056172554165,37.75582639383024,0.056599814604289596,0.0,0.0,0.0,240.0,0
163,3.2600000000000002,horse_stance_hold,0.7086956521739131,hold,recovery,-0.21134802714330247,0.5611581921509458,0.274585530476879,0.47841448465221353,-0.06350202108199021,0.5743907792698035,0.30690302204732944,-0.13430353814131332,1.214047722105374,-0.7126749554534761,47.14978482576915,6.3454374248115695,47.57485454763399,-0.08725693892820363,0.7891252851444801,-0.5074600831119732,-0.291745935099614,0.0037032430083394456,single_left,1,0,184.744072653771,0.0,184.744072653771,46.794875889258776,28.99553691683063,0.05277738895635009,0.0,0.0,0.0,240.0,0
164,3.2800000000000002,horse_stance_hold,0.7130434782608696,hold,recovery,-0.21388600782984582,0.5831948539705354,0.26186658323955264,0.4186413622965944,-0.06619623198203906,0.5993352685335608,0.29162374606187424,-0.13508178208914678,1.2722022559906547,-0.8102244783192171,50.48964598280373,6.76004128888179,50.94018560720245,-0.08948645890570975,0.8186829760969241,-0.5382471158566807,-0.31772878418348144,0.0031628730752742244,single_left,1,0,148.01067375528032,0.0,148.01067375528032,36.18618734565583,22.955779281006745,0.048117797534700184,0.0,0.0,0.0,240.0,0
165,3.3000000000000003,horse_stance_hold,0.717391304347826,hold,recovery,-0.21626521461495585,0.6064593441931845,0.2473748539951159,0.353558940896274,-0.06889007445246273,0.6253093621483661,0.2741614108643709,-0.134704268522778,1.315272695107438,-0.927340703915928,53.84412020544703,7.218793075231347,54.32587094710619,-0.09140912197376994,0.8451887219445537,-0.5653810150890759,-0.3443566283390515,0.002599273922432468,single_left,1,0,123.50169392692922,0.0,123.50169392692922,30.6750067444132,19.354727906605852,0.042895823732487334,0.0,0.0,0.0,240.0,0
166,3.3200000000000003,horse_stance_hold,0.7217391304347827,hold,recovery,-0.21853234585319728,0.6307829929141766,0.23021288245831048,0.282511120792282,-0.07172435884409367,0.6517222947990154,0.2543454815233108,-0.16240479288024742,1.319916494637254,-1.0115924676421735,55.709388752053954,7.496544144391916,56.211512781958575,-0.09787463934270269,0.8642541170276622,-0.5871401612436697,-0.3730295647281162,0.0019687409180552395,single_left,1,0,83.77253978204632,0.0,412.0390631217399,37.32743386940875,25.0,0.03686242355059114,0.0,0.0,0.0,240.0,0
167,3.34,horse_stance_hold,0.7260869565217392,hold,recovery,-0.22138414189801314,0.6554371496302996,0.21096379155692116,0.20780219735817818,-0.07601434112742632,0.6781549487022622,0.23431492427271802,-0.25478070562535815,1.32195861525402,-1.009802620655138,56.11017155913356,7.162336491649874,56.56545249898581,-0.11539037844327964,0.8824619885014142,-0.6099117292040219,-0.4019273788016418,0.0013596989041819354,single_left,1,0,59.09012823488618,0.0,242.6262166315768,37.86553287677456,25.0,0.03544364277314928,0.0,0.0,0.0,240.0,0
168,3.36,horse_stance_hold,0.7304347826086957,hold,recovery,-0.22492116163629558,0.6794188838380937,0.18967783108905398,0.13233257472021986,-0.08163091863378857,0.7044037399386445,0.21318056832740434,-0.29733734741444273,1.303432452073407,-1.1044534891053985,57.81745458869699,7.410472717759654,58.29042083410188,-0.12546266424157143,0.89654818513872,-0.6240515111082608,-0.4272541404003642,0.0007773946311270749,single_left,1,0,55.78041053571968,0.0,145.13282406476077,37.371753780869575,25.0,0.046471432354991904,0.0,0.0,0.0,240.0,0
169,3.38,horse_stance_hold,0.7347826086956523,hold,recovery,-0.22900900104405392,0.7023322541177153,0.1659742977327506,0.05679094392394538,-0.0877431847755633,0.7301700691239137,0.1896746510311463,-0.3114772002635847,1.2769175983286458,-1.2388307938364522,60.21966218038282,7.756631865382415,60.71715615058478,nan,nan,-999.0,-999.0,0.0,no_contact,0,0,0.0,0.0,64.87478076527408,73.79033304902701,40.78691485431419,0.059989645858052484,0.0,0.0,0.0,240.0,0
170,3.4,horse_stance_hold,0.7391304347826088,hold,recovery,-0.23427306010244509,0.721066952859332,0.15242617244925208,-0.03028347214395657,-0.09422717844437678,0.7528162770275416,0.17250068233928925,-0.3309144402263952,0.9146422533294122,-0.3148010264706508,34.08590859648353,6.539090470989206,34.707475693798465,nan,nan,-999.0,-999.0,0.0,no_contact,0,0,0.0,0.0,2433.3462032754396,73.44358779283435,34.08282022916687,0.06803205629871177,0.0,0.0,0.0,240.0,0
171,3.42,horse_stance_hold,0.7434782608695653,transition,recovery,-0.24115926402550125,0.7298654852567588,0.15789963441798888,-0.059526057678253246,-0.09979664860238238,0.767560838974485,0.17404111225421343,-0.22401101869737564,0.6377403854933021,0.25752912408945494,24.116848687798573,3.3278033370551285,24.345362303327647,nan,nan,-999.0,-999.0,0.0,no_contact,0,0,0.0,0.0,702.2635931093346,63.08404665592822,33.87618538843352,0.07067108056835063,0.0,0.0,0.0,240.0,0
172,3.44,horse_stance_hold,0.7478260869565218,transition,recovery,-0.2469462381257238,0.7355579578588922,0.166463977515087,-0.06552694742555923,-0.10317211356328589,0.7787902830560152,0.18013314338483136,-0.1285790807431525,0.5089415623044062,0.31365588296522906,20.38815896384441,2.22384866647656,20.50908405625124,nan,nan,-999.0,-999.0,0.0,no_contact,0,0,0.0,0.0,310.7712113950331,54.10322728354005,28.726146491372315,0.07462399391579522,0.0,0.0,0.0,240.0,0
173,3.46,horse_stance_hold,0.7521739130434784,transition,recovery,-0.2505954885638876,0.7410274893351348,0.17465640494244816,-0.06962170307073033,-0.10487891041693335,0.7879663750785055,0.18610384544162345,-0.05294963269549153,0.42060657566111725,0.2810808192520455,16.95881324588268,1.545858914606735,17.029122892638803,nan,nan,-999.0,-999.0,0.0,no_contact,0,0,0.0,0.0,247.1426943073326,43.62392843527964,24.452908990637894,0.07550555317996298,0.0,0.0,0.0,240.0,0
174,3.48,horse_stance_hold,0.7565217391304349,transition,recovery,-0.2522874828107687,0.7463164760012938,0.18152577399617503,-0.07331870718679344,-0.10526911805798014,0.7955076606691446,0.19110092246223942,0.005736532294842834,0.33975781421293216,0.22438995279934854,13.576811518864613,1.0973367199201516,13.621085085104635,nan,nan,-999.0,-999.0,0.0,no_contact,0,0,0.0,0.0,236.5642958948217,39.77494605529056,20.814725626070107,0.07240432563517255,0.0,0.0,0.0,240.0,0
175,3.5,horse_stance_hold,0.7608695652173914,transition,recovery,-0.2525390476171866,0.7508743925245218,0.18620694613114414,-0.07551390723107249,-0.10468225509701018,0.8014372174962033,0.1947623756951135,0.04437290438127368,0.26911675580122313,0.13733778342076844,10.181581761822615,0.8654807055968775,10.218300446964719,nan,nan,-999.0,-999.0,0.0,no_contact,0,0,0.0,0.0,47.42636580608837,37.699002457721186,20.72402444052808,0.06914890452247219,0.0,0.0,0.0,240.0,0
176,3.52,horse_stance_hold,0.7652173913043478,transition,recovery,-0.2517669002609936,0.7547893451624209,0.18772768024394143,-0.07656281710982547,-0.10358550705546819,0.8062362200551826,0.1963005238495405,0.06270413940463414,0.199391162380837,0.051703963967776816,7.1789560307439935,0.8496646235013828,7.229062156586101,nan,nan,-999.0,-999.0,0.0,no_contact,0,0,0.0,0.0,258.09760368638916,37.859031250216525,22.05655522505726,0.0663308283990656,0.0,0.0,0.0,240.0,0
177,3.54,horse_stance_hold,0.7695652173913045,transition,recovery,-0.25056456075196554,0.7566547575822515,0.1881122146701859,-0.0711633406155689,-0.10216743791177575,0.8091807361510263,0.19689297333500547,0.07684807013764917,0.10588702021289176,0.010919804362652363,4.377341389141429,0.9807727544670444,4.48587035401108,nan,nan,-999.0,-999.0,0.0,no_contact,0,0,0.0,0.0,254.2539804722882,37.31070784438867,22.0660726025372,0.06476193689330773,0.0,0.0,0.0,240.0,0
178,3.56,horse_stance_hold,0.773913043478261,transition,recovery,-0.24887384378504399,0.7566822365483444,0.18706340387601023,-0.061536688608635294,-0.10050451310201604,0.8103437294653018,0.19659493822530108,0.08757721115112292,0.019975851215200808,-0.037047645592413594,3.239642396311312,1.2129955111951303,3.459283302384648,nan,nan,-999.0,-999.0,0.0,no_contact,0,0,0.0,0.0,242.12297385241348,36.28358710453931,21.24221267576239,0.06374748856497367,0.0,0.0,0.0,240.0,0
179,3.58,horse_stance_hold,0.7782608695652175,transition,recovery,-0.24673468913464616,0.7550942504159507,0.18434982693331867,-0.04881687952964067,-0.09866770330674234,0.809843967544945,0.19527166363406234,0.09464168561338539,-0.06122793858722747,-0.09057421145857901,4.821179505017012,1.4893104364044132,5.045970411682889,nan,nan,-999.0,-999.0,0.0,no_contact,0,0,0.0,0.0,234.84837772152915,35.02496702082631,19.81716825362584,0.06302778196517383,0.0,0.0,0.0,240.0,0
180,3.6,horse_stance_hold,0.782608695652174,transition,recovery,-0.24418448952288968,0.7520187809465259,0.17992481436471208,-0.03368048008207563,-0.09672627928614241,0.807761262648778,0.19283916377682087,0.09849620033194016,-0.13872836747678893,-0.1475401713705992,7.508434331775195,1.7958758805236217,7.720217373418116,nan,nan,-999.0,-999.0,0.0,no_contact,0,0,0.0,0.0,229.28488663761004,33.80044816770105,17.90835894911698,0.06244605480663416,0.0,0.0,0.0,240.0,0
181,3.62,horse_stance_hold,0.7869565217391306,transition,recovery,-0.24134901413491563,0.7476111100660893,0.17375301690729777,-0.016462474601986438,-0.09474068924424556,0.8041860451700501,0.1892270305445063,0.09933385580513054,-0.21105570348012606,-0.20820516698962369,10.42469956733678,2.136333429149538,10.64134773370993,nan,nan,-999.0,-999.0,0.0,no_contact,0,0,0.0,0.0,223.129748018825,32.7337782829086,15.763533070789489,0.06200398454912541,0.0,0.0,0.0,240.0,0
182,3.64,horse_stance_hold,0.791304347826087,transition,recovery,-0.23830186328671848,0.7420470152124047,0.1658032773044038,0.003129663665503629,-0.09276831712837422,0.7992270276701222,0.18435801555971945,0.09752840353683419,-0.2776047065501019,-0.2729836139992465,13.382065192738386,2.515356815220382,13.616412476514359,nan,nan,-999.0,-999.0,0.0,no_contact,0,0,0.0,0.0,215.64257779406609,35.480800934947425,17.86591066463732,0.06170743908037804,0.0,0.0,0.0,240.0,0
183,3.66,horse_stance_hold,0.7956521739130435,transition,recovery,-0.2356974499382821,0.7361023045891357,0.1579434198718391,0.024893232625311533,-0.09121742955431707,0.7933971354391175,0.1792280978196532,0.030376125954321542,-0.25903612243345814,-0.14225526083722193,9.905124209013294,2.066872295095175,10.118470570210365,-0.08711159988157775,0.758384171659669,-0.40162752878698593,-0.43550777781278605,0.00033930409794166727,single_left,1,0,100.09715883815478,0.0,877.5381994965877,42.83659918117699,22.579148226692055,0.06118093226712531,0.0,0.0,0.0,240.0,0
184,3.68,horse_stance_hold,0.8,transition,recovery,-0.23534164070823416,0.7329473121813617,0.15805748929701355,0.039192774978706525,-0.09107292307832895,0.7893830737879316,0.17836184665652807,0.0021656304150925866,-0.16107594800374495,0.0028477247613272975,5.371780579681769,1.1639950767204787,5.496445318101118,-0.09078091099776948,0.7676637063571543,-0.4124692144078643,-0.432602074499124,0.000361157602941628,single_left,1,0,45.204391298805945,0.0,431.8331857373071,41.71996053379645,21.90945953929034,0.059970817497642874,0.0,0.0,0.0,240.0,0
185,3.7,horse_stance_hold,0.8043478260869567,transition,recovery,-0.23472795894419715,0.7314777270454805,0.159748537034458,0.0478469979730257,-0.09090393655326262,0.7868990610434309,0.17878458062598684,0.013805676707358674,-0.09675049403916688,0.0281509229965512,3.3909317132976673,0.6671804720957737,3.455943817048216,-0.08904018411125589,0.7738378418541721,-0.4176484702401146,-0.43041235131293964,0.00038963442386395764,single_left,1,0,34.854164569945084,0.0,335.72761885368834,39.1288548819164,18.961934431060865,0.05959234612387494,0.0,0.0,0.0,240.0,0
186,3.72,horse_stance_hold,0.8086956521739131,transition,recovery,-0.23382567393685952,0.7311385647316557,0.16096231794522894,0.05211560163398982,-0.09054736716843732,0.7855367451564086,0.17931222939938077,0.019281263267535206,-0.046152038254634056,0.022632646535508123,1.8304300443443702,0.45111436955062795,1.8851998094773916,-0.0879405778308139,0.779297079240206,-0.42246489640152246,-0.4292271914727412,0.0004121864513574186,single_left,1,0,33.23979693368645,0.0,307.5376961115307,36.801138147277136,17.791584411791263,0.05945836230943876,0.0,0.0,0.0,240.0,0
187,3.74,horse_stance_hold,0.8130434782608696,transition,recovery,-0.23302633822718666,0.7316661335486374,0.16146641295601064,0.05216788350256796,-0.09020410248229387,0.7850987788572396,0.17959807431066352,0.013878550250574674,-0.00279455520878218,0.00648286318130047,0.5191497511825746,0.5684064792777284,0.7698067223906477,-0.08832625448032312,0.7847206593980409,-0.4280964247768473,-0.4291739144089773,0.0004183171145176051,single_left,1,0,31.31588976267625,0.0,295.6156640815396,35.02598485368748,17.01704359404971,0.059418118756150044,0.0,0.0,0.0,240.0,0
188,3.7600000000000002,horse_stance_hold,0.8173913043478261,transition,recovery,-0.2325681917178703,0.7328585206626235,0.16133556099302424,0.04820472677740618,-0.09006217813314357,0.7854553728840146,0.17951137251774618,0.0005954882415939196,0.033246730902714815,-0.013216659889088227,1.1930259268589825,0.8024808570647705,1.4378061024050297,-0.08998162458576053,0.7899527616249484,-0.4343653326499996,-0.43025561806173496,0.0004117759851247488,single_left,1,0,26.540408345196003,0.0,294.1187190947649,32.184912340880174,17.130427421717275,0.0595589960950767,0.0,0.0,0.0,240.0,0
189,3.7800000000000002,horse_stance_hold,0.8217391304347826,transition,recovery,-0.23256773085387658,0.7336162992009052,0.1611491305512137,0.04457407148135704,-0.09017097295133064,0.7858763038503068,0.17966872085366248,-0.008567283106790268,0.012437486588438625,0.019475717138124325,0.8217039074249312,0.4401894139145229,0.9321824025370845,-0.09133040380358529,0.7875594985685611,-0.43374548881937125,-0.43174317994366174,0.00040125930112706876,single_left,1,0,28.08710556414907,0.0,352.266184371378,30.193504775196175,16.543586137634698,0.059544890723418974,0.0,0.0,0.0,240.0,0
190,3.8000000000000003,horse_stance_hold,0.8260869565217391,transition,recovery,-0.23287940498465715,0.733745893657661,0.16098810275028774,0.043217410517554566,-0.09040616352034976,0.7860451720880759,0.18010758473351995,-0.014632756548458572,0.006954433058218361,0.02111812845285017,0.8874363944318567,0.2722437869336958,0.9282564482330373,-0.09238886643298715,0.7869874808481928,-0.4345673707049798,-0.4329271889777519,0.0004036189804351581,single_left,1,0,26.191990052768233,0.0,317.9437152671792,29.194506346864298,16.036284811523213,0.05926696724205945,0.0,0.0,0.0,240.0,0
191,3.8200000000000003,horse_stance_hold,0.8304347826086956,transition,recovery,-0.23341696060866277,0.7337561191230321,0.16068100207251954,0.04154440129243634,-0.09077094174263152,0.7861974337476639,0.18044343387992406,-0.021024895672194018,0.008668231075042105,0.012809979650239896,0.8702485457032892,0.20859102014246814,0.8948981757623408,-0.09362241883760582,0.7873730525354954,-0.43605711844158696,-0.43386810870409287,0.00041228977714324877,single_left,1,0,23.114960915545904,0.0,311.9904835984634,28.87516407581005,15.730090357634776,0.05889239238647128,0.0,0.0,0.0,240.0,0
192,3.84,horse_stance_hold,0.8347826086956522,transition,recovery,-0.23405787914912898,0.7337952404390181,0.16028093866726242,0.039204323336809656,-0.09123887025864592,0.7864022417025085,0.1806085123435778,-0.02485073776694645,0.011404579117521924,0.004938521942965231,0.9263874507538334,0.18245156195469633,0.9441833939303819,-0.09461076408032713,0.7879496818721278,-0.43737110765444964,-0.4346446088367175,0.00041952856886416645,single_left,1,0,19.991666475276375,0.0,316.2740509538571,28.946489265516586,15.580934537048146,0.05848518916155077,0.0,0.0,0.0,240.0,0
193,3.86,horse_stance_hold,0.8391304347826087,transition,recovery,-0.23466330809405767,0.7338863179543236,0.1598853742407411,0.03653377203541352,-0.09173148731736668,0.7866512382046023,0.18065049150633453,-0.024121419567543257,0.013032306012980428,0.0003534853787015039,0.9141851949001658,0.1632348250221524,0.9286442691766674,-0.09500480331419967,0.7884197433967806,-0.4382345583894586,-0.43534903496507715,0.00041907209930834577,single_left,1,0,17.52460396398199,0.0,322.3019658833251,29.092111063737786,15.583584273866599,0.058081290243208517,0.0,0.0,0.0,240.0,0
194,3.88,horse_stance_hold,0.8434782608695652,transition,recovery,-0.2351289326321023,0.73401119792099,0.1595679661366972,0.03404007388037594,-0.09217567239738209,0.7868979359051739,0.1806202501185229,-0.019852992144111386,0.012295262040492243,-0.0015426420847509097,0.7802785448983135,0.13855554136158155,0.7924848551679902,-0.09486953031968662,0.7885662833670659,-0.438494416994087,-0.43592984449597705,0.00042027360482249643,single_left,1,0,17.642025993067534,0.0,327.1486951389834,29.163281938574258,15.603270998720582,0.057691053690086785,0.0,0.0,0.0,240.0,0
195,3.9,horse_stance_hold,0.8478260869565218,transition,recovery,-0.23541660611092805,0.7341435228121269,0.159343555571492,0.031895824906051896,-0.09251620924254611,0.7871272388877186,0.1805823611976366,-0.014636217913487667,0.010322767665058078,-0.002202143644602539,0.6016462832440408,0.10638713130842262,0.6109799275339609,-0.09450199333283912,0.7885277911286205,-0.4384686221515858,-0.4364236507612826,0.0004186545519601209,single_left,1,0,17.088881243506155,0.0,330.06600964675545,29.19730651044447,15.572190490050561,0.057331514025063465,0.0,0.0,0.0,240.0,0
196,3.92,horse_stance_hold,0.8521739130434783,transition,recovery,-0.23553359137143262,0.7342692368396689,0.15921111953596173,0.030276403876002913,-0.09274139170685039,0.7873125490076669,0.18055416469692231,-0.008705342609705373,0.008289887431960317,-0.000947222889161271,0.4020372935999806,0.08760134795282659,0.41147051122571243,-0.09392240590709984,0.788437200295337,-0.4382807033309048,-0.436795284908584,0.00041695194764558574,single_left,1,0,15.362270371927828,0.0,328.3387571054868,29.159385703724723,15.534158778434566,0.057013458351198726,0.0,0.0,0.0,240.0,0
197,3.94,horse_stance_hold,0.8565217391304348,transition,recovery,-0.2355150178220567,0.7343810852645877,0.15914871482163206,0.029105946395140418,-0.09286135851745952,0.7874490463634999,0.18054125794629336,-0.004075276949438644,0.005509741675273629,-0.0004209026250309404,0.22892110313411568,0.055680266682246175,0.23559533857431578,-0.0934142130270292,0.788196501216147,-0.4379596193853285,-0.43705962316105995,0.0004151596380850553,single_left,1,0,14.468940732018877,0.0,328.0193547041528,29.098460249068296,15.479713757455784,0.0567448428703778,0.0,0.0,0.0,240.0,0
198,3.96,horse_stance_hold,0.8608695652173913,transition,recovery,-0.23540327541217712,0.7344785179802311,0.15913700572074335,0.02837158854186349,-0.09290128069798484,0.7875267613113179,0.1805353342567231,-0.0005067080849995909,0.0025723017014686145,-0.00020647994598708172,0.08768227886784113,0.02367119960772385,0.09082129551116615,-0.09297001989228626,0.7878757155745192,-0.4375660434389548,-0.4372166594446374,0.00041501881272573704,single_left,1,0,14.494168082253974,0.0,327.51512276643393,29.01283186613859,15.3907563269066,0.0565315991713215,0.0,0.0,0.0,240.0,0
199,3.98,horse_stance_hold,0.8652173913043479,transition,recovery,-0.2352365496000472,0.734563607827032,0.15915618614763996,0.027986888662689356,-0.09288421188906126,0.7875478188623931,0.18053235232453002,0.0018289050624001042,-0.00011621671826191681,-0.00013423346071576492,0.06126446118511736,0.022957524746116127,0.06542462951191459,-0.09263610765328442,0.7875320532217037,-0.4372055879545829,-0.4373127017231959,0.0004149839928496296,single_left,1,0,14.696693513101836,0.0,327.0578945413676,28.935887104331783,15.276387156213,0.056374580199594265,0.0,0.0,0.0,240.0,0
200,4.0,horse_stance_hold,0.8695652173913044,transition,recovery,-0.2350455279094124,0.7346381532850487,0.15918990751500642,0.02785162275672691,-0.09283011720321825,0.7875211772319834,0.18052897323721173,0.0033119393528214386,-0.002222749186613596,-0.00020270858363630954,0.13315872352133687,0.04709098110954311,0.141240242677826,-0.09238083281506343,0.7872196480063717,-0.4369359210747749,-0.43738301239471616,0.0004149022412577863,single_left,1,0,14.986093963107129,0.0,326.959132482564,28.853473787671852,15.144781249002374,0.05626996923710725,0.0,0.0,0.0,240.0,0
201,4.0200000000000005,horse_stance_hold,0.8739130434782608,transition,recovery,-0.23484999745177754,0.7347052671021822,0.1592281802079546,0.027870195342569556,-0.09275405256157604,0.787459917623406,0.18052419352012616,0.004110612202192094,-0.0036525295745593344,-0.0002673462075570579,0.18355677689046448,0.06688044176443975,0.1953614184864104,-0.09219643080503093,0.7869644366933117,-0.43677961689701333,-0.43744682047499267,0.00041374112880095126,single_left,1,0,15.30823642223966,0.0,326.96539541448095,28.759823891936946,15.003182444299076,0.05621030689691218,0.0,0.0,0.0,240.0,0
202,4.04,horse_stance_hold,0.8782608695652174,transition,recovery,-0.23466348022385167,0.734768068507922,0.15926439667704306,0.027968807263724783,-0.09266821445939424,0.7873769998733107,0.18051808000942987,0.004369335113291212,-0.00446109243802719,-0.00033503820826533164,0.20849462874537925,0.0801304567950544,0.2233627102312684,-0.09207550589306347,0.7867718442524546,-0.4367288387130509,-0.43751061779715306,0.00041187388133212544,single_left,1,0,15.56217443937631,0.0,326.96808199086695,28.65402150022715,14.856979456235123,0.056185306477181125,0.0,0.0,0.0,240.0,0
203,4.0600000000000005,horse_stance_hold,0.8826086956521739,transition,recovery,-0.23449478508936294,0.734828667434672,0.15929432261285464,0.028092139219978707,-0.09258167719359277,0.7872841002864766,0.18051074660971836,0.00424390610785579,-0.004718868187090005,-0.00038639413707884093,0.21199240009479087,0.08678550569225693,0.22906877066988124,-0.09200599500258093,0.7866439899004312,-0.43677486266076454,-0.4375824756341383,0.00041002159106878766,single_left,1,0,15.755454103458513,0.0,327.01477050013364,28.536014506622017,14.7097530964973,0.05618459349578516,0.0,0.0,0.0,240.0,0
204,4.08,horse_stance_hold,0.8869565217391305,transition,recovery,-0.23434826453486812,0.7348885116136524,0.15931578015480533,0.028197902116348948,-0.09250055877674372,0.787191265787111,0.18050276644082502,0.003872622948906811,-0.004517118998242617,-0.0004016501600242723,0.1988286792464009,0.08761991072042444,0.21727883570546702,-0.09197525243692298,0.786578536048428,-0.43690433326052935,-0.437667558000789,0.00040852907663921356,single_left,1,0,15.870528869672224,0.0,327.07958962142743,28.407770413836282,14.56460096732761,0.056198609906986434,0.0,0.0,0.0,240.0,0
205,4.1,horse_stance_hold,0.8913043478260869,transition,recovery,-0.23422470646690766,0.7349485691546103,0.15932821792624027,0.028256205545842232,-0.09242849535781272,0.7871064294607731,0.18049485348978994,0.0033698028713690297,-0.003975996382722329,-0.000385791821741773,0.17424679864387566,0.08389183645624028,0.1933902455183299,-0.09197140463808377,0.7865671127358514,-0.43709770696833855,-0.43776723818937774,0.00040747698514391473,single_left,1,0,15.896841010823294,0.0,327.1191737056,28.27329437020181,14.424120419803478,0.0562191437489427,0.0,0.0,0.0,240.0,0
206,4.12,horse_stance_hold,0.8956521739130435,transition,recovery,-0.23412239151738112,0.7350093675011926,0.15933227159219718,0.028249789671745212,-0.09236700725105669,0.7870348665753141,0.18048745679872943,0.002832724846856439,-0.003231731276436029,-0.00035418604733688955,0.14376901805593506,0.07710503682383213,0.16314017670816805,-0.09198277536644792,0.7865965133055738,-0.4373315757539247,-0.43788015840326316,0.00040683136872243786,single_left,1,0,15.839619186964335,0.0,327.13498315575833,28.13777267171878,14.290230089972296,0.05623972861890105,0.0,0.0,0.0,240.0,0
207,4.14,horse_stance_hold,0.9,transition,recovery,-0.23403799771918254,0.735071009470936,0.15932936495215144,0.028173167228205866,-0.09231595881324764,0.7869792715033752,0.18048074375232268,0.0023318878022858666,-0.002405681017364663,-0.00031987468878970913,0.11221323653484032,0.06862818088785863,0.13153568970283566,-0.09199966653968887,0.786652970075968,-0.43758436232344833,-0.438003547528968,0.0004065143059725773,single_left,1,0,15.714525697333737,0.0,327.13107435777624,28.006285917522792,14.164155410057631,0.05625594278555459,0.0,0.0,0.0,240.0,0
208,4.16,horse_stance_hold,0.9043478260869566,transition,recovery,-0.23396739673407008,0.7351332602900572,0.15932133830227094,0.028030198985910748,-0.09227409288527247,0.78694016601487,0.18047465608625873,0.0019119870793848342,-0.0015949919735199446,-0.00029237327184039016,0.08358708832103112,0.059591214250513724,0.10265434306369355,-0.09201475942139986,0.7867238283639508,-0.43783830573615623,-0.4381340948520706,0.0004064303972918931,single_left,1,0,15.54159633880515,0.0,327.11477927680266,27.88289641159459,14.046420429214457,0.05626533152949692,0.0,0.0,0.0,240.0,0
209,4.18,horse_stance_hold,0.908695652173913,transition,recovery,-0.23390630937308796,0.7351956652362869,0.15931013594161492,0.02783107767154719,-0.09223951069444496,0.7869164381760676,0.18046899766340835,0.0015953727739086393,-0.000868524131794565,-0.00027635061616699196,0.06125991976602595,0.05084639223093921,0.07961239459181248,-0.09202312478570074,0.7867986372541776,-0.4380802861411947,-0.4382684480487061,0.0004064791711369947,single_left,1,0,15.341104641807817,0.0,327.0943559202279,27.77020350393003,13.936941541687366,0.056267047060025444,0.0,0.0,0.0,240.0,0
210,4.2,horse_stance_hold,0.9130434782608696,transition,recovery,-0.2338507935846938,0.7352576616587116,0.15929757050320098,0.027589443850008197,-0.092210073606977,0.7869059043896228,0.18046352990935743,0.0013862411236266765,-0.00026778175351182637,-0.0002720150028838546,0.04793899363088189,0.04296966991345701,0.06437809909288396,-0.09202205579315624,0.7868695847775307,-0.4383017982389163,-0.4384035230208089,0.0004065646271889656,single_left,1,0,15.130947825850154,0.0,327.07628811674414,27.669274496011578,13.835179795938085,0.05626141824528315,0.0,0.0,0.0,240.0,0
211,4.22,horse_stance_hold,0.9173913043478261,transition,recovery,-0.2337975677025096,0.7353186689514928,0.15928516336300055,0.027319979165028534,-0.09218371652553563,0.786905817310777,0.18045804538331048,0.0012751819859688329,0.00018922555473447386,-0.0002766355226945574,0.04396004756308548,0.03629115396894863,0.057004680844178694,-0.09201076444537731,0.7869314818462477,-0.4384984366777961,-0.4385367077537573,0.0004066043910778139,single_left,1,0,14.92521876626438,0.0,327.06414518719464,27.57985414264499,13.740309540894192,0.0562495323735619,0.0,0.0,0.0,240.0,0
212,4.24,horse_stance_hold,0.9217391304347827,transition,recovery,-0.2337441828216632,0.7353781531793598,0.15927405511822565,0.027036607831349847,-0.09215866934965236,0.7869132802329651,0.180452407541329,0.0012437629591213568,0.000502842297488325,-0.000286239189116797,0.0457360942007199,0.030941962642628273,0.05521951978163996,-0.0919899812462237,0.7869814793322106,-0.43866914076888963,-0.4386659840930263,0.0004065374290543877,single_left,1,0,14.733782705670336,0.0,327.05888380640926,27.50072703366983,13.651357633743357,0.05623286721091595,0.0,0.0,0.0,240.0,0
213,4.26,horse_stance_hold,0.9260869565217391,transition,recovery,-0.2336890667367447,0.7354356677735446,0.15926497364256098,0.02675129938111494,-0.09213358921341422,0.7869255547723051,0.18044655921179834,0.0012688517368361226,0.0006863855657550834,-0.00029708310685259975,0.04910741923343262,0.026904262211899614,0.055994445697182836,-0.09196150117768458,0.7870186458248961,-0.4388153481519222,-0.43878997254800495,0.0004063281391472745,single_left,1,0,14.562551234640992,0.0,327.0590858926188,27.430129524978526,13.567319689421648,0.056212995173989456,0.0,0.0,0.0,240.0,0
214,4.28,horse_stance_hold,0.9304347826086958,transition,recovery,-0.23363146665438866,0.735490872853674,0.15925824478675746,0.026473388477608578,-0.09210761205059961,0.7869402651413254,0.1804405084003218,0.0013263355735540054,0.0007612609040681417,-0.0003062314611574879,0.05200001836547915,0.024055939865633254,0.057294765492400195,-0.09192773078466165,0.7870435094317322,-0.4389401738213704,-0.43890790799509766,0.00040596544361590214,single_left,1,0,14.414156340215543,0.0,327.06393304269255,27.366122776005724,13.487286816538623,0.05619136848935596,0.0,0.0,0.0,240.0,0
215,4.3,horse_stance_hold,0.9347826086956522,transition,recovery,-0.2335713241376905,0.735543542442915,0.15925385899046976,0.026209365384587076,-0.09208034041752049,0.7869555131012272,0.18043431713409958,0.001393874620526799,0.0007527658472933682,-0.00031122418915634995,0.05382713764952737,0.022208505453518525,0.05822867388168933,-0.09189130256412167,0.7870576035172436,-0.4390476690638234,-0.4390195604872661,0.0004054592440564664,single_left,1,0,14.288479767038769,0.0,327.07230078257584,27.30685120193379,13.410487187814482,0.05616918222719143,0.0,0.0,0.0,240.0,0
216,4.32,horse_stance_hold,0.9391304347826088,transition,recovery,-0.23350911413782,0.7355935588584471,0.15925155289529372,0.025963004795039588,-0.0920517858095995,0.7869699144462157,0.18042808737615937,0.0014527868040905506,0.0006864618598817687,-0.0003104896185216494,0.05456370525193945,0.02113572270071775,0.0585142436070241,-0.09185476166282457,0.7870630110808051,-0.4391421562148976,-0.4391251179622497,0.00040483437606145256,single_left,1,0,14.18330863526524,0.0,327.08254311534034,27.249801573903873,13.336464416342418,0.056147304330474615,0.0,0.0,0.0,240.0,0
217,4.34,horse_stance_hold,0.9434782608695652,transition,recovery,-0.23344569865256032,0.7356409390318523,0.1592509042310481,0.025735800987079976,-0.09202236761269758,0.7869825378904682,0.18042201611812617,0.0014791880599953771,0.0005809634671162628,-0.0002955113847447517,0.053893590230331904,0.020757204914592882,0.05775275425277418,-0.09182176635359302,0.7870613257107253,-0.43922722840785855,-0.43922467062182985,0.00040408249678983155,single_left,1,0,14.118701177012301,0.0,327.10921201109267,27.193514772705708,13.264660865790905,0.05612620998204495,0.0,0.0,0.0,240.0,0
218,4.36,horse_stance_hold,0.9478260869565219,transition,recovery,-0.2333822567697152,0.7356858718562626,0.15925136869007406,0.025527557011069554,-0.09199288343501882,0.7869927620526597,0.18041631958811974,0.0014637148520251582,0.0004519131877154909,-0.00027596071009771615,0.051897080801293266,0.020827756218273142,0.05592050093466418,-0.09179438372098178,0.7870540476496508,-0.43930537592932556,-0.43931828346014073,0.0004031911547358047,single_left,1,0,14.053588996476936,0.0,327.10829999452767,27.13781686502298,13.194708657682687,0.056105992867503736,0.0,0.0,0.0,240.0,0
219,4.38,horse_stance_hold,0.9521739130434783,transition,recovery,-0.2333200227026472,0.7357284971119264,0.1592523069692541,0.025336759655478245,-0.09196416161260186,0.7870003020775986,0.18041100530781326,0.001407424819325641,0.0003156822318884064,-0.0002569538333193814,0.048848188598112345,0.0210719495974839,0.05319936643566025,-0.09177329840643518,0.7870431122668754,-0.43937990992498965,-0.4394072537925102,0.0004022663653159009,single_left,1,0,13.994881317175347,0.0,327.10922493338967,27.082319765715063,13.126412907528096,0.056086565737956076,0.0,0.0,0.0,240.0,0
220,4.4,horse_stance_hold,0.9565217391304349,transition,recovery,-0.23326006950381784,0.735768911479507,0.15925312300255265,0.02516100003782823,-0.09193698179411719,0.7870051590579826,0.1804060923483358,0.0013140169253522734,0.00018475914831055605,-0.00023557523488542667,0.044933570424101926,0.021317599050800017,0.04973394997733839,-0.09175878821318861,0.7870302142103263,-0.4394533796047992,-0.4394927339151396,0.00040138606664606724,single_left,1,0,13.940046756578017,0.0,327.1152381707807,27.026768143193653,13.059694953137134,0.05606766364240204,0.0,0.0,0.0,240.0,0
221,4.42,horse_stance_hold,0.9608695652173913,transition,recovery,-0.23320324784287788,0.735807210749666,0.15925332287286972,0.024997372048254446,-0.09191202903537918,0.7870075319332067,0.18040165229917496,0.0011888668396552353,6.685964225996108e-05,-0.00020999596004364046,0.04031346511949544,0.021463927455436748,0.045671387670543,-0.09175080901731307,0.787016598644779,-0.43952725213235777,-0.43957547685762877,0.0004005880760419023,single_left,1,0,13.884730601339497,0.0,327.1224591367911,26.971122867537385,12.994590354984442,0.056048890065694905,0.0,0.0,0.0,240.0,0
222,4.44,horse_stance_hold,0.965217391304348,transition,recovery,-0.23315018307296,0.7358434981013122,0.1592525317482975,0.024842958987223693,-0.0918898706553369,0.7870077252649095,0.18039776809582347,0.0010382152058315442,-3.4549165996038195e-05,-0.00018057448504790678,0.0351538288610462,0.021466190344590463,0.04118967117496707,-0.09174908174044885,0.7870030401672885,-0.43960213167674594,-0.43965595032669813,0.00039988779603401803,single_left,1,0,13.825784466700561,0.0,327.12792123184573,26.91551941337725,12.944769612815772,0.0560297881182375,0.0,0.0,0.0,240.0,0
223,4.46,horse_stance_hold,0.9695652173913044,transition,recovery,-0.23310128659685603,0.7358778816997515,0.15925049279795125,0.024695180880909082,-0.09187094286739421,0.7870060786082674,0.18039450140014038,0.000868828182261823,-0.00011892279941735418,-0.00014877269966131606,0.029655598444428066,0.02131767809550049,0.03652256724931238,-0.0917531250307867,0.78698995202854,-0.439678069642826,-0.4397344627858052,0.00039928951990751693,single_left,1,0,13.761542226141628,0.0,327.13063938630444,26.86019531182973,12.946028010324255,0.056009903288827725,0.0,0.0,0.0,240.0,0
224,4.48,horse_stance_hold,0.973913043478261,transition,recovery,-0.23305677367823638,0.7359104709446649,0.15924705754138455,0.02455196183807557,-0.09185554391189078,0.7870029214989175,0.180391881823757,0.000687656453901828,-0.00018746931415064303,-0.00011620484942935367,0.02407774631923014,0.02103467166631722,0.03197178881331116,-0.09176229462609181,0.7869774998227963,-0.4397547998536365,-0.43981123407384526,0.00039879174761525693,single_left,1,0,13.691394837844179,0.0,327.1308192719886,26.805424585890044,12.945294393028686,0.05598882890078816,0.0,0.0,0.0,240.0,0
225,4.5,horse_stance_hold,0.9782608695652175,transition,recovery,-0.23301668683663862,0.7359413734686527,0.15924217175172853,0.024411770771396002,-0.0918438345947859,0.7869985479740439,0.18038990951184045,0.0005014483972590373,-0.00024232708487469153,-8.419371053867224e-05,0.01877972172369435,0.020645656422229253,0.027909157585354193,-0.09177583632469018,0.7869656875188926,-0.4398318887799019,-0.4398864230394687,0.00039838969585202777,single_left,1,0,13.615405556774409,0.0,327.1290871769796,26.751470963435626,12.94278920025467,0.05596623512596528,0.0,0.0,0.0,240.0,0
226,4.5200000000000005,horse_stance_hold,0.9826086956521739,transition,recovery,-0.2329809238156541,0.7359706931063101,0.15923585894910608,0.024273589417055312,-0.09183584645837013,0.7869932044384556,0.1803885624439493,0.00031638338804756044,-0.0002860084275808238,-5.3672863745116104e-05,0.014332039813383931,0.020183828910093352,0.024754682681956203,-0.09179294385290722,0.786954420775371,-0.4399088328286421,-0.4399601370240364,0.0003980766448445777,single_left,1,0,13.534064119280373,0.0,327.12607137583734,26.69856066719545,12.938781673012196,0.05594188451162606,0.0,0.0,0.0,240.0,0
227,4.54,horse_stance_hold,0.9869565217391305,transition,recovery,-0.23294926834799348,0.735998528722389,0.15922820291008094,0.02413684231167082,-0.09183149648678705,0.7869870865973253,0.18038780370581994,0.00013778471986075,-0.000321020510812539,-2.5246136394191008e-05,0.011677787457317273,0.019681872047731894,0.022885515226919555,-0.09181281247471054,0.7869435552746439,-0.4399851261112972,-0.4400324382131137,0.00039784477290598363,single_left,1,0,13.448127388460279,0.0,327.12224804531576,26.646870955150263,12.933560230690977,0.055915636904484214,0.0,0.0,0.0,240.0,0
228,4.5600000000000005,horse_stance_hold,0.9913043478260869,transition,recovery,-0.23292142148067282,0.7360249737343653,0.15921933047096765,0.024001309368196912,-0.09183060635610318,0.7869803425034994,0.18038758699235846,-3.0056087090751482e-05,-0.00034961462965728106,7.123685955990136e-07,0.01169957087919786,0.01916841894558134,0.022456808402591323,-0.09183468204720606,0.7869329337629262,-0.44006030852734535,-0.44010335195388917,0.0003976857315410587,single_left,1,0,13.358502453398478,0.0,327.1179283213115,26.596529207595616,12.927408685447402,0.05588744625502043,0.0,0.0,0.0,240.0,0
229,4.58,horse_stance_hold,0.9956521739130436,transition,recovery,-0.23289703118785932,0.7360501161524645,0.15920939575822032,0.023867034215479165,-0.09183292391286417,0.7869730794599614,0.18038786021347278,-0.0001839393223039571,-0.00037363778851119163,2.3972432174921247e-05,0.013908234466745618,0.018665935136409573,0.02327780317166163,-0.09185786662829033,0.7869224130721844,-0.4401339973283513,-0.4401728770457292,0.00039759106257786225,single_left,1,0,13.266154943279158,0.0,327.11330231040387,26.547617804623002,12.920588991711345,0.055857351472241336,0.0,0.0,0.0,240.0,0
230,4.6000000000000005,horse_stance_hold,1.0,transition,recovery,-0.23287571838802557,0.7360740389692221,0.15919856670280697,0.023734237234824027,-0.09183814472403658,0.7869653729444942,0.1803885677187479,-0.0003217181134318004,-0.00039446759329742233,4.43930909514293e-05,0.017035919832614436,0.018189846562380766,0.024921739154926997,-0.09188177073606527,0.7869118818687616,-0.44020590386068004,-0.4402409964531478,0.0003975524973094807,single_left,1,0,13.172038917813218,0.0,327.1084927424692,26.500181317070815,12.913330373435349,0.05582546328774214,0.0,0.0,0.0,240.0,0
231,4.62,horse_stance_hold,1.0,transition,recovery,-0.2328570981624202,0.7360968207506814,0.15918701431637217,0.02360323915764944,-0.09184593201728693,0.7869572760879366,0.18038965175814478,-0.0004421886430583286,-0.00041301251237241916,6.18966915448592e-05,0.02027901700194131,0.017748706626083376,0.026949120903357878,-0.09190589440118647,0.7869012700931853,-0.440275837650799,-0.4403076869585415,0.0003975621551216002,single_left,1,0,13.077047664381158,0.0,327.1035960865207,26.454233935405476,12.905824030642762,0.05579194890543408,0.0,0.0,0.0,240.0,0
232,4.64,horse_stance_hold,1.0,transition,recovery,-0.23284079573648575,0.736118536301503,0.15917490481480323,0.023474398516754525,-0.09185593393575453,0.7869488285938099,0.18039105364572153,-0.0005449403034398122,-0.00042975984575219304,7.646142968681887e-05,0.02327918097816113,0.017345124396774728,0.029030563331660805,-0.09192983010463947,0.786890551373459,-0.44034370062503375,-0.4403729268324586,0.00039761265562893167,single_left,1,0,12.981983577348254,0.0,327.09870483704856,26.409766180995216,12.898222260804259,0.05575701599573935,0.0,0.0,0.0,240.0,0
233,4.66,horse_stance_hold,1.0,transition,recovery,-0.23282645745081773,0.7361392572947432,0.15916239435351448,0.023348064124316142,-0.09186779761157651,0.7869400643313019,0.18039271487513756,-0.0006301926408502087,-0.0004448546789810883,8.812164881190403e-05,0.025886211139824485,0.016977135174634575,0.030956728604834647,-0.09195325474504794,0.7868797399110964,-0.4404094745058472,-0.44043670116799105,0.0003976971620415354,single_left,1,0,12.88754373330405,0.0,327.0939135991152,26.36675064693308,12.89064072166705,0.05572089731410576,0.0,0.0,0.0,240.0,0
234,4.68,horse_stance_hold,1.0,transition,recovery,-0.2328137574077997,0.7361590527781218,0.159149625934336,0.023224542145440986,-0.09188118002360732,0.7869310171509627,0.1803945782508494,-0.0006986387834583911,-0.00045819474633659006,9.696817249997525e-05,0.02804307979437171,0.0166397124345737,0.03260819458753896,-0.09197591927038909,0.7868688834329741,-0.44047320429394576,-0.4404990049510738,0.0003978093770521385,single_left,1,0,12.794317044812054,0.0,327.08931524160874,26.325146842691193,12.883162644451373,0.05568383689392662,0.0,0.0,0.0,240.0,0
235,4.7,horse_stance_hold,1.0,transition,recovery,-0.23280240071098782,0.7361779894956945,0.15913672796076797,0.023104076250085908,-0.09189575591285443,0.7869217247505884,0.18039658898755098,-0.0007513073200619251,-0.0004695283270904195,0.00010314486002544622,0.02973832508367571,0.01632618865835385,0.03392510007193107,-0.0919976378695632,0.7868580537821088,-0.44053498035908983,-0.4405598442012972,0.000397943512805074,single_left,1,0,12.702789008853864,0.0,327.0849934474971,26.2849052915661,12.875844001090924,0.05564607841653634,0.0,0.0,0.0,240.0,0
236,4.72,horse_stance_hold,1.0,transition,recovery,-0.23279212425147186,0.7361961319961394,0.1591238139322823,0.022986838695593023,-0.09191122319320426,0.7869122306480506,0.18039869569182507,-0.000789448001244325,-0.00047854491892946845,0.00010684082430483886,0.030984817658467577,0.016029442935857282,0.03488555526521527,-0.09201827788917032,0.7868473365945837,-0.4405949211434541,-0.4406192356437572,0.0003980942532802595,single_left,1,0,12.613350727140027,0.0,327.08101616803253,26.245970983320376,12.868718868353914,0.055607856034751976,0.0,0.0,0.0,240.0,0
237,4.74,horse_stance_hold,1.0,transition,recovery,-0.23278269590023037,0.7362135425320517,0.15911098284326655,0.02287292992341389,-0.09192730634703429,0.786902584491389,0.18040085115236043,-0.0008144418926694059,-0.00048495132833324233,0.00010827968878963833,0.031809229700322475,0.015742796096509516,0.03549172753000553,-0.09203775105010346,0.7868368212909165,-0.44065315791673537,-0.44067720539754796,0.00039825672199850226,single_left,1,0,12.526309724371318,0.0,327.07743217410166,26.208286214792345,12.861804467629822,0.055569387653145695,0.0,0.0,0.0,240.0,0
238,4.76,horse_stance_hold,1.0,transition,recovery,-0.2327739128008326,0.7362302807833727,0.15909831995369192,0.022762384252013695,-0.09194375827344653,0.7868928410510003,0.18040301290163707,-0.0008277337379925405,-0.0004885287828021982,0.00010770790981262543,0.03224632304014624,0.01546061286958686,0.035761094780678924,-0.09205600612743267,0.7868265923227402,-0.4407098224717049,-0.44073378712525935,0.0003984264619687067,single_left,1,0,12.441900901889738,0.0,327.07427098070764,26.171792811122508,12.85510556498306,0.05553087046610748,0.0,0.0,0.0,240.0,0
239,4.78,horse_stance_hold,1.0,transition,recovery,-0.23276559927268423,0.7362464034582024,0.15908589770107598,0.022655179431763227,-0.0919603609948585,0.786883058295481,0.18040514355079973,-0.0008307829198227487,-0.0004891694582224586,0.00010538393557376128,0.0323356276142321,0.015178643115251448,0.03572091852159544,-0.09207302300956464,0.7868167222943655,-0.4407650381541475,-0.44078902000907244,0.0003985994295455375,single_left,1,0,12.360296629839665,0.0,327.0715452676054,26.13643372303519,12.848618080811093,0.055492478427892816,0.0,0.0,0.0,240.0,0
240,4.8,horse_stance_hold,1.0,transition,recovery,-0.2327576046636423,0.7362619638339557,0.15907377661187164,0.022551248131293798,-0.09197692555033002,0.7868732949578039,0.18040721092762455,-0.0008250290593937086,-0.00048689319402826607,0.00010156928223384769,0.032119379998676305,0.014894147252377492,0.03540466344812321,-0.09208880792824885,0.7868072672613002,-0.4408189142103737,-0.44084294682480013,0.00039877200006735447,single_left,1,0,12.281615476010979,0.0,327.06925452013763,26.10215403028096,12.842331881229267,0.0554543612701934,0.0,0.0,0.0,240.0,0
241,4.82,horse_stance_hold,1.0,transition,recovery,-0.23274980134846796,0.7362770113015799,0.15906200613906588,0.022450489796510736,-0.09199329132680076,0.7868636079621946,0.1804091880607894,-0.0008118685371653208,-0.0004818469713727695,9.652186729883469e-05,0.031641138955350374,0.014605853220816006,0.0348495713416939,-0.09210338960660845,0.7867982642270328,-0.4408715431249286,-0.44089561229091767,0.00039894098096601716,single_left,1,0,12.205929413397755,0.0,327.06738875032374,26.068901427523404,12.836232808325564,0.055416644678535285,0.0,0.0,0.0,240.0,0
242,4.84,horse_stance_hold,1.0,transition,recovery,-0.23274208296098262,0.7362915909674247,0.15905062540146483,0.022352781721686393,-0.09200932501049819,0.7868540500168266,0.18041105305391272,-0.0007926387358728784,-0.0004742908786891121,9.049138208045243e-05,0.030944759612007513,0.014313789996016764,0.034094907706210334,-0.09211681607389445,0.7867897306382723,-0.44092300041586807,-0.4409470617852045,0.0003991036272899401,single_left,1,0,12.133269575380812,0.0,327.0659315587221,26.03662630794098,12.830304059648059,0.05537943127267372,0.0,0.0,0.0,240.0,0
243,4.86,horse_stance_hold,1.0,transition,recovery,-0.23273436287107513,0.7363057433542339,0.15903966383177617,0.022257988562956528,-0.0920249192834632,0.7868446675963564,0.18041278888476783,-0.0007686074168713339,-0.00046457480005439067,8.371618917009174e-05,0.03007355312555232,0.014019039032113316,0.03318059753800909,-0.09212915192097083,0.7867816655283744,-0.4409733462498891,-0.44099734045253663,0.0003992576548735999,single_left,1,0,12.063630769079369,0.0,327.06486223877,26.00528158021146,12.824527054702946,0.05534280209245874,0.0,0.0,0.0,240.0,0
244,4.88,horse_stance_hold,1.0,transition,recovery,-0.23272657286817822,0.7363195042274328,0.1590291417589171,0.022165969881098545,-0.09203999134505966,0.7868354994532256,0.1804143831538233,-0.0007409652457787697,-0.00045311002310733376,7.642117267177878e-05,0.029069544687996572,0.013723441001392334,0.0321460924730538,-0.09214047580750125,0.7867740518787837,-0.4410226282215439,-0.4410464926759341,0.0003994012473142322,single_left,1,0,11.996975036956211,0.0,327.0641569706611,25.974822353235037,12.81888193332899,0.05530681835628581,0.0,0.0,0.0,240.0,0
245,4.9,horse_stance_hold,1.0,transition,recovery,-0.23271866198527208,0.7363329045578199,0.15901907095838433,0.022076585602464335,-0.09205448130492758,0.7868265757171682,0.1804158277957321,-0.0007108200453170411,-0.0004403395079410702,6.881606966761128e-05,0.027972794343984007,0.013429290742910487,0.031029390475296882,-0.09215087807457481,0.7867668597505276,-0.44107088469106465,-0.4410945618491149,0.00039953305412868123,single_left,1,0,11.933234588180763,0.0,327.0637893489444,25.94517758427823,12.813347592662783,0.055271523324432595,0.0,0.0,0.0,240.0,0
246,4.92,horse_stance_hold,1.0,transition,recovery,-0.23271059572460814,0.7363459715154546,0.15900945587593848,0.0219897025935994,-0.09206835053260629,0.7868179154181542,0.18041712045909467,-0.0006792061009569411,-0.0004271940541122691,6.142425892013551e-05,0.026830581050753022,0.013144848821635193,0.02987753554202005,-0.0921604603556803,0.7867599819445191,-0.44111809942213487,-0.44114160281909,0.000399650766535406,single_left,1,0,11.873580461700243,0.0,327.065244114118,25.91619429952778,12.807915333968388,0.055236943078326425,0.0,0.0,0.0,240.0,0
247,4.94,horse_stance_hold,1.0,transition,recovery,-0.2327023593132013,0.7363587443529765,0.15900030241314778,0.021905281631581716,-0.09208158281563482,0.7868094936441278,0.18041827474499458,-0.0006473931988474719,-0.0004163838258798492,5.4711926718510936e-05,0.025728623709385293,0.01290066006648093,0.028781749566870303,-0.09216937864620452,0.7867530260076219,-0.4411642931130896,-0.44118792443112154,0.0003997394863795162,single_left,1,0,11.81670417068402,0.0,327.06530849390344,25.887883994005723,12.802577926403892,0.055203081482583766,0.0,0.0,0.0,240.0,0
248,4.96,horse_stance_hold,1.0,transition,recovery,-0.23269395426535788,0.7363712604269782,0.15899160138803953,0.021823314547956635,-0.09209418930564371,0.7868012691381723,0.1804192928803815,-0.0006166675585153534,-0.00040719232500441304,4.780436225580835e-05,0.02468977920006581,0.012687681723782613,0.027759006907164555,-0.09217781853336043,0.786746047845594,-0.4412099164263923,-0.441233827440326,0.00039979949760973743,single_left,1,0,11.762365072222718,0.0,327.06498375032515,25.860226641744894,12.797307154618595,0.055169934466893326,0.0,0.0,0.0,240.0,0
249,4.98,horse_stance_hold,1.0,transition,recovery,-0.23268539279788503,0.7363835360439958,0.15898332556724537,0.02174371466024029,-0.09210619964987868,0.7867932131859677,0.1804201723384825,-0.000587678160192864,-0.00039940135869390977,4.0910509790139234e-05,0.023729917763308343,0.012498184074237658,0.02682002241249818,-0.09218589768131942,0.7867390483314627,-0.44125507126878655,-0.44127935674566793,0.00039983859487158213,single_left,1,0,11.710527072596818,0.0,327.06532596306573,25.83318272258036,12.792078433908477,0.05513749072994829,0.0,0.0,0.0,240.0,0
