step,t,motion_id,phase,phase_label,mode,base_x,base_y,base_z,upright_cos,com_x,com_y,com_z,com_vx,com_vy,com_vz,lin_momentum_norm,ang_momentum_norm,momentum_norm,cp_x,cp_y,cp_margin,com_margin,support_area,support_mode,contact_left,contact_right,grf_left,grf_right,grf_total,torque_norm,torque_max,tracking_err_rms,head_force,torso_force,push_force,source,trial
0,0.0,trunk_pivot_strike_prep,0.0,transition,nominal,0.0028579987691578785,1.0371512553768548e-05,0.7754281258656032,0.9999682222762024,0.021578626937179664,0.00010528226912702852,0.6816920700518175,0.005565958965903974,0.00014190993277394146,-1.3366361876247127e-05,0.18563626997900998,0.046298741638296934,0.19132275925516454,0.023045861732014877,0.00014269095150757431,0.07128640823726459,0.0698191734583037,0.04965071613412247,double,1,1,163.6427764265791,163.33306560657186,326.975842033151,11.720257122596607,7.592852428479564,0.00902208596594895,0.0,0.0,0.0,authored_keyframe,0
1,0.02,trunk_pivot_strike_prep,0.003846153846153846,transition,nominal,0.0029744920349706965,1.3843464915249785e-05,0.7754328568155521,0.9999699288571158,0.02169486556797744,0.0001080470068718648,0.6816912492260826,0.005997968283176297,0.00013477034529565973,-5.996727132119066e-05,0.2000395798557237,0.04139076993947104,0.20427684485774858,0.02327598079340452,0.00014357361101892597,0.07151814092101817,0.06993702570869169,0.04965159279825144,double,1,1,163.67221480120293,163.34516179806718,327.01737659927005,11.726054613657158,7.575399593960586,0.009022178920132266,0.0,0.0,0.0,authored_keyframe,0
2,0.04,trunk_pivot_strike_prep,0.007692307692307692,transition,nominal,0.0031074460265108953,1.747274191343567e-05,0.7754326837609995,0.9999716356729471,0.02181942163759481,0.00011069515624708555,0.6816864664739257,0.006377435069450636,0.00013207715680184546,-0.0002894469089288048,0.21289540248671768,0.03660929435821468,0.21602012136231183,0.023500561623426078,0.0001455116909662098,0.07174419712765195,0.07006305711757012,0.04965254348682193,double,1,1,163.6300338661951,163.42924878929227,327.05928265548744,11.745048675168231,7.562503728131073,0.008963060727417184,0.0,0.0,0.0,authored_keyframe,0
3,0.06,trunk_pivot_strike_prep,0.011538461538461537,transition,nominal,0.003247344311650177,2.1930021612720414e-05,0.775418986122733,0.9999734918161243,0.02195191064876809,0.00011351468598500952,0.6816713531819734,0.006742744487280243,0.0001540755030789364,-0.0008455635370434828,0.22662982530778858,0.031163142575363616,0.22876236398107797,0.023729329249061674,0.00015412970047038805,0.07197465361420388,0.07019723496717899,0.04965374339093283,double,1,1,163.52257184834758,163.72052333303787,327.24309518138546,11.788283594276391,7.578807855050387,0.00887389344462042,0.0,0.0,0.0,authored_keyframe,0
4,0.08,trunk_pivot_strike_prep,0.015384615384615384,transition,nominal,0.0033864393625353826,2.8037422744745222e-05,0.7753851756226601,0.9999754592467283,0.022091768355460926,0.00011727848033286312,0.6816408497856689,0.0070669757856648115,0.00022615991454643332,-0.0015889101744938094,0.2416207755293851,0.025513822268904352,0.24296410083423997,0.023954614143387006,0.00017689394485237436,0.07220182707256864,0.07033898119532685,0.04965531343640418,double,1,1,163.4123501111713,164.2561360358504,327.6684861470217,11.852638225804496,7.609560909746464,0.00877698441039061,0.0,0.0,0.0,authored_keyframe,0
5,0.1,trunk_pivot_strike_prep,0.019230769230769232,transition,nominal,0.0035198817285795217,3.702504857979884e-05,0.7753282325799459,0.9999774766173541,0.02223788038544599,0.00012325862429888869,0.6815926176774371,0.007325768182807274,0.0003725864908072453,-0.0024017361801194517,0.2573410012000791,0.020206571724462056,0.2581330983030168,0.024168875197519278,0.00022146847244640147,0.07241821077816848,0.07048721583587188,0.04965741576491638,double,1,1,163.26276146939918,164.97757338756406,328.2403348569633,11.934655327207004,7.6509440235601165,0.008684215185485355,0.0,0.0,0.0,authored_keyframe,0
6,0.12,trunk_pivot_strike_prep,0.023076923076923075,transition,nominal,0.0036444095537484047,5.063725765733696e-05,0.7752472811148401,0.9999794984631545,0.022388780105748594,0.00013318615645219344,0.6815260130806661,0.007507453697196964,0.0006151346087548024,-0.0032256999840552733,0.27320495910989345,0.015865064581513773,0.2736652151012513,0.024367568603087482,0.0002953211941379443,0.07261930838896057,0.07064051983985328,0.049660200755235334,double,1,1,163.03913422933948,165.82851185414768,328.8676460834872,12.033654982787159,7.700448489625483,0.008601509897896294,0.0,0.0,0.0,authored_keyframe,0
7,0.14,trunk_pivot_strike_prep,0.026923076923076925,transition,nominal,0.0037575455796845865,7.11182711315247e-05,0.7751423109718725,0.9999814877505117,0.022542891091990383,0.00014919654500595726,0.6814410769771118,0.007611166794600366,0.0009727203058285586,-0.004042824734036955,0.2891668551673766,0.013529532587297489,0.28948319187721644,0.024548890914405194,0.0004055667985307747,0.07280339070456718,0.07079739133379784,0.049663805198554525,double,1,1,162.72827290339498,166.77288098718543,329.5011538905804,12.151615856788208,7.756834722682187,0.008532340466798526,0.0,0.0,0.0,authored_keyframe,0
8,0.16,trunk_pivot_strike_prep,0.030769230769230767,transition,nominal,0.0038573156630646956,0.00010115032395363073,0.7750135064947703,0.999983403601958,0.022698691942380174,0.00017377059671144513,0.6813379891906595,0.007642077708788809,0.001461244901095356,-0.004852831085520194,0.30573401450399623,0.014434970250654953,0.30607459220076905,0.02471268629328633,0.0005588673057794426,0.07297039123292216,0.07095639885274219,0.049668354276449896,double,1,1,162.33349175476982,167.78951926075095,330.1230110155208,12.292181569474124,7.819612702283445,0.008479592956845422,0.0,0.0,0.0,authored_keyframe,0
9,0.18,trunk_pivot_strike_prep,0.03461538461538461,transition,nominal,0.003942185758062813,0.00014377474784158716,0.7748610120099497,0.9999851955414452,0.02285478789569306,0.00020967294363005587,0.681216876773193,0.007607117802869302,0.0020934887166455633,-0.0056598824409596505,0.32374438701398534,0.018511295350494096,0.3242731814051454,0.02485939071795827,0.0007613422484205203,0.07312083490132879,0.07111623755801459,0.04967396314311941,double,1,1,161.86623103334207,168.86400342454536,330.73023445788743,12.459721917649494,7.888602636714845,0.008446283277787675,0.0,0.0,0.0,authored_keyframe,0
10,0.2,trunk_pivot_strike_prep,0.038461538461538464,transition,nominal,0.004011024155268509,0.00020230746429203972,0.7746849010924136,0.9999868035559966,0.023009913699121507,0.00025988865067423227,0.6810777920546776,0.007512273719794985,0.002879029283972607,-0.006467412103391159,0.34415825233093217,0.02471394069049745,0.3450444630941568,0.024989321418822565,0.0010184835851112471,0.07325511606433108,0.07127572077253863,0.04968073800335546,double,1,1,161.34064986665607,169.98367780085988,331.32432766751594,12.658675980910145,7.963686786543474,0.00843565816780778,0.0,0.0,0.0,authored_keyframe,0
11,0.22,trunk_pivot_strike_prep,0.0423076923076923,transition,nominal,0.004063024926661598,0.0002802533719266168,0.7744852076447974,0.9999881606033104,0.023162899215922274,0.0003275586247629529,0.6809207432149906,0.007361354803811951,0.003824202420802142,-0.007277043018328985,0.3679167810985249,0.03234472289970554,0.3693358077865706,0.02510231769355415,0.0013350808859189562,0.0733731334261915,0.07143373978657662,0.049688776834334425,double,1,1,160.77123079808075,171.13574096701194,331.9069717650927,12.893138040359444,8.044703293980971,0.008451037051101135,0.0,0.0,0.0,authored_keyframe,0
12,0.24,trunk_pivot_strike_prep,0.04615384615384615,transition,nominal,0.004097598729711768,0.0003812219941566681,0.7742619604922069,0.9999891950979217,0.023312622245338633,0.0004159148664180171,0.6807457281561489,0.007155763396048279,0.004932121135132526,-0.008088898186373967,0.39584942916585275,0.04109757553468882,0.3979771115098969,0.025197633427889627,0.0017151617781528531,0.07347418099715843,0.07158921519771992,0.04969816991083334,double,1,1,160.1719920715233,172.3069250806765,332.4789171521998,13.166604655137833,8.131415871103474,0.008495579700254012,0.0,0.0,0.0,authored_keyframe,0
13,0.26,trunk_pivot_strike_prep,0.05,transition,nominal,0.004114257526909367,0.0005088462344107304,0.774015206983598,0.9999898323411279,0.023457963516858905,0.0005282167828735247,0.6805527587533019,0.006894821748198754,0.00620275640661229,-0.008902127644583698,0.42861283715648096,0.050831227825742585,0.4316164708367842,0.025273978546799882,0.0021619499340479343,0.0735569905858373,0.07174105302408222,0.04970900023477817,double,1,1,159.55628251653636,173.48372860518003,333.0400111217164,13.481826679555061,8.22351686831267,0.008572062234238524,0.0,0.0,0.0,authored_keyframe,0
14,0.28,trunk_pivot_strike_prep,0.05384615384615385,transition,nominal,0.0041125156887084425,0.0006667058774195116,0.7737450265011847,0.9999899948037264,0.023597771332913412,0.0006676897670032292,0.6803418756499977,0.006576343743465058,0.00763307582901154,-0.009715319253175538,0.4666563876104052,0.061459892228273166,0.4706862038028135,0.025329634609833764,0.0026778407314125437,0.07361984967099655,0.0718881116939957,0.04972134392281411,double,1,1,158.93670495304175,174.65274521541573,333.58945016845746,13.840736342064949,8.320642983102484,0.008682696472692847,0.0,0.0,0.0,authored_keyframe,0
15,0.3,trunk_pivot_strike_prep,0.05769230769230769,transition,nominal,0.004091819268225304,0.0008582572104876887,0.7734515375889734,0.9999896015721309,0.023730838494720987,0.0008374671148957635,0.6801131564358003,0.0061972613625355406,0.009217231968018269,-0.010526766826376032,0.5102134223872752,0.07291342742780421,0.5153970355787911,0.025362597044065197,0.0032643934917670142,0.07366074626844141,0.07202918166865482,0.04973527058229557,double,1,1,158.32503914612693,175.80095601984772,334.12599516597464,14.24443264909495,8.42239469721444,0.008829007960143487,0.0,0.0,0.0,authored_keyframe,0
16,0.32,trunk_pivot_strike_prep,0.061538461538461535,transition,nominal,0.00405150597512038,0.0010867697943615906,0.7731349015949117,0.9999885673409815,0.02385589132161918,0.0010405361730489427,0.6798667196476361,0.005754199246019144,0.010946790884292236,-0.011334634014751913,0.5593138982864829,0.0851239130856778,0.5657544674109434,0.025370715691642346,0.003922338643921905,0.07367751197380948,0.0721629770108888,0.049750843696141904,double,1,1,157.7321538197372,176.9159687893113,334.64812260904847,14.693212302690227,8.52835556505082,0.00901177783422056,0.0,0.0,0.0,authored_keyframe,0
17,0.34,trunk_pivot_strike_prep,0.06538461538461539,transition,nominal,0.0039907925342328445,0.001355271048458484,0.7727953245988551,0.9999868012685853,0.02397158906180271,0.0012796894146645317,0.6796027262834576,0.00524394352285794,0.012810991406381358,-0.012137047417036646,0.6138106640872083,0.09802163201921135,0.6215881045281427,0.025351817776051402,0.004651598002162832,0.07366794703729031,0.07228813694806743,0.04976812103146272,double,1,1,157.16792130046068,177.98621167429218,335.1541329747528,15.186633727793405,8.638109437592393,0.009231045692482929,0.0,0.0,0.0,authored_keyframe,0
18,0.36,trunk_pivot_strike_prep,0.06923076923076922,transition,nominal,0.00390878327934904,0.0016664989839201554,0.7724330586679631,0.9999842059118553,0.024076531309020776,0.0015574809654266537,0.6793213799879084,0.004663784626630801,0.014797026676642674,-0.012932140248089325,0.6734111252952524,0.11153419834069378,0.682585101705948,0.025303805565307667,0.00545131641531814,0.07362991965441394,0.0724032349469262,0.04978715508249093,double,1,1,156.6411454419174,179.0010871699013,335.6422326118187,15.723601960480925,8.751254594415453,0.009486163636692786,0.0,0.0,0.0,authored_keyframe,0
19,0.38,trunk_pivot_strike_prep,0.07307692307692308,transition,nominal,0.0038044930587073362,0.0020228631509924756,0.7720484030666205,0.999980676369499,0.02416927088738601,0.0018761889436407163,0.6790229267282268,0.004011735390654539,0.01689034082509533,-0.01371806099094504,0.7377083350298627,0.1255865376147034,0.7483218331724535,0.025224726552119846,0.006319903238621529,0.07356143729481075,0.07250679276082617,0.049807993554777365,double,1,1,156.15950814351064,179.95108863205743,336.11059677556807,16.302463198700192,8.867414303444907,0.009775886856406237,0.0,0.0,0.0,authored_keyframe,0
20,0.4,trunk_pivot_strike_prep,0.07692307692307693,transition,nominal,0.003676877995006267,0.0024264136755585957,0.771641705796566,0.9999760996982727,0.02424832985088401,0.002237783852632126,0.6787076545290681,0.0032866390607047755,0.01907493509884202,-0.01449295831248833,0.8062085220219561,0.14010094729275202,0.8182911807010712,0.025112817677983484,0.007255082342392466,0.07346069165629722,0.07259729715238014,0.04983067989493014,double,1,1,155.7295367857561,180.8278805815678,336.5574173673239,16.92109978914244,8.986243717891144,0.010098484379425432,0.0,0.0,0.0,authored_keyframe,0
21,0.42,trunk_pivot_strike_prep,0.08076923076923076,transition,nominal,0.0035248687628004496,0.0028788181410012315,0.7712133656688837,0.9999703546266255,0.024312216625059963,0.0026439031655776284,0.6783758936312454,0.0024881890325333575,0.021333679204694547,-0.015254951681636217,0.878354338756437,0.1549970682349426,0.891925128905832,0.024966527398440894,0.008253949651986312,0.0733260811336008,0.07267321740673462,0.04985525386823515,double,1,1,155.35659356243428,181.62434432302734,336.9809378854616,17.577018914949925,9.10743328136169,0.010451854882781109,0.0,0.0,0.0,authored_keyframe,0
22,0.44,trunk_pivot_strike_prep,0.0846153846153846,transition,nominal,0.003347402425391221,0.0033813460156370324,0.770763834978449,0.9999633115677429,0.024359442788398866,0.0030958321719828743,0.6780280172690981,0.0016168845535139732,0.023648624868017724,-0.01600209554656396,0.953544325288363,0.17019182298079258,0.9686134610354973,0.024784520494679104,0.009313037471972731,0.07315621581017864,0.07273302223227537,0.049881752184932335,double,1,1,155.04488699567906,182.33459091182505,337.3794779075041,18.267430790004763,9.230708955674517,0.010833635792609576,0.0,0.0,0.0,authored_keyframe,0
23,0.46,trunk_pivot_strike_prep,0.08846153846153847,transition,nominal,0.0031434502522262697,0.003934860318009277,0.7702936227502313,0.9999548329243372,0.024388538469500304,0.0035944911059771563,0.6776644431220317,0.0006739455967379832,0.026001319573957016,-0.01673234340816488,1.0311494818109488,0.1855994351926657,1.047719620978258,0.0245656707385489,0.01042838505332978,0.07294991017936807,0.07277519512070499,0.049910209174469033,double,1,1,154.79750545007934,182.9539437995131,337.7514492495924,18.989314390150845,9.657225895106452,0.011241298064752799,0.0,0.0,0.0,authored_keyframe,0
24,0.48,trunk_pivot_strike_prep,0.0923076923076923,transition,nominal,0.00291204015488006,0.0045398162359432705,0.7698032984489603,0.9999447736753596,0.024398065767062275,0.004140428543255494,0.6772856353859762,-0.00033879320703325436,0.028373119095772555,-0.017443516726053366,1.1105277993524707,0.20113163080711086,1.128594668623669,0.024309046067833025,0.011595614998199569,0.0727061683362439,0.07279824765598107,0.04994065750563189,double,1,1,154.61647209950365,183.47889353612112,338.0953656356248,19.739470455076386,10.305732893864569,0.011672222975648187,0.0,0.0,0.0,authored_keyframe,0
25,0.5,trunk_pivot_strike_prep,0.09615384615384615,transition,nominal,0.0026522733471692405,0.005196266454844809,0.7692934959842102,0.999932982236049,0.02438662994864892,0.004733821029494389,0.6768921073268485,-0.0014189942832196869,0.030745497750345015,-0.018133282380565167,1.1910373926387559,0.21669808059327403,1.2105899920272492,0.024013890063381973,0.012810015161817456,0.07242416549570656,0.07280073059164766,0.049973128949196075,double,1,1,154.50282051817408,183.90702677557786,338.4098472937519,20.514562622880774,10.95447185205965,0.01212376033862242,0.0,0.0,0.0,authored_keyframe,0
26,0.52,trunk_pivot_strike_prep,0.1,transition,nominal,0.0023633355207762223,0.005903872993613093,0.7687649177976191,0.9999193015843915,0.024352888435348326,0.005374478883185946,0.6764844241161632,-0.0025639242062271876,0.03310035543976996,-0.018799141440275908,1.272048663819862,0.23220709910639625,1.2930691938180663,0.02367960244214364,0.014066625723395197,0.0721032285918739,0.07278124274651464,0.05000765517894111,double,1,1,154.45668984038088,184.23693158032455,338.6936214207054,21.311148163489882,11.601303248628174,0.012593269594788839,0.0,0.0,0.0,authored_keyframe,0
27,0.54,trunk_pivot_strike_prep,0.10384615384615385,transition,nominal,0.0020445032395217384,0.006661925384944588,0.7682183387834365,0.9999035706474777,0.024295557730848145,0.006061858097273261,0.6760632057033658,-0.003770550780846833,0.03542032058713558,-0.019438431298944635,1.3529557620453827,0.24756657717431177,1.375419392107588,0.02330572014514642,0.015360331093008155,0.07174281755667417,0.0727384379003274,0.050044268606988546,double,1,1,154.47743825002667,184.4680806446732,338.9455188946999,22.125699956840766,12.244084812129506,0.013078146303958565,0.0,0.0,0.0,authored_keyframe,0
28,0.56,trunk_pivot_strike_prep,0.1076923076923077,transition,nominal,0.0016951464259605657,0.007469365069213284,0.7676546097627167,0.9998856259395293,0.02421341851250836,0.00679507824744185,0.6756291294435668,-0.005035629093023421,0.037689048252333913,-0.020048342926292952,1.4331875072343914,0.2626850976113853,1.457062075341964,0.022891899507582456,0.016685956352827554,0.0713425077638879,0.07267102991305394,0.05008300325093484,double,1,1,154.56377344468973,184.6006934870348,339.1644669317245,22.954621220871687,12.880663665209559,0.013575836908358833,0.0,0.0,0.0,authored_keyframe,0
29,0.58,trunk_pivot_strike_prep,0.11153846153846153,transition,nominal,0.001314727788395325,0.008324815903430628,0.7670746601984393,0.9998653034402322,0.024105319080493296,0.007572946305628148,0.6751829321646207,-0.006355779257390326,0.03989151326619864,-0.020625955137642826,1.5122179154296829,0.27747316622098966,1.5374636196408669,0.02243789899256725,0.018038368068110718,0.07090197310278587,0.07257779625610394,0.05012389563385291,double,1,1,154.71389875732126,184.6355777283773,339.3494764856986,23.793916457991276,13.508442037140798,0.014083844506974716,0.0,0.0,0.0,authored_keyframe,0
30,0.6,trunk_pivot_strike_prep,0.11538461538461538,transition,nominal,0.0009027892162121452,0.009226612003679363,0.7664795429214252,0.9998424455511167,0.02397016493214089,0.008394034683999475,0.6747254520178754,-0.007728404016471036,0.04201596194577353,-0.02116719354270118,1.5896136842724624,0.29182690409908413,1.6161790145841914,0.02194332776150631,0.0194130643892487,0.07042075654333572,0.07245758798389482,0.050167041463459364,double,1,1,154.92293992169598,184.57234763930796,339.4952875610039,24.639596312248308,14.12468574083866,0.014599624311723732,0.0,0.0,0.0,authored_keyframe,0
31,0.62,trunk_pivot_strike_prep,0.11923076923076922,transition,nominal,0.0004589309121253472,0.010172887125243108,0.7658704192185664,0.9998169032383247,0.023806917413256815,0.009256714919571609,0.6742576167586632,-0.009150815177272289,0.04405352572655188,-0.021666658404617758,1.6650202578472226,0.30564678602368345,1.6928415214804482,0.021407873427448855,0.020806106301708985,0.06989848316081129,0.07230931377284112,0.0502125636058563,double,1,1,155.19149805004,184.41428945638734,339.60578750642736,25.487672400003667,14.726715680651056,0.015120618906492892,0.0,0.0,0.0,authored_keyframe,0
32,0.64,trunk_pivot_strike_prep,0.12307692307692307,transition,nominal,-1.7209144193308665e-05,0.011161706172249422,0.7652486474174982,0.9997885348375652,0.023614592392547526,0.010159230039092105,0.6737805385821058,-0.010620692959754392,0.046000095363837944,-0.022112718604880188,1.7381515415716078,0.31885286642749516,1.7671553219501637,0.020831179840531573,0.022214680970101628,0.06933475465892543,0.0721319552151962,0.05026062117151484,double,1,1,155.5100410330871,184.17042732754985,339.6804683606369,26.332933738535292,15.310767595386876,0.015644282585403575,0.0,0.0,0.0,authored_keyframe,0
33,0.66,trunk_pivot_strike_prep,0.12692307692307692,transition,nominal,-0.0005259563334379445,0.012191281805619533,0.7646158891277637,0.9997571881173961,0.0233922284225349,0.011099774955182964,0.6732956119614955,-0.012138675345760186,0.04786145469117024,-0.022490398471919647,1.809009471596579,0.331321982995795,1.8391001943185152,0.020212136420882976,0.023638526088681104,0.0687284874888307,0.07192459175626478,0.05031153528320216,double,1,1,155.8785873085067,183.83065849592012,339.7092458044268,27.169830694506338,15.870753600588825,0.016167826843286676,0.0,0.0,0.0,authored_keyframe,0
34,0.68,trunk_pivot_strike_prep,0.13076923076923078,transition,nominal,-0.0010676332879989696,0.013260099304248058,0.7639739199871897,0.9997227176582196,0.023138858317037412,0.012076525950169443,0.6728043191952863,-0.01370506646148815,0.04963299749140836,-0.02279239992083084,1.8774221456335631,0.34322819120314124,1.9085385781146558,0.019549713121406142,0.02507464128157981,0.06807869883491136,0.07168632066256056,0.050365703006846965,double,1,1,156.29933856540882,183.44010309220062,339.73944165760946,27.9954052284721,16.407788286708495,0.016688302044884595,0.0,0.0,0.0,authored_keyframe,0
35,0.7000000000000001,trunk_pivot_strike_prep,0.1346153846153846,transition,nominal,-0.0016425712303308104,0.014366705688003752,0.7633243881898745,0.9996849604593758,0.022853526362493364,0.013087684413726347,0.6723079853687114,-0.01531468797486801,0.05131317185433053,-0.023044660528804262,1.9437164209916304,0.35454837041124226,1.9757879623567354,0.018844325787777283,0.026520853827722193,0.06738576870513698,0.07141616526122757,0.05042340116548385,double,1,1,156.75479266423002,182.94579949963241,339.70059216386244,28.80814024180044,16.92056900842859,0.017203218343338517,0.0,0.0,0.0,authored_keyframe,0
36,0.72,trunk_pivot_strike_prep,0.13846153846153844,transition,nominal,-0.0022510558384736382,0.01550927522197216,0.7626686097516739,0.9996437785940527,0.022535469943750427,0.014131409773040806,0.6718076450672262,-0.0169582269487025,0.05289891928232318,-0.023253982570960743,2.00785241199821,0.3652782243748218,2.0408085381949608,0.0180976629502419,0.02797455473449554,0.06665111712037879,0.07111310488042241,0.05048458693137772,double,1,1,157.25927677357856,182.35877325815898,339.61805003173754,29.60553044948668,17.40760127029651,0.017710825341602187,0.0,0.0,0.0,authored_keyframe,0
37,0.74,trunk_pivot_strike_prep,0.1423076923076923,transition,nominal,-0.0028931548426684842,0.016685950477029542,0.7620080183378465,0.9995990373687339,0.022184053636379767,0.015205848037008302,0.6713044417916897,-0.0186310728568649,0.054389579369422986,-0.02341317972492419,2.069709016584015,0.3754169236083334,2.1034812287873446,0.017310305065526083,0.029433753040524258,0.06587512149912303,0.07077633534836826,0.05054918744281435,double,1,1,157.81187707930096,181.67989306597067,339.4917701452717,30.38477226019779,17.866496273910915,0.018209579821213972,0.0,0.0,0.0,authored_keyframe,0
38,0.76,trunk_pivot_strike_prep,0.14615384615384616,transition,nominal,-0.0035687548343183387,0.017894993576742062,0.7613443445722953,0.9995506020958842,0.021798648930642338,0.016309181627751558,0.6707997768197648,-0.020338583201783764,0.055789589824609444,-0.023502803027959016,2.1292745623325824,0.3849277247029319,2.163788232485237,0.01648022872848303,0.03089783210795617,0.06505575955021337,0.07040530958939953,0.050617155679671,double,1,1,158.40975582341386,180.92472195507895,339.3344777784929,31.141751291560762,18.293409742814543,0.01869792001245441,0.0,0.0,0.0,authored_keyframe,0
39,0.78,trunk_pivot_strike_prep,0.15,transition,nominal,-0.004277806489794574,0.019134700230377524,0.7606797096082686,0.9994983746162519,0.021378641319083146,0.01743971866858875,0.6702954137069468,-0.02208096899652644,0.05710947538249513,-0.023502647152226698,2.1866898736993723,0.39374670666427347,2.2218571224874784,0.015606768563947625,0.03236789618979084,0.06419199438222865,0.06999916714064881,0.05068846052252855,double,1,1,159.0492185428404,180.09606983338824,339.1452883762287,31.871971975001657,18.68600664178893,0.01917397372681659,0.0,0.0,0.0,authored_keyframe,0
40,0.8,trunk_pivot_strike_prep,0.15384615384615385,transition,nominal,-0.005020380404311918,0.020403475497064644,0.7600163884546138,0.999442289693508,0.02092349256143274,0.018595910293294625,0.669793261998921,-0.023838412940040056,0.05835733936443041,-0.023405981331461597,2.2419752468052603,0.4019281209927058,2.2777179855575262,0.014694565836362057,0.03384455925685726,0.06328760188578675,0.06955662715876591,0.05076305593915957,double,1,1,159.8010619790217,179.13289098538718,338.9339529644089,32.57332056515533,18.993585989280625,0.019635822586100127,0.0,0.0,0.0,authored_keyframe,0
41,0.8200000000000001,trunk_pivot_strike_prep,0.1576923076923077,transition,nominal,-0.005795876447859178,0.02169912257335139,0.7593542085760346,0.9993826970592384,0.020433207016202708,0.019773960744413746,0.6692927569182464,-0.025561616032743647,0.059318137217631114,-0.023434511176161684,2.2909062202902772,0.41091545071223934,2.3274670390359398,0.013756506970288716,0.03526787196572163,0.062355506046909835,0.06907775610397965,0.0508429139253323,double,1,1,160.75202221704788,177.75246305155488,338.50448526860276,33.254715486007875,19.324317894155914,0.020081506595349498,0.0,0.0,0.0,authored_keyframe,0
42,0.84,trunk_pivot_strike_prep,0.16153846153846152,transition,nominal,-0.0066037425677045285,0.02301761699660599,0.7586950155553508,0.9993188354158392,0.01990845372139412,0.020971437446999665,0.6687958777497238,-0.02729337841668151,0.06029383140429624,-0.023190642840585807,2.3381818722745225,0.4182530751650654,2.3752957926789295,0.012782063708174786,0.03671435323479717,0.06138361269769175,0.06856172773989579,0.05092683472051622,double,1,1,161.70378352346202,176.82187788168991,338.525661405152,33.88094841185831,19.653515168303013,0.02051176959640889,0.0,0.0,0.0,authored_keyframe,0
43,0.86,trunk_pivot_strike_prep,0.16538461538461538,transition,nominal,-0.007442204172630583,0.024355413031183784,0.7580414356145321,0.9992493365397618,0.01934913888489949,0.02218757957239158,0.6683039837513348,-0.02893974083372414,0.06117386587058509,-0.02313670178505639,2.3845461315445498,0.42490852907310506,2.4221080718133012,0.011795657577172049,0.03815440025091067,0.060393710390037825,0.06800554153106099,0.05101499244995243,double,1,1,161.94101584096882,175.7320294786649,337.67304531963373,34.50149382950047,19.920150096101327,0.020923347123287164,0.0,0.0,0.0,authored_keyframe,0
44,0.88,trunk_pivot_strike_prep,0.1692307692307692,transition,nominal,-0.008309830550244571,0.025706227944439372,0.757393012199091,0.9991743143960304,0.01875751205734998,0.023421044880507405,0.667817229755867,-0.03056729738593911,0.06202737870641477,-0.02277468475871636,2.427372906545025,0.4303923724468037,2.465233624160037,0.010782132728429839,0.03960474171560277,0.05937037899521391,0.06741112219582973,0.051108865050115665,double,1,1,163.13763055582496,174.7418458744352,337.8794764302602,35.08283364825511,20.15994015287167,0.021315903679815538,0.0,0.0,0.0,authored_keyframe,0
45,0.9,trunk_pivot_strike_prep,0.17307692307692307,transition,nominal,-0.009204388950986445,0.027075342307686205,0.7567575616360692,0.9990956058288746,0.018132066913999618,0.024671177020192534,0.6673420489961287,-0.03229245973040395,0.06281661621606537,-0.022271028891154912,2.4692101681239844,0.4353376850173529,2.5072929135550046,0.009709569850954603,0.04105496351422985,0.05828296424090573,0.06677798022346455,0.051204512207824,double,1,1,163.7205651352736,173.48805068202094,337.2086158172945,35.61810438173904,20.362663434502668,0.021692849226030358,0.0,0.0,0.0,authored_keyframe,0
46,0.92,trunk_pivot_strike_prep,0.17692307692307693,transition,nominal,-0.010127201746077468,0.028462727296356637,0.7561372822220426,0.9990124062974177,0.017471776501362266,0.025936788258457424,0.6668799988561341,-0.03402159065773517,0.06359042780114266,-0.021587745554512632,2.509957377000326,0.43934644992075955,2.5481191764547293,0.00860136112013188,0.04251665704063702,0.057150516567844874,0.06610114521886902,0.051302395826711984,double,1,1,165.13011483131584,172.08738390911674,337.2174987404326,36.11449524017934,20.51864692030557,0.02204959573426556,0.0,0.0,0.0,authored_keyframe,0
47,0.9400000000000001,trunk_pivot_strike_prep,0.18076923076923077,transition,nominal,-0.011079747265642835,0.02986898025118778,0.7555359189503233,0.9989254298668147,0.016776471910387145,0.02721790242477555,0.6664350255241241,-0.03576337246632583,0.0643680079229286,-0.020752223869790563,2.5507420674479317,0.4426294405746366,2.5888618959519576,0.007455034901528639,0.043994908894292264,0.05597612141522096,0.0653856569461796,0.05140188775990756,double,1,1,166.3876930260687,170.45372000432843,336.8414130303971,36.57116692977071,20.632825000056414,0.022384531132291777,0.0,0.0,0.0,authored_keyframe,0
48,0.96,trunk_pivot_strike_prep,0.1846153846153846,transition,nominal,-0.01206054145245812,0.03129590888062113,0.7549553916773535,0.998834495065555,0.016046112659675378,0.028514378712346397,0.6660084496419528,-0.03749715698598636,0.06513087277086621,-0.01990448741662799,2.5921008603085762,0.4453854928934939,2.6300865208757753,0.006275906971010098,0.04548478593259162,0.054767665781091775,0.06463403316242185,0.05150277591405858,double,1,1,167.67497672050945,168.611971918378,336.28694863888745,36.99155737858947,20.707308346449718,0.022697483425932842,0.0,0.0,0.0,authored_keyframe,0
49,0.98,trunk_pivot_strike_prep,0.18846153846153846,transition,nominal,-0.013068303104714272,0.032743719421518054,0.7543957720052209,0.9987392344173879,0.015281215739344559,0.029825717304875314,0.6655999070790654,-0.0391907425715854,0.06586016886338104,-0.019089211887228088,2.6332905218267473,0.4478708047468494,2.671105993794925,0.005072864250545584,0.04698088479477394,0.05353459705789322,0.06384734314599234,0.05160501270936321,double,1,1,169.08096169707335,166.68486434534077,335.7658260424141,37.37461379201358,20.750227509144604,0.02298920673025641,0.0,0.0,0.0,authored_keyframe,0
50,1.0,trunk_pivot_strike_prep,0.1923076923076923,transition,nominal,-0.014101716603420978,0.03420920227506366,0.7538549214945446,0.9986396079157039,0.014482544469822271,0.031149773597953893,0.6652067108327211,-0.040837621874067885,0.0664319023308146,-0.018441791448113278,2.6716656083383103,0.45014812543108623,2.7093228780650778,0.003848358503109885,0.04844875358476247,0.05227760921187911,0.06302398780485235,0.05170928695419138,double,1,1,170.75214612114837,164.40397042974575,335.1561165508941,37.72959079697108,20.74684236815015,0.023260442694743488,0.0,0.0,0.0,authored_keyframe,0
51,1.02,trunk_pivot_strike_prep,0.19615384615384615,transition,nominal,-0.015160745525828488,0.03569081018885217,0.7533347039207433,0.9985347604721941,0.013651931498884981,0.03248536204641412,0.6648311643203608,-0.04238454214467707,0.06700154076262824,-0.017565263002210722,2.707455595909454,0.45252224948600916,2.7450122386068325,0.0026180408158637727,0.04992775115717331,0.05101267190726374,0.06216641098792005,0.05181508673280545,double,1,1,172.4950033394075,162.27298927507528,334.76799261448275,38.05167348969572,20.699457019190564,0.023512667658775695,0.0,0.0,0.0,authored_keyframe,0
52,1.04,trunk_pivot_strike_prep,0.2,transition,nominal,-0.016241738087149717,0.03718762405094818,0.7528379142960322,0.9984245317767102,0.012790843965918196,0.03383169518013066,0.6644752479015923,-0.04386164798562257,0.06751488097026706,-0.016646380964349845,2.741121529911853,0.4544048792920742,2.778530373429584,0.001375477836249769,0.051403015932356216,0.049734255560177895,0.06127700406333018,0.05192162218448998,double,1,1,174.3221189648897,159.88740000537516,334.20951897026487,38.34234374969771,20.608175042512862,0.02374756438590618,0.0,0.0,0.0,authored_keyframe,0
53,1.06,trunk_pivot_strike_prep,0.20384615384615384,transition,nominal,-0.017341631305155508,0.038697549834100814,0.7523655016132036,0.9983090688932464,0.011900718879442225,0.035187282067317374,0.6641392081586437,-0.04526383442379951,0.06793851942211555,-0.015732654880500893,2.771925192004912,0.45569599475398637,2.8091329818480104,0.0001234009836000357,0.05286438677558304,0.048445298684303764,0.060357337284718815,0.052028702640389196,double,1,1,176.29005440891254,157.31377161658938,333.6038260255019,38.60396251752865,20.47337664829506,0.02396575616253124,0.0,0.0,0.0,authored_keyframe,0
54,1.08,trunk_pivot_strike_prep,0.2076923076923077,transition,nominal,-0.018458203449411015,0.04021765943774085,0.7519178499258887,0.9981885367971984,0.010983120098840816,0.036549970302041435,0.663822938653078,-0.04658503127008726,0.06823955715704445,-0.01482292014967542,2.7987741547733425,0.4563384704557818,2.835732986203948,-0.0011350770987169998,0.054301174664419305,0.04714913508209279,0.05940911193853378,0.052136204075386355,double,1,1,178.42781087687158,154.57768449604114,333.0054953729127,38.83807334459229,20.29578585715003,0.024168383595831025,0.0,0.0,0.0,authored_keyframe,0
55,1.1,trunk_pivot_strike_prep,0.21153846153846154,transition,nominal,-0.01958951438281164,0.04174424921873584,0.7514955232817924,0.9980630929845195,0.010039706703601728,0.03791695799831775,0.663526575824444,-0.04782155967828196,0.06838587936282968,-0.01389918600227403,2.8205734059279823,0.4562365056629941,2.8572339924003,-0.002397372316803875,0.05570225381964369,0.045848578714184275,0.05843412299012253,0.05224399845414457,double,1,1,180.7417520258453,151.68646661219816,332.42821863804346,39.04540600935738,20.264251067287542,0.0243567734645563,0.0,0.0,0.0,authored_keyframe,0
56,1.12,trunk_pivot_strike_prep,0.2153846153846154,transition,nominal,-0.020733652344621573,0.0432729513266559,0.7510994980173487,0.9979329148551247,0.009072177450033123,0.039284789303749464,0.6632506612597228,-0.04897200482957612,0.06834581945866854,-0.012942409500748755,2.8363327854996436,0.4552702824457652,2.87263897839224,-0.0036614525303193327,0.05705597058822601,0.04454593470574928,0.05743424361708669,0.05235200409567247,double,1,1,183.22446329470603,148.63912392662863,331.8635872213347,39.22369847719503,20.44641810076193,0.024532103896278645,0.0,0.0,0.0,authored_keyframe,0
57,1.1400000000000001,trunk_pivot_strike_prep,0.2192307692307692,transition,nominal,-0.02188875835725464,0.04479935672254417,0.7507313572132511,0.9977981859667466,0.00808211007901333,0.040649117891787,0.6629963707909751,-0.05004909765760452,0.06806981734897298,-0.01191349544239268,2.844830590301204,0.45359080625653975,2.8807647781507524,-0.004929089057218268,0.05834514020078921,0.04324017454347998,0.05641172164630715,0.05246078343795656,double,1,1,185.85580881451733,145.47008704569117,331.32589586020845,39.370981553105494,20.599593643001562,0.024694730165225335,0.0,0.0,0.0,authored_keyframe,0
58,1.16,trunk_pivot_strike_prep,0.22307692307692306,transition,nominal,-0.023053163740684397,0.04631854166865195,0.7503930320840696,0.9976591189916193,0.007070907621676291,0.042004867373967754,0.6627651961428297,-0.051060267482176715,0.06751840428185941,-0.010804998206429375,2.8452780153856705,0.4512259280091227,2.8808352648051074,-0.00620084961086207,0.05955447912776454,0.04193163619807829,0.055368829075276585,0.05257119105101617,double,1,1,188.6182782670091,142.18719439282245,330.8054726598315,39.488944799735684,20.72375885482243,0.02484439366776798,0.0,0.0,0.0,authored_keyframe,0
59,1.18,trunk_pivot_strike_prep,0.2269230769230769,transition,nominal,-0.02422537117295518,0.047824490751067816,0.7500861298977525,0.9975160455627265,0.006039988587310269,0.043346492955867295,0.662558289980717,-0.051993718903360124,0.06668209120811691,-0.009658060042028334,2.837549837592703,0.44779429607785176,2.8726658024250282,-0.007472284825556679,0.060676021736459626,0.0406254400341771,0.05430763669389329,0.05268378100398776,double,1,1,191.50359921182672,138.7166478532215,330.2202470650482,39.580914660475365,20.819970485672965,0.024981260499699214,0.0,0.0,0.0,authored_keyframe,0
60,1.2,trunk_pivot_strike_prep,0.23076923076923075,load,nominal,-0.02540379288505503,0.049310218483310034,0.7498115107755573,0.9973694937886979,0.004991065301911752,0.04466803755510166,0.6623761646285005,-0.052835836416637735,0.06553592801299181,-0.008491324295599312,2.820961311267253,0.4431706396023494,2.855560003829759,-0.008738172621514008,0.06169735722230274,0.03932725393586594,0.05323017690715281,0.0527985634102144,double,1,1,194.517275143988,135.10885876824608,329.62613391223414,39.64905290954549,20.887892140211868,0.025106604557866046,0.0,0.0,0.0,authored_keyframe,0
61,1.22,trunk_pivot_strike_prep,0.23461538461538461,load,nominal,-0.026586566550258244,0.05076820892492597,0.7495699002912645,0.9972199949415316,0.003926048671334498,0.0459630290547536,0.6622192441685132,-0.05357981166103687,0.0640541478449702,-0.007299507983793014,2.7948972512864048,0.43724689182175536,2.828892979533882,-0.00999485978658603,0.06260534079226152,0.03804111174239386,0.05213857951008103,0.05291541577259607,double,1,1,197.64953051266144,131.40368681321536,329.0532173258768,39.70272928641141,20.92889401336762,0.02521164224426492,0.0,0.0,0.0,authored_keyframe,0
62,1.24,trunk_pivot_strike_prep,0.23846153846153845,load,nominal,-0.027773745993342435,0.05219233005417985,0.7493570724301795,0.9970679916436616,0.002847475223964181,0.047224367176038264,0.662084535174681,-0.054187410749259084,0.06220722658441935,-0.006333031760165334,2.7586892505960807,0.4305287215550337,2.7920819045003276,-0.011229865352799342,0.06338517469306366,0.03678043235594415,0.05103617626077862,0.05303453863903254,double,1,1,200.694616060922,127.67174594849973,328.3663620094217,39.75927016320857,20.942578854802132,0.02529721251594713,0.0,0.0,0.0,authored_keyframe,0
63,1.26,trunk_pivot_strike_prep,0.2423076923076923,load,nominal,-0.02896877751734972,0.053578337819626655,0.7491619128114205,0.9969130339364596,0.0017585490513170544,0.048444606782267946,0.6619640067345662,-0.0546316991510137,0.0599896727392464,-0.005827221405071478,2.71220300452281,0.42347687607280177,2.7450642619638135,-0.012432921241502956,0.06402789765158028,0.03555679218782354,0.049927445969332844,0.05315653902158374,double,1,1,203.5731057576042,124.08578514140541,327.65889089900963,39.82845338564281,20.92625793128765,0.025390039785858097,0.0,0.0,0.0,authored_keyframe,0
64,1.28,trunk_pivot_strike_prep,0.24615384615384614,load,nominal,-0.030175474093075534,0.05492206206308283,0.7489734851087295,0.9967539233836863,0.0006621412828180936,0.04961657003313509,0.6618495446686194,-0.054966504546491324,0.05742008151300625,-0.005638730981399298,2.6568889935092987,0.41575171535073874,2.689220818870763,-0.013615065627749319,0.06453107826586148,0.03436034941710917,0.04881652127673044,0.053282127579423175,double,1,1,206.4277656098938,120.9820353796349,327.4098009895287,39.895697489531685,20.864891567726346,0.02551967348579179,0.0,0.0,0.0,authored_keyframe,0
65,1.3,trunk_pivot_strike_prep,0.25,load,nominal,-0.03139638696818551,0.0562204077464638,0.7487876807174267,0.9965891862190492,-0.00044124814570229164,0.050733483849658596,0.6617385420236818,-0.05533418042405249,0.054539124296091236,-0.005445000630058915,2.5967668002160798,0.40671716818518544,2.628424750606537,-0.014812751257587593,0.06489849340675453,0.03315825153517378,0.04770804470178163,0.0534127779402904,double,1,1,209.1703940440505,118.350341696426,327.52073574047654,39.94601685166053,20.760828086430944,0.025707617369692196,0.0,0.0,0.0,authored_keyframe,0
66,1.32,trunk_pivot_strike_prep,0.25384615384615383,load,nominal,-0.032634411194125724,0.05747036679727975,0.7486052106881377,0.9964182164699539,-0.0015524016738985584,0.051789372302522334,0.6616317852756499,-0.05568670339614678,0.05115297092650166,-0.005608529820392604,2.5280174188451787,0.3989003256882914,2.559295516312812,-0.016014296058284232,0.06507385168216911,0.03196421646825838,0.04660245159093096,0.05354929449216431,double,1,1,211.3931120018301,107.70277919748541,319.09589119931553,40.107800940730336,21.214538513765856,0.02596615322979147,0.0,0.0,0.0,authored_keyframe,0
67,1.34,trunk_pivot_strike_prep,0.2576923076923077,load,nominal,-0.03388252876818501,0.05868250865461832,0.7483960447323813,0.996256488605081,-0.0026645495775298703,0.05276168938601276,0.6615033623435586,-0.0554924230877029,0.046652938109471895,-0.006862187037613016,2.4279575600476435,0.3989243934032362,2.4605118542784234,-0.017074590464869373,0.06487632969662814,0.030949262238852287,0.0455327442512493,0.05373373400210994,double,1,1,215.31926774857556,111.37030782974816,326.6895755783237,40.17854761734837,21.75079905881301,0.02631959961028532,0.0,0.0,0.0,authored_keyframe,0
68,1.36,trunk_pivot_strike_prep,0.26153846153846155,load,nominal,-0.035143127422730805,0.05983326774057478,0.7481774317862957,0.9960756785638656,-0.0037748530372145018,0.0536508350271877,0.6613714943225947,-0.055593733868072474,0.04276188694759232,-0.0061106539291558015,2.3473163987022616,0.3877487307860676,2.379126594749166,-0.01820976289967747,0.06475395656067084,0.029867977890639226,0.04447444197922408,0.053929535146824886,double,1,1,218.25321265073617,111.22647648157472,329.4796891323109,40.14846315969364,22.135211335195173,0.026765552723468047,0.0,0.0,0.0,authored_keyframe,0
69,1.3800000000000001,trunk_pivot_strike_prep,0.26538461538461533,load,nominal,-0.036422194763431975,0.06090037365957579,0.747987634956877,0.9958796037781401,-0.004892029879829098,0.05446490977845025,0.6612670583541947,-0.05611200668549542,0.0390904191953194,-0.0044050214409290765,2.2847861132046585,0.37010394561467097,2.314567889186316,-0.019460358884703034,0.06461393351534434,0.028664119892073715,0.04339989773545267,0.054111656086230045,double,1,1,219.89485929086163,110.36357246819139,330.258431759053,40.04419319826608,22.411302965208822,0.02728792206871273,0.0,0.0,0.0,authored_keyframe,0
70,1.4000000000000001,trunk_pivot_strike_prep,0.2692307692307692,load,nominal,-0.03772939642706071,0.061885483002436986,0.7478358968439347,0.9956787744668386,-0.006022721197009755,0.055206440712747475,0.6611982855627563,-0.05688907811427467,0.0354960973484741,-0.00265339230975736,2.237431762546234,0.3502519308728638,2.264680398451604,-0.02079203274813012,0.06442179343010791,0.027373823608481458,0.042304003962080526,0.0542813161686382,double,1,1,220.66968280174464,109.23455575874624,329.90423856049085,39.8976771351603,22.625957778119645,0.027880881465863414,0.0,0.0,0.0,authored_keyframe,0
71,1.42,trunk_pivot_strike_prep,0.27307692307692305,load,nominal,-0.039073684524937126,0.06279537099847614,0.7477156601008165,0.9954775105462245,-0.007170405486994291,0.055876535645134,0.6611605291136226,-0.05777553333755807,0.0319491118699337,-0.0013024976396787244,2.2016402235321126,0.3309866168508663,2.2263808781088903,-0.022169426681734168,0.06417079756549493,0.026035874067334326,0.04118703680523155,0.054442532148675754,double,1,1,220.96123708772,108.1251697462888,329.0864068340088,39.73629512975502,22.81343785702832,0.028543583618826505,0.0,0.0,0.0,authored_keyframe,0
72,1.44,trunk_pivot_strike_prep,0.2769230769230769,load,nominal,-0.040460220080655966,0.06363604848953851,0.7476146450016437,0.995276385815218,-0.00833600260489421,0.05647622472107239,0.6611439820898346,-0.058663066614433344,0.02846036067093048,-0.0004778134256072695,2.1739794557246768,0.3140643860764158,2.1965479991374006,-0.023565244431135557,0.06386468461813832,0.024680080943149628,0.040050989311807145,0.054598416496811734,double,1,1,221.03446935966178,107.1976677752246,328.2321371348864,39.579108552194484,22.99454190988512,0.02927588017445278,0.0,0.0,0.0,authored_keyframe,0
73,1.46,trunk_pivot_strike_prep,0.28076923076923077,load,nominal,-0.04188987963900644,0.06441199450423016,0.747520745275168,0.9950742802964169,-0.009518772310194901,0.05700689865619069,0.661138561800867,-0.05948876790310833,0.02505067136735979,-0.00012057461968799723,2.1521091686140426,0.3005287287453706,2.1729913461479624,-0.024962307244436235,0.06351015854918649,0.02332496056177791,0.038898277103703846,0.0547508211326485,double,1,1,221.0340843146983,106.5239376757176,327.5580219904159,39.43688870856729,23.179299957128517,0.030075620819859296,0.0,0.0,0.0,authored_keyframe,0
74,1.48,trunk_pivot_strike_prep,0.2846153846153846,load,nominal,-0.04336023820478954,0.06512654746383847,0.7474247532901775,0.9948695784398778,-0.010717146532554702,0.05747033960580147,0.6611363562208394,-0.06022715310034074,0.02173741883155792,-9.479616671382184e-05,2.1348316141343253,0.2909291570619406,2.1545639454739187,-0.026352343296974452,0.0631134557600015,0.021979232294037053,0.03773117040821936,0.05490066929036181,double,1,1,221.0140860337135,106.11643769693545,327.130523730649,39.31394826035943,23.37051385637551,0.03093764050427783,0.0,0.0,0.0,authored_keyframe,0
75,1.5,trunk_pivot_strike_prep,0.28846153846153844,load,nominal,-0.04486705829366623,0.0657823360080991,0.747320998849459,0.99466075825086,-0.011929345661562049,0.05786860072928431,0.6611323465773411,-0.060877958162067834,0.01853084248810861,-0.0002563566284083415,2.1217082137954693,0.28542477811294076,2.1408206483608065,-0.027733445957411094,0.06267926294743881,0.02064472733215284,0.03655156012822886,0.055048347815153595,double,1,1,220.9734606150166,105.95496448835047,326.9284251033671,39.2104436491617,23.566931961438858,0.0318539410649344,0.0,0.0,0.0,authored_keyframe,0
76,1.52,trunk_pivot_strike_prep,0.2923076923076923,load,nominal,-0.04640566203829306,0.06638153392968299,0.7472068578798683,0.9944466181042084,-0.013153749549302209,0.05820387012793072,0.6611241323989071,-0.06145430576579382,0.015435069870123367,-0.0004883680504874047,2.1126584010678053,0.2838270513045193,2.131638645421544,-0.02910737230141222,0.062210835608899034,0.01931938670553471,0.03536090689288675,0.05519399870070858,double,1,1,220.8858244176831,106.00676652647553,326.89259094415866,39.12439580187694,23.765589066864777,0.03281447879558724,0.0,0.0,0.0,authored_keyframe,0
77,1.54,trunk_pivot_strike_prep,0.29615384615384616,load,nominal,-0.04797188909217934,0.06692597505450419,0.7470818348569628,0.9942263129384422,-0.014389058072932288,0.05847837626180309,0.661111232688252,-0.06197343905847359,0.012450731626905144,-0.0007123435791875778,2.1076864199660026,0.28565174988910286,2.1269553279567983,-0.03047729158829012,0.06171057187485763,0.017999704108013537,0.03416029316569543,0.05533769225341381,double,1,1,220.71929130168297,106.23919120445927,326.9584825061422,39.05312335962552,23.96326386920287,0.033808110498126084,0.0,0.0,0.0,authored_keyframe,0
78,1.56,trunk_pivot_strike_prep,0.3,load,nominal,-0.04956257977677863,0.06741720370484588,0.7469466492861547,0.9939993046997261,-0.015634301075115535,0.05869434696732007,0.661094334966792,-0.06245060971986891,0.009577549339419986,-0.0008851999200294522,2.1067253466467775,0.290212909625672,2.126620610056571,-0.03184620035687437,0.0611806359876073,0.016682409401045095,0.03295052835703138,0.05547950934756775,double,1,1,220.44720100317454,106.62580445054813,327.07300545372266,38.99407481722496,24.15721678699856,0.03482343101373518,0.0,0.0,0.0,authored_keyframe,0
79,1.58,trunk_pivot_strike_prep,0.3038461538461539,load,nominal,-0.0511756594685891,0.06785651638691804,0.7468025296777231,0.9937652858767156,-0.016888758234006054,0.05885401342401543,0.6610746825672605,-0.0628957980091517,0.006816256735949647,-0.000990142894672525,2.109554720658978,0.296742423477397,2.1303232584154492,-0.03321598372103719,0.06062345691989335,0.01536544044527357,0.03173227366183331,0.05561956730959414,double,1,1,220.05212943133068,107.14786159441029,327.199991025741,38.94519235674742,24.345436604146396,0.03584938357500577,0.0,0.0,0.0,authored_keyframe,0
80,1.6,trunk_pivot_strike_prep,0.3076923076923077,load,fall,-0.0528099546408464,0.06824502204807674,0.7466507641632482,0.9935241063045005,-0.018151838046673554,0.058959644019655234,0.6610536600021696,-0.06331255211632468,0.00416975048204468,-0.0010267195830553505,2.1157628375163955,0.30449855980665,2.137562106124581,-0.03458698810002518,0.06004205931593847,0.014048364626310964,0.030506164892030625,0.055758017057629346,double,1,1,219.52548282269993,107.79312072398282,327.31860354668277,70.26684719001874,50.0,0.7451222408372503,0.0,0.0,0.0,authored_keyframe,0
81,1.62,trunk_pivot_strike_prep,0.31153846153846154,load,fall,-0.06241415421204957,0.06697849128055662,0.7292571933655023,0.9940755670393316,-0.01915252099915067,0.05909248513178508,0.6596930672649668,-0.05762189558991518,0.00796754476436069,-0.12613903067728252,4.631277814081609,0.7181727250561982,4.686630586489527,nan,nan,-999.0,-999.0,0.0,no_contact,0,0,0.0,0.0,0.0,79.33573897113043,56.368783025677175,0.6105218374227515,0.0,0.0,0.0,authored_keyframe,0
82,1.6400000000000001,trunk_pivot_strike_prep,0.3153846153846154,load,fall,-0.08787796091294309,0.0640749543089003,0.701979433601774,0.991160655145691,-0.020174546957509688,0.05920001399799831,0.6542840694098742,-0.05982851507850355,0.005904977496807613,-0.36296379639831244,12.266506454631482,0.6094558033692572,12.281637389932023,nan,nan,-999.0,-999.0,0.0,no_contact,0,0,0.0,0.0,0.0,56.664681969828436,31.5285729192056,0.48893491096107944,0.0,0.0,0.0,authored_keyframe,0
83,1.6600000000000001,trunk_pivot_strike_prep,0.3192307692307692,load,fall,-0.11335142924003502,0.06134011743913951,0.6787344029861709,0.9918718788060947,-0.02116439163753511,0.05931387812529929,0.6447763550707656,-0.05470301262236111,0.0059031104447925834,-0.5666885840219525,18.982890328246715,0.6371128839893437,18.993578863426134,nan,nan,-999.0,-999.0,0.0,no_contact,0,0,0.0,0.0,0.0,59.503277201709146,40.99548534872568,0.40699008306197004,0.0,0.0,0.0,authored_keyframe,0
84,1.68,trunk_pivot_strike_prep,0.32307692307692304,load,fall,-0.13411354709945425,0.05925106405005805,0.6585495381021272,0.9937455637933891,-0.022071144463336544,0.05943240278205545,0.6313413457273184,-0.04750564434474234,0.006143712430468288,-0.7610664424280907,25.425034601388425,0.6760110515300041,25.43402004055964,nan,nan,-999.0,-999.0,0.0,no_contact,0,0,0.0,0.0,0.0,62.35048056142461,45.97038071645712,0.3450925153013372,0.0,0.0,0.0,authored_keyframe,0
85,1.7,trunk_pivot_strike_prep,0.3269230769230769,load,fall,-0.1493908824257275,0.05761950854609708,0.6380698783615661,0.9951838521784844,-0.022914354951432424,0.05955341682615628,0.6140088318150825,-0.04297199135737989,0.006216537337030089,-0.9548416768476364,31.868409297073665,0.6874965271621531,31.875824108572807,nan,nan,-999.0,-999.0,0.0,no_contact,0,0,0.0,0.0,0.0,57.23019363901136,43.74189996700164,0.2961126726362318,0.0,0.0,0.0,authored_keyframe,0
86,1.72,trunk_pivot_strike_prep,0.33076923076923076,load,fall,-0.15998115587864156,0.05618232570052971,0.6149692462462985,0.9956333440290209,-0.023723626611130293,0.05967458396433726,0.5927717390873958,-0.04073196600734313,0.0061763939648138925,-1.1495813953105507,38.352961082735476,0.6894026182940942,38.359156661531706,nan,nan,-999.0,-999.0,0.0,no_contact,0,0,0.0,0.0,0.0,46.63966185892193,29.314656734033612,0.25647298879323277,0.0,0.0,0.0,authored_keyframe,0
87,1.74,trunk_pivot_strike_prep,0.3346153846153846,load,fall,-0.1658002252982604,0.054835135284674826,0.5876329523742839,0.9952911862804162,-0.024517839696628588,0.059795897670893466,0.5676223341706067,-0.039941579322447705,0.006159410499403526,-1.3449426723916196,44.86216444731484,0.6911834164574739,44.86748860158217,nan,nan,-999.0,-999.0,0.0,no_contact,0,0,0.0,0.0,0.0,27.78081662567338,16.883002027257447,0.22422126388213126,0.0,0.0,0.0,authored_keyframe,0
88,1.76,trunk_pivot_strike_prep,0.3384615384615384,load,fall,-0.1690765067949936,0.05357564434438231,0.556544959866962,0.9948768912377794,-0.025310370132058807,0.05991599844555785,0.5385531565819194,-0.040212734980032895,0.006045540030928344,-1.5409545924399919,51.395072143253124,0.6936509730842632,51.39975284262225,nan,nan,-999.0,-999.0,0.0,no_contact,0,0,0.0,0.0,0.0,13.92718964090564,10.676167090853486,0.1951208184778839,0.0,0.0,0.0,authored_keyframe,0
89,1.78,trunk_pivot_strike_prep,0.3423076923076923,load,fall,-0.17104638872519543,0.05237240973640832,0.5216007548771538,0.99440100863447,-0.02610526062330839,0.0600355794116718,0.5055606844336303,-0.04049446527778455,0.006029260191465532,-1.7372829164018797,57.93907820114879,0.6949988610293536,57.94324642454604,nan,nan,-999.0,-999.0,0.0,no_contact,0,0,0.0,0.0,0.0,6.065901168691615,2.6751819657534037,0.16832697938738322,0.0,0.0,0.0,authored_keyframe,0
90,1.8,trunk_pivot_strike_prep,0.34615384615384615,load,fall,-0.17181124136647774,0.05123020826457592,0.48245091958693875,0.9940309977853604,-0.02690112982656057,0.06015528150960853,0.4686425865508556,-0.04058180653150963,0.006030052384709922,-1.9337260615234977,64.48714479281118,0.6956151672516666,64.4908964427531,nan,nan,-999.0,-999.0,0.0,no_contact,0,0,0.0,0.0,0.0,70.37206336555917,50.49607508860068,0.14428996476177183,0.0,0.0,0.0,authored_keyframe,0
91,1.82,trunk_pivot_strike_prep,0.35,load,fall,-0.17175062043915534,0.05019593346641054,0.4393323579907198,0.9937856061245467,-0.027230908352751614,0.06030504031928557,0.42930648719919695,0.02735373841786744,0.013593397202638774,-1.894000099621644,63.156337899228575,1.87461291795659,63.184153000841164,-0.021508670428354255,0.0631486974386915,-0.05732830309986229,-0.0591639339107311,0.009311694719912668,single_left,1,0,695.6322711741741,0.0,695.6322711741741,153.2631392461292,108.0928101785711,0.12347261232565462,0.0,0.0,0.0,authored_keyframe,0
92,1.84,trunk_pivot_strike_prep,0.35384615384615387,load,fall,-0.17177703854857765,0.047832397821060454,0.39722819295994166,0.9929273929731136,-0.02570159575132839,0.06027139764339157,0.3970895936801078,0.06756467116953603,-0.01643433961579829,-1.366638770569532,45.62423853111133,2.987705544919697,45.72195890342941,-0.01210815443422567,0.0569649472857464,0.08087347874755735,0.08100209680695551,0.055972819458310084,double,1,1,581.5652181333589,581.2408631931316,1162.8060813264906,184.93900479674542,127.10337780204003,0.114891398994996,0.0,0.0,0.0,authored_keyframe,0
93,1.86,trunk_pivot_strike_prep,0.3576923076923077,load,fall,-0.17332145144883176,0.04481191101558917,0.3650455717159195,0.9883900850500257,-0.025799842212551088,0.059692214741696406,0.37512048880112486,-0.06924965079495526,-0.03563862383404543,-0.8773854080296138,29.36805396561197,2.3024787673154545,29.458173775728792,-0.03934139530624617,0.052723193074512634,0.0673238495171146,0.0814190368709807,0.05594228055130222,double,1,1,628.2139544928126,521.2168290531845,1149.4307835459972,185.29916463070683,126.34278057246664,0.1226324449107042,0.0,0.0,0.0,authored_keyframe,0
94,1.8800000000000001,trunk_pivot_strike_prep,0.36153846153846153,load,recovery,-0.17618305317745117,0.04187332674365748,0.34599726316368834,0.9847406690884208,-0.02852250151736303,0.05893224908234774,0.3629518077598164,-0.18802890218709678,-0.03823606282448697,-0.39174433709663037,14.543790240019092,1.6451377204349327,14.636540324300427,-0.0646896766073596,0.051577579864796844,0.04225155288685125,0.0789228485740454,0.05590702582099056,double,1,1,624.2194105843736,490.5638264636847,1114.7832370480583,167.02133855154227,114.48988114807139,0.1313868296156474,0.0,0.0,0.0,authored_keyframe,0
95,1.9000000000000001,trunk_pivot_strike_prep,0.36538461538461536,load,recovery,-0.18090998695127897,0.03927846861409839,0.3398525351804308,0.9818555022793559,-0.03327354955718099,0.05821500420644568,0.36005706474667976,-0.27386796029085697,-0.0333721627391711,0.046651343972865425,9.329189280797321,1.14378938690535,9.39904393002506,-0.08574129368679238,0.051821550610081216,0.021276710240715795,0.0741030957372846,0.05588335525476219,double,1,1,567.9816746023737,432.01071383382464,999.9923884361982,137.91354760136963,95.95202917326769,0.13291457339819843,0.0,0.0,0.0,authored_keyframe,0
96,1.92,trunk_pivot_strike_prep,0.3692307692307692,load,recovery,-0.1870348531237482,0.03713683930894085,0.34432363604955674,0.9800263934793979,-0.039402051962061396,0.05762109323741267,0.36499641561337093,-0.32868971603033686,-0.026647569644641555,0.3949452370179111,17.154617395925815,0.7617694879987178,17.171522668460316,-0.10280302340401273,0.05248104254631835,0.004119915411939083,0.06772723326926657,0.055869664256978674,double,1,1,478.90953026503325,346.54986435121305,825.4593946162463,104.53418836723581,74.48538477666165,0.12677284969554323,0.0,0.0,0.0,authored_keyframe,0
97,1.94,trunk_pivot_strike_prep,0.37307692307692303,load,recovery,-0.19396488493805064,0.0354992363157824,0.3562993772230077,0.9792525939928457,-0.046306437972006446,0.05716927394532278,0.3756582577348006,-0.35462203225147504,-0.018999448547328858,0.6278729355055809,24.050548800514207,0.48006919582948043,24.055339615950132,-0.11570135815806246,0.0534513289345458,-0.008862286065643423,0.06059010117240082,0.05585098242689292,double,1,1,375.04835446843873,248.2729173300795,623.3212717985183,73.30393333953744,53.330194704621405,0.1151948226515288,0.0,0.0,0.0,authored_keyframe,0
98,1.96,trunk_pivot_strike_prep,0.3769230769230769,load,recovery,-0.2011227985714133,0.03440795136816,0.3723884329000927,0.9792303812656565,-0.05341003977607715,0.056878911378290854,0.3896323604228744,-0.3522490679873132,-0.010651039863567309,0.7390114571440716,27.297636961389117,0.38021063994230314,27.30028468361681,-0.12361096867255623,0.054756228992193574,-0.016682724654605824,0.053431382633231383,0.05582693869847896,double,1,1,271.4433826612145,157.0903417764659,428.5337244376804,48.524833052890244,35.09230417470067,0.10158388548509033,0.0,0.0,0.0,authored_keyframe,0
99,1.98,trunk_pivot_strike_prep,0.38076923076923075,load,recovery,-0.20804447417140298,0.03385642128925308,0.3894052835000314,0.9796029957073366,-0.06027822791226642,0.05675347426808319,0.40464927719785415,-0.3357269915295558,-0.002913252358707301,0.7464357728592903,27.288608859231548,0.452246978208256,27.292356087399803,-0.12846358818478593,0.0561617995840245,-0.021264479095578055,0.046704656555209445,0.05575018412188752,double,1,1,182.89272774560058,88.19737862585309,271.09010637145366,31.64147805853597,22.546410289486996,0.087795253454232,0.0,0.0,0.0,authored_keyframe,0
100,2.0,trunk_pivot_strike_prep,0.3846153846153846,load,recovery,-0.21445694933472695,0.03392486285564263,0.4049497043377463,0.980449158970936,-0.0667893117770845,0.05674470988463802,0.418936838691095,-0.31745513083532145,0.0007416290073024179,0.6796969155033379,25.01177291317375,0.6135020728643373,25.019295934409925,-0.13239207351006416,0.056897969058406314,-0.024799615758353825,0.040521641759030454,0.05566375706802609,double,1,1,137.46986137056962,37.23367630959855,174.70353768016815,22.505806792534457,13.953573740374205,0.07542651581431126,0.0,0.0,0.0,authored_keyframe,0
101,2.02,trunk_pivot_strike_prep,0.38846153846153847,load,recovery,-0.22018700941509953,0.034444838684412074,0.4175697105475308,0.9818702357991443,-0.07291310046738078,0.05675475571335882,0.43132710279688236,-0.29708152182138625,-0.0006176117909588311,0.5644389149481165,21.266555394584188,0.8250493763472035,21.28255353157437,-0.1352068554572356,0.056625251335742345,-0.02726208920261916,0.0347797899469681,0.05558544976243076,double,1,1,101.97826235883883,6.233706993683363,108.2119693525222,18.6746213477046,9.185580560083322,0.06486199982572667,0.0,0.0,0.0,authored_keyframe,0
102,2.04,trunk_pivot_strike_prep,0.3923076923076923,load,recovery,-0.2253280202843326,0.035141628403257574,0.42657831643061167,0.9829184114175155,-0.07862844963868341,0.056694201547232634,0.4410998173718568,-0.27749781780149574,-0.005590761960496848,0.42429632620438285,16.90444129083477,1.0187606712658985,16.93511171089809,-0.13747127366783257,0.05550869232472154,-0.05964365229441643,-0.054655778061238294,0.009288568555782504,single_left,1,0,81.85358644762553,0.0,81.85358644762553,17.572210742443566,7.6606474872399914,0.056108708525454874,0.0,0.0,0.0,authored_keyframe,0
103,2.06,trunk_pivot_strike_prep,0.39615384615384613,load,recovery,-0.22996949458190927,0.03583525119794282,0.4318591723263905,0.9831910104812676,-0.08398387308148826,0.056511127983374355,0.44794721257706166,-0.2601070403446541,-0.012600899057797788,0.2749338012015072,12.625822101983466,1.189042890950999,12.681687850891748,-0.13956547033657551,0.05381847462207167,-0.06216984257463345,-0.05422147697303806,0.00927220238630914,single_left,1,0,76.9393213909138,0.0,76.9393213909138,18.747816776416077,8.89212622078259,0.04901970596142631,0.0,0.0,0.0,authored_keyframe,0
104,2.08,trunk_pivot_strike_prep,0.4,load,recovery,-0.2342677613014135,0.03645292279705743,0.4335918172023581,0.9827066883905394,-0.08898937736454654,0.05616526354174379,0.45180564663832845,-0.24259486615481435,-0.021656586902879527,0.12634179925132272,9.148090458844079,1.3612685224622114,9.248816736936707,-0.14105162690987455,0.051517635793025165,-0.06492235293480084,-0.05399584454778809,0.009258118174477772,single_left,1,0,82.83468877996566,0.0,82.83468877996566,21.696465951758615,12.562058212053365,0.04346037357573471,0.0,0.0,0.0,authored_keyframe,0
105,2.1,trunk_pivot_strike_prep,0.40384615384615385,load,recovery,-0.23833220523392537,0.03692702160742809,0.4320159849050028,0.9815032949045748,-0.0936504675885093,0.055612192223725106,0.45275552229993754,-0.2257332962329465,-0.033099301694695465,-0.015730258196362264,7.624742739697233,1.5310564028512068,7.7769425583115455,-0.14214502473781684,0.048501429193094685,-0.06807708542227889,-0.05403740617376565,0.00924795631128747,single_left,1,0,97.49181488216823,0.0,97.49181488216823,26.63414085493009,18.31980056221178,0.039418203184594186,0.0,0.0,0.0,authored_keyframe,0
106,2.12,trunk_pivot_strike_prep,0.4076923076923077,load,recovery,-0.24221676897917196,0.03717514650432887,0.4274084400398252,0.9795567728452588,-0.09798995744166751,0.05479979115987891,0.45098113582240923,-0.21041636073881725,-0.04735449474877884,-0.1464861553933728,8.69275167673975,1.6869239149171178,8.854922021575403,-0.14310529273178538,0.04464652218125066,-0.07189779674602731,-0.05443242374646626,0.00924240916130303,single_left,1,0,119.55943745455228,0.0,119.55943745455228,34.3315805480191,26.223993907182017,0.0369061712749526,0.0,0.0,0.0,authored_keyframe,0
107,2.14,trunk_pivot_strike_prep,0.4115384615384616,load,recovery,-0.24580398179356688,0.0370013492910294,0.42018711653671004,0.9763275749399948,-0.10195684893733042,0.05361061467647551,0.4471453398356173,-0.19029988088427338,-0.06922038903456748,-0.22236220826085953,10.027342702522672,1.813232036513714,10.189966245875123,-0.14258512242214463,0.03883233481968526,-0.031317287504563626,0.010272712066832432,0.05426810529093032,double,1,1,145.11332674375333,76.53294206130623,221.64626880505955,44.240705884498226,34.01434391876175,0.03592331844721445,0.0,0.0,0.0,authored_keyframe,0
108,2.16,trunk_pivot_strike_prep,0.4153846153846154,load,recovery,-0.249196823797914,0.036259839693360114,0.4114273129907904,0.9713323383598369,-0.10567500460085566,0.052022721770006324,0.44211262230470827,-0.18453473175202187,-0.08740467274021173,-0.27146659126990813,11.325527786968903,1.808782689166331,11.469057261607535,-0.1448501007688852,0.033467480555391844,-0.033749132005572745,0.006672132074148024,0.054264530133948885,double,1,1,174.3072201094869,92.16007325108652,266.4672933605734,53.70309015223779,40.8390150590061,0.036926609682537366,0.0,0.0,0.0,authored_keyframe,0
109,2.18,trunk_pivot_strike_prep,0.41923076923076924,load,recovery,-0.2526776933189438,0.03502462328161454,0.40211655379539446,0.9652788269123495,-0.1093864857843865,0.05009501674416337,0.43641517660853973,-0.18791016145993153,-0.1035483103133314,-0.2913925073849201,12.0647987059015,1.7101549983763853,12.185401016478458,-0.1490202831405729,0.028254725002361064,-0.038120106708906934,0.0030021730335647004,0.05429846141702882,double,1,1,198.98858667393276,116.74461051181753,315.73319718575027,61.8217557930335,46.36711138509977,0.03975811037695623,0.0,0.0,0.0,authored_keyframe,0
110,2.2,trunk_pivot_strike_prep,0.4230769230769231,load,recovery,-0.25643133947323776,0.033394901098826084,0.3930004385895425,0.9586093182214923,-0.11323541572022466,0.04786343331162586,0.4306304100581015,-0.19732711035236442,-0.1179944907744586,-0.2836473199866601,12.173694745775654,1.5611198688523986,12.273383356200176,-0.15457866443966478,0.023141662588378294,-0.04391072924714236,-0.0008734997755299052,0.05432892454007728,double,1,1,218.34885164295432,140.02091517601613,358.36976681897045,68.08040092544768,50.31622063624418,0.043635034177690046,0.0,0.0,0.0,authored_keyframe,0
111,2.22,trunk_pivot_strike_prep,0.42692307692307696,load,recovery,-0.260588580854681,0.031461538477315844,0.38466079602173275,0.9516786312721618,-0.11732457395826816,0.045364204157131584,0.4252581537163888,-0.21100803453484196,-0.13008591202582329,-0.25297471714895675,11.808740746889859,1.3935453052279045,11.890682341437753,-0.16125756917974982,0.018279625297320926,-0.050834219745965,-0.0050490595194670135,0.054336471797913705,double,1,1,231.546353144432,162.41186510219174,393.95821824662374,72.34105427436312,52.584999890650565,0.04778717664254908,0.0,0.0,0.0,authored_keyframe,0
112,2.24,trunk_pivot_strike_prep,0.4307692307692308,load,recovery,-0.2652260280021009,0.029358901511122325,0.3775165924860958,0.9447573499807247,-0.12172432787574324,0.04267668482782717,0.4206961630576527,-0.22818364106052902,-0.13746545690279158,-0.2059619870826923,11.226852504796433,1.2231923269890483,11.293290779629242,-0.1689778600811927,0.014209576648193025,-0.0587675993079547,-0.009585938674706414,0.054314002739149006,double,1,1,238.52459030839876,175.1181870276339,413.6427773360327,74.31870273989148,53.14213564041364,0.05168925119051529,0.0,0.0,0.0,authored_keyframe,0
113,2.2600000000000002,trunk_pivot_strike_prep,0.43461538461538457,load,recovery,-0.270381821680144,0.02721491595434745,0.371825276982648,0.9381511136751748,-0.12650267265009868,0.03988318195995729,0.4171787784632469,-0.2482154720609141,-0.14107179176222795,-0.1502917495444576,10.757351989823224,1.0627641226260853,10.809721985939087,-0.17768917438237847,0.010791637208705813,-0.06768291649418941,-0.01455452685529069,0.054247406994506364,double,1,1,241.2994542647285,185.0596069911426,426.3590612558711,74.30474048043818,52.609390510143754,0.05496579178399139,0.0,0.0,0.0,authored_keyframe,0
114,2.2800000000000002,trunk_pivot_strike_prep,0.4384615384615384,load,recovery,-0.2754571527696309,0.025158578202510048,0.3676824885212659,0.9339268336583779,-0.13165593262933706,0.03705611970523018,0.4148860566017879,-0.26507520437459137,-0.1412589878620299,-0.08457521236413686,10.403928655964686,0.9975084406803751,10.451638846019879,-0.18616879930523522,0.008006128438550711,-0.07633366938831714,-0.01991386584587337,0.054133640297159794,double,1,1,244.1345441161474,195.06390368983693,439.1984478059843,71.78462342622267,50.60383918891209,0.05732567891517056,0.0,0.0,0.0,authored_keyframe,0
115,2.3000000000000003,trunk_pivot_strike_prep,0.44230769230769224,load,recovery,-0.28066787865502757,0.023236524698661165,0.3651738907475287,0.9304428481368189,-0.13713044206299324,0.03425260898395925,0.41391816284072513,-0.2810135215810634,-0.13883731278152742,-0.0196569983425187,10.470965802177556,0.995227608914284,10.518155866116318,-0.1948535831259758,0.00573396068047638,-0.08515729191935739,-0.025597002886937035,0.05398962516160698,double,1,1,236.79738403433325,192.6564119687538,429.453796003087,67.5563627949834,47.612122445489554,0.058536050868778784,0.0,0.0,0.0,authored_keyframe,0
116,2.32,trunk_pivot_strike_prep,0.4461538461538461,load,recovery,-0.28615643783415273,0.021480152899343817,0.3640820915168491,0.9268071354316562,-0.1429404642139879,0.03151798725787838,0.4141428667953009,-0.29862015995695274,-0.13498627549230327,0.034335972017974774,10.986108843863239,1.0130387069196294,11.032716571675692,-0.20429684199467887,0.0037828574009119015,-0.09474604037312084,-0.03164219931104884,0.05382633805209587,double,1,1,221.15575781405775,184.81760504768695,405.9733628617447,62.301507820746615,43.94793055415436,0.058608744452619654,0.0,0.0,0.0,authored_keyframe,0
117,2.34,trunk_pivot_strike_prep,0.44999999999999996,load,recovery,-0.29198167459917046,0.019870352903107596,0.36402523560768696,0.9230568395490891,-0.14911911974018824,0.02886216552245572,0.4152770455905657,-0.3175752446732893,-0.13102957420254366,0.07238668006083895,11.705666942353426,1.0446710998720874,11.752190275527951,-0.21445941622219056,0.0019031648764434132,-0.10506692217346793,-0.03806779003909172,0.05364392756854382,double,1,1,203.53994392172265,173.8447581023508,377.3847020240734,56.74900643329742,40.01899945406835,0.05766812232065274,0.0,0.0,0.0,authored_keyframe,0
118,2.36,trunk_pivot_strike_prep,0.4538461538461538,load,recovery,-0.2981739811894855,0.01837124409854107,0.36455411220846295,0.9192201768910647,-0.15568328228057823,0.026282980247073182,0.41697766739337877,-0.3369775547666069,-0.1273385104656638,0.09262629941681609,12.401318337272839,1.0931770845821027,12.449406919232537,-0.22515737255560295,2.9815766412106398e-05,-0.11593016734591853,-0.044878838967027504,0.053435894652467994,double,1,1,185.50904020521216,161.79003160680193,347.29907181201406,51.47640319657149,36.17543313858263,0.055972141467242026,0.0,0.0,0.0,authored_keyframe,0
119,2.38,trunk_pivot_strike_prep,0.4576923076923077,load,recovery,-0.30473197012625075,0.016942815983171804,0.36521435901331634,0.9152335453528687,-0.16263250932421539,0.023773386757179417,0.41888724442286,-0.3560030622141468,-0.12403564933251161,0.09523004164628217,12.964165495534909,1.1619732191943386,13.016134939287575,-0.23619692638048134,-0.0018573204075047582,-0.12713726277893933,-0.0520683898633152,0.05319777881543005,double,1,1,168.66519816559722,150.29861545818335,318.9638136237806,46.92821867278436,32.715953462380746,0.05382747122000509,0.0,0.0,0.0,authored_keyframe,0
120,2.4,trunk_pivot_strike_prep,0.4615384615384615,pivot,recovery,-0.3116212726437127,0.015546037362719372,0.36558777003679543,0.9109447526857625,-0.16995180696394194,0.02132598045839469,0.4206730563731238,-0.3740291642136468,-0.12111708784967545,0.0822861896775564,13.39211131290839,1.255640433923611,13.450846750916195,-0.24740571072120748,-0.003754928099609041,-0.1385171139175438,-0.05962305255004828,0.05293001562232545,double,1,1,154.21681452723323,141.1494695363234,295.36628406355663,43.39977541431791,29.854102306215186,0.05153388442949839,0.0,0.0,0.0,authored_keyframe,0
121,2.42,trunk_pivot_strike_prep,0.46538461538461534,pivot,recovery,-0.31878297376875736,0.014139558250914144,0.3653235563670747,0.9061272312982775,-0.1776194226705534,0.018929240901382476,0.42205869442989435,-0.39102316088813355,-0.11894870122205421,0.05697536193889313,13.758790865877543,1.3751105084488475,13.82733723467399,-0.2587256879835391,-0.005743172103613456,-0.15002182232703098,-0.0675267701678443,0.052639642788966975,double,1,1,142.5285998737254,134.62758596885968,277.15618584258505,40.95704454845011,27.63269674522931,0.04935044703105824,0.0,0.0,0.0,authored_keyframe,0
122,2.44,trunk_pivot_strike_prep,0.46923076923076923,pivot,recovery,-0.3261568390618602,0.012676286880064246,0.36415822656499797,0.900524388362144,-0.18562019985856315,0.01656638073449288,0.42283211254237646,-0.40751458836378923,-0.1177121854959701,0.02251229494304497,14.162377682718606,1.5185067191075867,14.243553077934624,-0.27022453913881833,-0.007871914147434145,-0.16172246961304948,-0.07576679989016477,0.0523319455270884,double,1,1,133.78242557970117,130.7860282223197,264.5684538020208,39.60077584224427,26.130177124425572,0.04745862677572908,0.0,0.0,0.0,authored_keyframe,0
123,2.46,trunk_pivot_strike_prep,0.47307692307692306,pivot,recovery,-0.3336925684653845,0.011103412195722782,0.3619166332896003,0.8938787191716672,-0.19395167968131521,0.014218110772802682,0.4228512025089346,-0.4242929128601649,-0.1173222146203169,-0.017289629837293843,14.688576596873487,1.6858199527187105,14.785001567642933,-0.2820413650732749,-0.01013977186474628,-0.17375991889507197,-0.08434689840838994,0.052007447051654034,double,1,1,128.49285257287397,129.9165733025867,258.40942587546067,39.20487885507118,25.300694059993614,0.0459602314435124,0.0,0.0,0.0,authored_keyframe,0
124,2.48,trunk_pivot_strike_prep,0.4769230769230769,pivot,recovery,-0.3413629240849014,0.00939492707355115,0.35851200198676575,0.8859400184256019,-0.2026322393649578,0.011871277019245148,0.4220468750011052,-0.44252807397150556,-0.11748519969836446,-0.059177224462118476,15.392483109158189,1.8721795633562233,15.505921210401167,-0.29442040027551586,-0.012497234378784009,-0.18636284210165246,-0.0932732995573096,0.051656148988840134,double,1,1,125.56744025187636,131.47061354574302,257.0380537976194,39.53043237513594,24.993791127617293,0.04490001387453857,0.0,0.0,0.0,authored_keyframe,0
125,2.5,trunk_pivot_strike_prep,0.4807692307692307,pivot,recovery,-0.34917451416352474,0.007538171605357092,0.35393436093382735,0.8764900711160855,-0.21170399899451284,0.009517089636047943,0.4204066115958799,-0.4634060450185621,-0.11800162184212096,-0.10060486229490725,16.292560515299147,2.071853999771732,16.42376653332161,-0.30763565904177753,-0.014910928930543688,-0.1998109667303307,-0.10259633921757316,0.05127038192205019,double,1,1,124.50666894375192,134.86549490130633,259.37216384505825,40.32843963429069,25.03461828621684,0.04425624761427335,0.0,0.0,0.0,authored_keyframe,0
126,2.52,trunk_pivot_strike_prep,0.4846153846153846,pivot,recovery,-0.3571659706895247,0.005530773669339577,0.34822966907670033,0.865342877479621,-0.22123219715596995,0.007150287249244055,0.4179602381770517,-0.4880411448079687,-0.1187154277723603,-0.13984716073706852,17.383329032894757,2.2794029341881052,17.532136378726555,-0.3219692909338945,-0.017353890948879493,-0.21439604793120765,-0.11239281385540945,0.05084092434132719,double,1,1,124.55818115399995,139.30713295231928,263.86531410631926,41.347485344351135,25.26922319481297,0.043968663921474624,0.0,0.0,0.0,authored_keyframe,0
127,2.54,trunk_pivot_strike_prep,0.48846153846153845,pivot,recovery,-0.36540451025796733,0.003379551434932729,0.3414775259234206,0.8523429910066429,-0.23130262358987133,0.004768691843675622,0.4147621240278072,-0.5173922615832933,-0.11935525429582453,-0.17594628959399125,18.650115942198383,2.4911960756974376,18.815761545709826,-0.3376887436033525,-0.01977311782486922,-0.23039228772324508,-0.12275834293714477,0.050355167440196705,double,1,1,126.2583075880724,143.9232133444436,270.18152093251604,42.37898945433887,25.50573185054461,0.04395355978884459,0.0,0.0,0.0,authored_keyframe,0
128,2.56,trunk_pivot_strike_prep,0.4923076923076923,pivot,recovery,-0.37398232173311974,0.00111494124711648,0.3337716518982181,0.8373581962122542,-0.24201966481090226,0.0023781556510714588,0.4108744830958654,-0.552261745940076,-0.11978891400662972,-0.20936817881376696,20.09277455854888,2.700648207545849,20.273457776156235,-0.3550421996292965,-0.022137115963705552,-0.24803245249584024,-0.13378010922975508,0.04979373571706487,double,1,1,127.22788662791848,148.0892902302532,275.3171768581717,43.058066566945875,25.499165697793853,0.04412086824380537,0.0,0.0,0.0,authored_keyframe,0
129,2.58,trunk_pivot_strike_prep,0.49615384615384617,pivot,recovery,-0.3830091877698842,-0.001255940819547905,0.32519338851217566,0.8202968411540267,-0.25349529960817313,-2.132785832380577e-05,0.4063401999279106,-0.592781020359096,-0.1202244804639867,-0.24103031635469596,21.708613877118893,2.9093027690392774,21.902692963829324,-0.3741390088369584,-0.02448959989323566,-0.26745196832039175,-0.14559625938334017,0.04914067039394123,double,1,1,125.34763220056345,150.74730732480066,276.0949395253641,43.24514618730454,25.894186601779523,0.0443469634433215,0.0,0.0,0.0,authored_keyframe,0
130,2.6,trunk_pivot_strike_prep,0.5,pivot,recovery,-0.3925921374352533,-0.003733034875950717,0.31578808424685617,0.8010660037187722,-0.26584004276755246,-0.002433963076657116,0.4011718566813995,-0.6386496142476745,-0.12106785317178094,-0.2731123835168238,23.50777809693928,3.1174813550257956,23.713589375163593,-0.3949897362358329,-0.026916677505941247,-0.28867702175925614,-0.15832951805787152,0.04837382639685871,double,1,1,122.12894238480447,151.6505706465475,273.77951303135194,42.79819312050312,26.14823234664864,0.044516848816340555,0.0,0.0,0.0,authored_keyframe,0
131,2.62,trunk_pivot_strike_prep,0.5038461538461538,pivot,recovery,-0.4028228238211101,-0.006312456158742757,0.3055536278416691,0.7795565115969004,-0.2791558038695993,-0.004864069410817948,0.3953438687659066,-0.6893787399693037,-0.12197446363776787,-0.30734963305017077,25.49201478901642,3.330493522293285,25.70865622908886,-0.41754777215589345,-0.029350299003925714,-0.3116589079562985,-0.17208456443350587,0.04746641226563901,double,1,1,116.98416441485467,150.35110076157724,267.3352651764319,41.692759169096654,25.875074521875998,0.04453497551128429,0.0,0.0,0.0,authored_keyframe,0
132,2.64,trunk_pivot_strike_prep,0.5076923076923077,pivot,recovery,-0.41377318454458506,-0.008975199858285127,0.294437544534874,0.7556299145984754,-0.2935316559450666,-0.007310900851999698,0.38878483676474296,-0.7441604549067102,-0.12276539987728037,-0.3462842864898588,27.67031439975925,3.5503596409234044,27.897156711059676,-0.44167656890898743,-0.03175061591597822,-0.33623584087822705,-0.18692544156323831,0.04638829966904458,double,1,1,110.71278592199766,146.83848054173149,257.5512664637291,39.88681227825283,25.033496363432935,0.04433383743779062,0.0,0.0,0.0,authored_keyframe,0
133,2.66,trunk_pivot_strike_prep,0.5115384615384615,pivot,recovery,-0.42548808977748953,-0.011701508645097586,0.2823347126513508,0.7291241374676091,-0.30903566306854596,-0.00977188812545665,0.3813724457322337,-0.8017595211816988,-0.12340753754515058,-0.3924707083833598,30.04554928772007,3.7805385162821343,30.282461978411018,-0.4671183388273713,-0.03410411397191962,-0.3621281035311763,-0.2028979685325513,0.04510947587589603,double,1,1,102.63319984748844,141.01751370682916,243.6507135543176,37.419906516785446,23.623704092730996,0.04386508581783847,0.0,0.0,0.0,authored_keyframe,0
134,2.68,trunk_pivot_strike_prep,0.5153846153846154,pivot,recovery,-0.4379743040201538,-0.01447227862434768,0.2690887027959809,0.6998393434977589,-0.32570742774414485,-0.012243368363407708,0.3729354963000988,-0.8606123146064637,-0.12383305032849296,-0.4482666905497318,32.615258892016534,4.0252531524801975,32.862711019251215,-0.4935066383434708,-0.03638790794128892,-0.388944053617056,-0.22001721479044162,0.043599751809031924,double,1,1,93.01833043664438,132.9982652201482,226.01659565679256,34.39016031560773,21.67525766010374,0.043107848018699935,0.0,0.0,0.0,authored_keyframe,0
135,2.7,trunk_pivot_strike_prep,0.5192307692307693,pivot,recovery,-0.45119310276834496,-0.017267067233692365,0.2544989973836592,0.6675289208786923,-0.34355222937073115,-0.014719990392646666,0.3632587438238243,-0.9188874530952592,-0.12394456703906752,-0.5157320774541472,35.37455860860506,4.28866125875206,35.633579839050064,-0.5203740493028535,-0.038570684882731146,-0.41618499409342474,-0.23825835303839257,0.04182976863461386,double,1,1,82.24713927935035,123.0645451378643,205.31168441721465,30.897258819967288,19.26814961545177,0.0420712353249796,0.0,0.0,0.0,authored_keyframe,0
136,2.72,trunk_pivot_strike_prep,0.5230769230769231,pivot,recovery,-0.46502334269586565,-0.02006181927413549,0.2383508672416055,0.6321433973417472,-0.36253628493240747,-0.01719427149624014,0.3520939838137532,-0.9745230875893056,-0.12362814089920925,-0.5960916835114911,38.31047323737282,4.578330259294719,38.58307229387821,-0.5471597641787771,-0.040615632976791785,-0.44325541739228963,-0.25755456501664603,0.03977200148959518,double,1,1,70.8682817679526,112.43410932081983,183.30239108877242,27.03590031114788,16.4192796827826,0.04078174862940096,0.0,0.0,0.0,authored_keyframe,0
137,2.74,trunk_pivot_strike_prep,0.5269230769230769,pivot,recovery,-0.47929579707639935,-0.02283081222652417,0.22042795133911938,0.5935661300757913,-0.3825813951929833,-0.01965524965654021,0.33917448951054546,-1.025164327121725,-0.12264812279054631,-0.6901571406441535,41.40644116952646,4.902785264999428,41.69569130833726,-0.5732023198387162,-0.042460665289795405,-0.469475300557386,-0.2778132480891585,0.0374033034804969,double,1,1,59.14235080738745,101.11900302743118,160.26135383481864,23.092074927998038,13.174866353994158,0.03925503747112341,0.0,0.0,0.0,authored_keyframe,0
138,2.7600000000000002,trunk_pivot_strike_prep,0.5307692307692307,pivot,recovery,-0.49380309484223867,-0.025543467468910758,0.2005065631681749,0.5513720923840274,-0.40356219025983786,-0.022087094169405082,0.32422288316978065,-1.068543972044227,-0.1207856098649537,-0.7982488841841708,44.6519514562109,5.268119017948626,44.96164862229906,-0.597820554184164,-0.04404558682093322,-0.4941544232320597,-0.29890170767284424,0.03470570467082645,double,1,1,48.42664200721639,88.37458331823055,136.80122532544692,19.372626905839372,10.54614415896465,0.03753620616967615,0.0,0.0,0.0,authored_keyframe,0
139,2.7800000000000002,trunk_pivot_strike_prep,0.5346153846153846,pivot,recovery,-0.5082908201189745,-0.028160035681246542,0.17837745910228187,0.5051347055029372,-0.4253101945312328,-0.024471130317101956,0.30695516903761855,-1.1024708900057505,-0.11797972331984977,-0.9207985867593184,48.05326508395282,5.6716592769563325,48.386816429504066,-0.6203261310448126,-0.0453405486767228,-0.51654710631304,-0.32059317057421877,0.03167071103536324,double,1,1,38.960143053450984,73.39375227481047,112.35389532826144,16.387217611482797,8.631906864375601,0.0356897815145159,0.0,0.0,0.0,authored_keyframe,0
140,2.8000000000000003,trunk_pivot_strike_prep,0.5384615384615384,pivot,recovery,-0.5224745820803678,-0.030635684020174837,0.15385634672185586,0.4545224494960478,-0.44761081454048984,-0.026789761874955863,0.28708230472843,-1.124691423863554,-0.11435446841566815,-1.0575182899192024,51.612612050537884,6.111323888698336,51.973166175940285,-0.6400094962117466,-0.04635214894358984,-0.5358917833221671,-0.3426176059606048,0.02829706176988904,double,1,1,30.660420715063964,59.64183373019851,90.30225444526248,15.170147703227196,7.623960499505746,0.03377794362866192,0.0,0.0,0.0,authored_keyframe,0
141,2.82,trunk_pivot_strike_prep,0.5423076923076923,pivot,recovery,-0.5360423307260139,-0.03293176699371623,0.12680247491290775,0.3991843509868051,-0.4702146222516031,-0.02902708275318942,0.2643460280533369,-1.1338737653158149,-0.1099260217391429,-1.2059797746581644,55.311544405700296,6.594132180206182,55.70322722925294,-0.6563447168160509,-0.047071896424049325,-0.5515315072790876,-0.3645973556361509,0.024593213611578676,double,1,1,24.917199609425836,48.622214864151495,73.53941447357732,15.186388350742055,9.796377349793742,0.031924111237322236,0.0,0.0,0.0,authored_keyframe,0
142,2.84,trunk_pivot_strike_prep,0.5461538461538461,pivot,recovery,-0.5486821985409411,-0.035016561680146926,0.09714836058843399,0.33865819344238224,-0.4928714176153548,-0.031170452632278904,0.2385392167494463,-1.1312564418108455,-0.10517772779281515,-1.3635494846607483,59.17532083609783,7.106475180508936,59.60050826583868,-0.6692746163720886,-0.04757140906875057,-0.5630638838185533,-0.3859279240558192,0.020611663181310382,double,1,1,26.341660251911797,37.3007122804085,63.642372532320294,64.7845682444887,39.256737547127955,0.03024391549046121,0.0,0.0,0.0,authored_keyframe,0
143,2.86,trunk_pivot_strike_prep,0.5499999999999999,pivot,recovery,-0.5607516241607763,-0.03666613062407874,0.07262085529451329,0.2476756688661427,-0.5155586825133313,-0.03315560807531701,0.21566680740419156,-1.132081469376495,-0.09267305643343088,-0.8155031870572655,46.62091062215521,8.5713221929841,47.40228761752882,nan,nan,-999.0,-999.0,0.0,no_contact,0,0,0.0,0.0,1350.1481307051174,63.829460845281154,36.259490121594695,0.03358530565943307,0.0,0.0,0.0,authored_keyframe,0
144,2.88,trunk_pivot_strike_prep,0.5538461538461538,pivot,recovery,-0.5685583991838391,-0.03776967409586238,0.06362776584720575,0.15026124853569167,-0.5376843036626382,-0.035029606290122355,0.20367721182927825,-1.078393241599777,-0.09432133826150878,-0.48814108769774756,39.59195995533937,10.11572238148974,40.863812015089444,nan,nan,-999.0,-999.0,0.0,no_contact,0,0,0.0,0.0,638.044644503103,55.855861762049734,36.55294403646662,0.04250854543457323,0.0,0.0,0.0,authored_keyframe,0
145,2.9,trunk_pivot_strike_prep,0.5576923076923077,pivot,recovery,-0.5738841963326747,-0.038628742432634575,0.05867156555237659,0.07206764776545783,-0.5587626635539518,-0.03690081536511424,0.19522591634226003,-1.0323975488168173,-0.09335065758177956,-0.4003217567901128,37.04944381845175,11.103099407055918,38.677384912886474,nan,nan,-999.0,-999.0,0.0,no_contact,0,0,0.0,0.0,357.5473229552874,53.68278321976521,40.03666083261524,0.045260783669020116,0.0,0.0,0.0,authored_keyframe,0
146,2.92,trunk_pivot_strike_prep,0.5615384615384615,pivot,recovery,-0.5786209101840557,-0.03935676855566332,0.05406487218225698,-0.005150930640497972,-0.5791365414587708,-0.038767348143645,0.18731013206645675,-1.0061909817811605,-0.09382241378543105,-0.4100887138601987,36.361655822668716,11.730142821125595,38.20688766139192,nan,nan,-999.0,-999.0,0.0,no_contact,0,0,0.0,0.0,267.89938294617036,51.701404528494294,50.0,0.04550800165722328,0.0,0.0,0.0,authored_keyframe,0
147,2.94,trunk_pivot_strike_prep,0.5653846153846154,pivot,recovery,-0.5851580049948193,-0.04025160571052803,0.05568917103650351,-0.056640377259625625,-0.5999498248504482,-0.04082921920960367,0.1820284790803671,-1.029417275569299,-0.10745787965472077,-0.19902080698897068,35.140621089375266,11.027224022148978,36.830190335941865,nan,nan,-999.0,-999.0,0.0,no_contact,0,0,0.0,0.0,503.9465892420253,68.22571455910055,50.0,0.052970791674711484,0.0,513.2332669987604,0.0,authored_keyframe,0
148,2.96,trunk_pivot_strike_prep,0.5692307692307692,pivot,recovery,-0.5912022756725723,-0.041031143262122774,0.062092741781347424,-0.10104438530925841,-0.6183270790391358,-0.04279147353903156,0.18288423143668714,-0.7531113797204121,-0.07353380547690996,0.3708253596714227,28.095633348219387,7.393630808203225,29.05220111739538,nan,nan,-999.0,-999.0,0.0,no_contact,0,0,0.0,0.0,1304.3703706151082,46.530748580703246,23.697765584597995,0.058597417772344895,0.0,1461.5680303068493,0.0,authored_keyframe,0
149,2.98,trunk_pivot_strike_prep,0.573076923076923,pivot,recovery,-0.5938649983213109,-0.04071968424415189,0.07182372849283027,-0.15494116783921286,-0.6306114461752432,-0.04388151105160539,0.19355553193998426,-0.528021454209393,-0.044627124146281026,0.5908453865299551,26.461537318521643,5.628079917556982,27.053433068982606,nan,nan,-999.0,-999.0,0.0,no_contact,0,0,0.0,0.0,385.77641432823157,24.371841120582896,11.973181742765746,0.05585544459742341,71.53334678717339,395.1694388966633,0.0,authored_keyframe,0
150,3.0,trunk_pivot_strike_prep,0.5769230769230769,pivot,recovery,-0.5958274966312529,-0.040557470933409334,0.08074256580075787,-0.21845563409182003,-0.6399415434419499,-0.0446705601963825,0.20495867854435926,-0.43024741721842596,-0.03663030120652797,0.5319913362204033,22.844629393987173,4.966962991461921,23.378362079221358,nan,nan,-999.0,-999.0,0.0,no_contact,0,0,0.0,0.0,151.1833504875189,13.52161824097945,6.101889918978126,0.05141789673562273,102.11331047795343,85.26002498256207,0.0,authored_keyframe,0
151,3.02,trunk_pivot_strike_prep,0.5807692307692307,pivot,recovery,-0.5974008133944111,-0.040503060868785246,0.08729269428969258,-0.2810505774759358,-0.6480310324561713,-0.04536349598647868,0.2143094077731217,-0.3888209307199346,-0.03362670014983545,0.4108451367104173,18.89316925858344,4.382074628413472,19.394700891802056,nan,nan,-999.0,-999.0,0.0,no_contact,0,0,0.0,0.0,121.13801441225567,12.754671681246155,5.7303326076041845,0.045385187855010986,79.80805031293411,55.04717667448304,0.0,authored_keyframe,0
152,3.04,trunk_pivot_strike_prep,0.5846153846153846,pivot,recovery,-0.5987268843556521,-0.0404690183148514,0.09172683093987542,-0.3369494591201274,-0.6554749171839895,-0.04601440792476766,0.22126487586963617,-0.35929495609594625,-0.031761350832008914,0.29787436349000396,15.596770469782383,3.7742689436123738,16.046942236631647,nan,nan,-999.0,-999.0,0.0,no_contact,0,0,0.0,0.0,157.24151207745697,18.005792955446555,11.178230875418642,0.03953927516200465,51.05883023451178,115.91423058751784,0.0,authored_keyframe,0
153,3.06,trunk_pivot_strike_prep,0.5884615384615385,pivot,recovery,-0.599886925739453,-0.040450274685537864,0.09469411663416988,-0.38516208654616263,-0.6622817608099946,-0.04662209244403854,0.22624198065246937,-0.32415113945982704,-0.029152489716883067,0.2108982612784573,12.930256516106002,3.1748192530862074,13.314316011799804,nan,nan,-999.0,-999.0,0.0,no_contact,0,0,0.0,0.0,199.26908101956633,23.484182864530204,15.686175128608644,0.03514036523840327,30.984174289746424,180.9218709213577,0.0,authored_keyframe,0
154,3.08,trunk_pivot_strike_prep,0.5923076923076923,pivot,recovery,-0.6009338374103177,-0.04042999788226933,0.09664752071833127,-0.4262069182511934,-0.6682998703230616,-0.04716276563705441,0.22972052540891677,-0.28104040423253296,-0.025127571611483865,0.14520357223974464,10.580189364235782,2.589254371189539,10.892412275607828,nan,nan,-999.0,-999.0,0.0,no_contact,0,0,0.0,0.0,230.98890345237285,27.585999553840782,18.631433926312177,0.032849481356242785,18.419719123267427,226.4987651232033,0.0,authored_keyframe,0
155,3.1,trunk_pivot_strike_prep,0.5961538461538461,pivot,recovery,-0.6018842335889419,-0.04037909660095131,0.09790365387035341,-0.46000405446730663,-0.673380447212826,-0.0476106003893247,0.2320846747239038,-0.2313305411545196,-0.020041727300960148,0.09780256842162868,8.400435047823834,2.023228336413892,8.640645918794215,nan,nan,-999.0,-999.0,0.0,no_contact,0,0,0.0,0.0,260.0347021241376,30.1045332733336,20.665437905569746,0.032551521403079334,0.0,274.2861937265797,0.0,authored_keyframe,0
156,3.12,trunk_pivot_strike_prep,0.6,pivot,recovery,-0.60270357846056,-0.040316700677448525,0.09868502120172311,-0.486615503033485,-0.6774026221899683,-0.047966236542432046,0.2336532275393801,-0.17569137910711893,-0.015456445939420001,0.06327381368577488,6.2473451773967685,1.4791780933580516,6.420069282913777,nan,nan,-999.0,-999.0,0.0,no_contact,0,0,0.0,0.0,274.67956662073766,31.23546656943536,21.597764083231738,0.033504470274734514,0.0,291.19340858548685,0.0,authored_keyframe,0
157,3.14,trunk_pivot_strike_prep,0.6038461538461538,pivot,recovery,-0.6033199482294989,-0.04023007350610615,0.09902370517338578,-0.5063144927951975,-0.6802673456565318,-0.04821538484078579,0.23459794632603803,-0.11639157532437516,-0.009653433212418582,0.034294803423218286,4.05836087530083,0.9505264522947671,4.168188279178928,nan,nan,-999.0,-999.0,0.0,no_contact,0,0,0.0,0.0,280.41201982358416,31.28005898045178,19.70428735374445,0.03491152371237265,0.0,297.9938992827039,0.0,authored_keyframe,0
158,3.16,trunk_pivot_strike_prep,0.6076923076923078,pivot,recovery,-0.6037007277128581,-0.04010281626394699,0.09895963204171238,-0.5187813125836047,-0.681929588542317,-0.04833882214708621,0.2349832151359432,-0.05586865390377808,-0.0034146590157565415,0.007078417136378186,1.881064085683275,0.434962541353884,1.930697932569589,nan,nan,-999.0,-999.0,0.0,no_contact,0,0,0.0,0.0,285.18040372311606,29.841820717918864,16.604798906963584,0.036074517193854835,0.0,302.9349824104686,0.0,authored_keyframe,0
159,3.18,trunk_pivot_strike_prep,0.6115384615384616,pivot,recovery,-0.603886369438386,-0.039956233337416366,0.09877153916733311,-0.5211835785288343,-0.6823601060350888,-0.04833939421177292,0.23488546698874652,0.006821249798951331,0.002426075187190548,-0.014164605161804952,0.5303771224565075,0.1131384172227735,0.5423100529004782,nan,nan,-999.0,-999.0,0.0,no_contact,0,0,0.0,0.0,292.47167798705203,26.590133488893017,15.607295649412197,0.03624659860198608,0.0,310.95160542010495,0.0,authored_keyframe,0
160,3.2,trunk_pivot_strike_prep,0.6153846153846154,strike_prep,recovery,-0.6037998386810085,-0.039795409707492325,0.09801313215544717,-0.5186558547011891,-0.6815364731433486,-0.04822853991227967,0.2343474829617803,0.06891188803526599,0.008333149039138102,-0.03846716386516608,2.645953614959198,0.6031772964070008,2.7138337059253472,nan,nan,-999.0,-999.0,0.0,no_contact,0,0,0.0,0.0,280.4663280914903,23.31030761119005,14.774062586566842,0.03579607632513979,0.0,298.4180295010816,0.0,authored_keyframe,0
161,3.22,trunk_pivot_strike_prep,0.6192307692307693,strike_prep,recovery,-0.6033630943904288,-0.03957412256376436,0.0964169060311558,-0.5120586323344252,-0.6795044073516638,-0.04799309960303518,0.23322454710602053,0.12781213377246983,0.014528821702360592,-0.07231232380425064,4.920061441938988,1.0870897852585952,5.038726902072421,nan,nan,-999.0,-999.0,0.0,no_contact,0,0,0.0,0.0,262.68688208077316,20.725897044164423,12.38930091362495,0.03499005483521343,0.0,279.5893244315432,0.0,authored_keyframe,0
162,3.24,trunk_pivot_strike_prep,0.6230769230769231,strike_prep,recovery,-0.6025184939641667,-0.03924895738822537,0.09391064361089801,-0.500025267528134,-0.6763222849494702,-0.04762171695062978,0.23135238058661925,0.18451952410071848,0.022230419980137715,-0.11146859328495747,7.225641163291959,1.5597155066056085,7.392063492841844,nan,nan,-999.0,-999.0,0.0,no_contact,0,0,0.0,0.0,257.5842580828207,18.394594481898594,10.2728778654545,0.0339711471891632,0.0,276.52749199840696,0.0,authored_keyframe,0
163,3.2600000000000002,trunk_pivot_strike_prep,0.6269230769230768,strike_prep,recovery,-0.6012709504088224,-0.03880356545903698,0.0904061428030974,-0.4820855300789462,-0.6720402339616897,-0.047100257614475546,0.2286299840499287,0.23788926234951543,0.028999013988502968,-0.15769786154306212,9.564948957447267,2.03445496655786,9.778918936647523,nan,nan,-999.0,-999.0,0.0,no_contact,0,0,0.0,0.0,245.15491783348335,16.423136099613348,8.375124975740958,0.032831111916985414,0.0,262.6473035135332,0.0,authored_keyframe,0
164,3.2800000000000002,trunk_pivot_strike_prep,0.6307692307692307,strike_prep,recovery,-0.599666903121246,-0.0383026492754712,0.08572142877039664,-0.4587486020167861,-0.6667193277767356,-0.04645884913402778,0.22491292382117434,0.28882309218426483,0.034435046144751194,-0.21022205851050663,11.965608888469761,2.5196912346151974,12.228026823229627,nan,nan,-999.0,-999.0,0.0,no_contact,0,0,0.0,0.0,235.6784872175718,14.822936937627905,6.798536710693322,0.03170135102959625,0.0,251.71026643217178,0.0,authored_keyframe,0
165,3.3000000000000003,trunk_pivot_strike_prep,0.6346153846153846,strike_prep,recovery,-0.597744791309304,-0.037778953520677366,0.07973379494777967,-0.43021060566321806,-0.6604012582721345,-0.04571773996980804,0.22008553323671226,0.33778474780048656,0.03908268519474702,-0.26842956280504715,14.444082405092429,3.019375343720594,14.756291674786336,nan,nan,-999.0,-999.0,0.0,no_contact,0,0,0.0,0.0,225.67149215698436,20.601788817299507,12.450340651602737,0.030688659263069466,0.0,239.4021572350757,0.0,authored_keyframe,0
166,3.3200000000000003,trunk_pivot_strike_prep,0.6384615384615384,strike_prep,recovery,-0.5956266384227948,-0.03726668305605499,0.07292385849192645,-0.39449058963163786,-0.6531791425446066,-0.044895990655306084,0.2141736401933749,0.3711220504805178,0.04204904177000672,-0.2924517144777268,15.816065888357782,3.4417049734428873,16.18620626672897,nan,nan,-999.0,-999.0,0.0,no_contact,0,0,0.0,0.0,507.89358832223394,23.91918284871999,16.445106086413546,0.029386203561538,0.0,512.3878467357241,0.0,authored_keyframe,0
167,3.34,trunk_pivot_strike_prep,0.6423076923076922,strike_prep,recovery,-0.5940370613967264,-0.036961673460495906,0.06996583388297341,-0.3417100763059105,-0.6457074268936969,-0.04405934542641442,0.2096991068421373,0.37691007521681585,0.04161842844922174,-0.18102591957939532,14.009774978909196,3.5368807020783555,14.44933631902879,nan,nan,-999.0,-999.0,0.0,no_contact,0,0,0.0,0.0,434.0380456127706,24.289570809696144,21.823509088642012,0.027143723464297755,0.0,435.2923525209373,0.0,authored_keyframe,0
168,3.36,trunk_pivot_strike_prep,0.6461538461538461,strike_prep,recovery,-0.5929033098273493,-0.03655873425935211,0.06821184715049282,-0.29549724509644515,-0.6382065370749975,-0.04307398979025828,0.20617775439377956,0.37254843385361214,0.05063959484853693,-0.17810100672129525,13.870743483912358,3.593210892277757,14.328596906636765,nan,nan,-999.0,-999.0,0.0,no_contact,0,0,0.0,0.0,313.7772871723258,30.57133857281156,28.198124285281935,0.026719501474682286,0.0,316.92050094086335,0.0,authored_keyframe,0
169,3.38,trunk_pivot_strike_prep,0.6499999999999999,strike_prep,recovery,-0.591820332492535,-0.036351634235910604,0.06663387567477895,-0.248552817741589,-0.6308664146356564,-0.04206948525959715,0.2024461082360993,0.36103620308261986,0.049613071020127276,-0.19742676207198526,13.818924942456198,3.7217906272677634,14.311338583041637,nan,nan,-999.0,-999.0,0.0,no_contact,0,0,0.0,0.0,287.11072614830357,36.67655148462797,33.918770488287954,0.029243696380133223,0.0,288.5350480753277,0.0,authored_keyframe,0
170,3.4,trunk_pivot_strike_prep,0.6538461538461539,strike_prep,recovery,-0.5906640407589403,-0.03617720014501291,0.06474530070558634,-0.19966755306016618,-0.6237846448211951,-0.04109178493841065,0.1982776642202533,0.34799282296542317,0.04826673052935803,-0.21749460289527298,13.776493087252343,3.9008185118043834,14.318105560623142,nan,nan,-999.0,-999.0,0.0,no_contact,0,0,0.0,0.0,302.23202822995245,41.36863655794871,38.43564383631103,0.03395154651316381,0.0,302.94370339481253,0.0,authored_keyframe,0
171,3.42,trunk_pivot_strike_prep,0.6576923076923077,strike_prep,recovery,-0.5893820147761561,-0.03599158186695157,0.06253999717830691,-0.14893659597571182,-0.6169210690489357,-0.04013100112330227,0.1938510382629726,0.3394130069195903,0.04791787131810898,-0.22351452099009345,13.643660255539448,4.099907050703465,14.246357534225888,nan,nan,-999.0,-999.0,0.0,no_contact,0,0,0.0,0.0,328.45829383421244,44.510761907622765,41.45954643428412,0.03943456746605629,0.0,328.6071957210766,0.0,authored_keyframe,0
172,3.44,trunk_pivot_strike_prep,0.6615384615384615,strike_prep,recovery,-0.5879550560496384,-0.03578523752582501,0.06013657903939463,-0.09751970734803105,-0.6101538741203792,-0.039164742259977806,0.18946203696942476,0.3378472630023259,0.04867203566612877,-0.21572187099099777,13.462790906648491,4.30958142423712,14.135743031346706,nan,nan,-999.0,-999.0,0.0,no_contact,0,0,0.0,0.0,347.5224370899573,46.18241990405338,43.0344627391217,0.044711021374416286,0.0,347.5383196759623,0.0,authored_keyframe,0
173,3.46,trunk_pivot_strike_prep,0.6653846153846154,strike_prep,recovery,-0.5863645472546632,-0.03555698331448573,0.057616466364342755,-0.046471514616603087,-0.6033402419661352,-0.03817320849523522,0.1853237468282891,0.3433337800532605,0.050335562773793606,-0.200171772456168,13.356466981834462,4.530491951404328,14.103920290421865,nan,nan,-999.0,-999.0,0.0,no_contact,0,0,0.0,0.0,355.7466188567237,50.27304045137915,35.01574447351165,0.04922599677492803,0.0,356.0372917337006,0.0,authored_keyframe,0
174,3.48,trunk_pivot_strike_prep,0.6692307692307692,strike_prep,recovery,-0.5848771468106505,-0.03530366515134308,0.05580715370501708,-0.0034119819741618798,-0.5965137186490348,-0.03714112926951791,0.1823150138959521,0.32762448689470636,0.0526092891812148,-0.060686704527101155,11.246813689914468,4.120742358945439,11.977952068882841,nan,nan,-999.0,-999.0,0.0,no_contact,0,0,0.0,0.0,675.421765144573,55.56071969126487,38.24208262540349,0.052045960845502254,0.0,0.0,0.0,authored_keyframe,0
175,3.5,trunk_pivot_strike_prep,0.673076923076923,strike_prep,recovery,-0.5834855176803933,-0.03504630390618346,0.05766060400172832,0.02150774507581285,-0.5903585071831121,-0.036139636061619074,0.18271007157857075,0.288739383428703,0.047669957353450615,0.06766504599718871,10.014638753310782,3.412026914314267,10.579929915803747,nan,nan,-999.0,-999.0,0.0,no_contact,0,0,0.0,0.0,473.373425150391,51.930333207218204,36.38812254982469,0.054525847260859954,0.0,0.0,0.0,authored_keyframe,0
176,3.52,trunk_pivot_strike_prep,0.6769230769230768,strike_prep,recovery,-0.5819381643496794,-0.0347840498342352,0.060367271473677306,0.04650834179310579,-0.5850712233104294,-0.035251001826431934,0.1847945062183007,0.24483408834480228,0.04178190645152482,0.12689698696214224,9.299268515740035,2.9450212043116477,9.754462815638753,nan,nan,-999.0,-999.0,0.0,no_contact,0,0,0.0,0.0,395.44532527493556,45.62304144926421,31.7550280104707,0.05582046847861696,0.0,0.0,0.0,authored_keyframe,0
177,3.54,trunk_pivot_strike_prep,0.6807692307692308,strike_prep,recovery,-0.5805470065951754,-0.03454435019109725,0.06269219479439778,0.0682885553162793,-0.5806525023998697,-0.03448153389498493,0.18771108697894703,0.20304421055907876,0.03598641255881438,0.1572548067822252,8.646293992139004,2.5471098481279992,9.01366564594725,nan,nan,-999.0,-999.0,0.0,no_contact,0,0,0.0,0.0,360.01762871718665,38.50987984105544,25.925523571892985,0.054890232785441646,0.0,0.0,0.0,authored_keyframe,0
178,3.56,trunk_pivot_strike_prep,0.6846153846153846,strike_prep,recovery,-0.5794608486579528,-0.034344360701305254,0.06440514547868237,0.08481499165526375,-0.5770013022036258,-0.0338189549011189,0.19100860405090211,0.16693824089154014,0.030950502667336465,0.16866267645072894,7.979156545782232,2.172771999897433,8.26969632729266,nan,nan,-999.0,-999.0,0.0,no_contact,0,0,0.0,0.0,334.4389619008406,31.480631308369908,20.45124342074234,0.05206647183606007,0.0,0.0,0.0,authored_keyframe,0
179,3.58,trunk_pivot_strike_prep,0.6884615384615385,strike_prep,recovery,-0.5787007539184224,-0.03418773531720931,0.06554601263339425,0.09594501730663646,-0.5739982118992232,-0.03324674415185374,0.19436481441185982,0.13769432016982913,0.02687849156409703,0.16466016170890108,7.21241792225207,1.8126241068119269,7.436704810453256,nan,nan,-999.0,-999.0,0.0,no_contact,0,0,0.0,0.0,310.3928284578718,25.537717151059933,15.015453721680078,0.048018603650459894,0.0,0.0,0.0,authored_keyframe,0
180,3.6,trunk_pivot_strike_prep,0.6923076923076923,strike_prep,recovery,-0.5782396188383169,-0.034141217226412154,0.06615232601479985,0.10220996402902957,-0.5715337307605582,-0.03278961452540511,0.19750203024220667,0.11212750683108264,0.019517412531374408,0.14888156425630011,6.248171589023713,1.4622577047256202,6.416996634011314,nan,nan,-999.0,-999.0,0.0,no_contact,0,0,0.0,0.0,294.7711765619416,21.012697659259693,10.880242833468273,0.04340281646129484,0.0,0.0,0.0,authored_keyframe,0
181,3.62,trunk_pivot_strike_prep,0.6961538461538461,strike_prep,recovery,-0.5780361206786884,-0.034108551325460014,0.06636668923356635,0.10444215872787954,-0.5695618990733369,-0.03243646253168455,0.20024467366068233,0.08807133457036537,0.01617168275920096,0.12629474644071662,5.161790959147832,1.1211366719647964,5.282142874171864,nan,nan,-999.0,-999.0,0.0,no_contact,0,0,0.0,0.0,285.18447451281014,18.031430881023628,9.209875447552706,0.03890291779799106,0.0,0.0,0.0,authored_keyframe,0
182,3.64,trunk_pivot_strike_prep,0.7,strike_prep,recovery,-0.5780033798843373,-0.03413496933735648,0.06631004539576907,0.10394758838632175,-0.5680480211258211,-0.032184368723616616,0.20248088725031793,0.06561214369483924,0.010105255337783435,0.09921588523856302,3.980164580924538,0.8013361203079312,4.060030747291992,nan,nan,-999.0,-999.0,0.0,no_contact,0,0,0.0,0.0,279.42799568011924,16.51442828365931,8.173903730147803,0.03507480077100747,0.0,0.0,0.0,authored_keyframe,0
183,3.66,trunk_pivot_strike_prep,0.7038461538461539,strike_prep,recovery,-0.5781067623434528,-0.03419094624468916,0.06604648338390989,0.10129312332336976,-0.5669880442290623,-0.03204067681916956,0.20415162985749932,0.04277154827403202,0.004562078280059625,0.07038136003122612,2.7501397572728727,0.49653298031778076,2.794604387936896,nan,nan,-999.0,-999.0,0.0,no_contact,0,0,0.0,0.0,278.80819260552266,15.937377872198203,7.397688284929336,0.03223498053455765,0.0,0.0,0.0,authored_keyframe,0
184,3.68,trunk_pivot_strike_prep,0.7076923076923077,strike_prep,recovery,-0.578295224040876,-0.03426049127589573,0.06565960662242251,0.09723454652993911,-0.5663862373900586,-0.03200485699966705,0.20525371280938723,0.0198364701470663,0.00023244028749308708,0.04319877678873235,1.5849054376122398,0.20762877226007154,1.5984476698481782,nan,nan,-999.0,-999.0,0.0,no_contact,0,0,0.0,0.0,283.6127040279146,16.03475324314312,7.5121851572574165,0.030506049621295675,0.0,0.0,0.0,authored_keyframe,0
185,3.7,trunk_pivot_strike_prep,0.7115384615384616,strike_prep,recovery,-0.5785518827630969,-0.034296670209936625,0.0652055645582081,0.09224791030793586,-0.5662483609696,-0.0320328917499034,0.20583284750364156,-0.0038204123206093737,-0.0027333799384085815,0.017344057734289417,0.5991053981161826,0.06539883277243377,0.602664322305499,nan,nan,-999.0,-999.0,0.0,no_contact,0,0,0.0,0.0,284.67480928952443,16.60382212967113,7.938780982579237,0.029744177565058975,0.0,0.0,0.0,authored_keyframe,0
186,3.72,trunk_pivot_strike_prep,0.7153846153846154,strike_prep,recovery,-0.5788775589790575,-0.03433040843416397,0.0646488118955325,0.08613723476359804,-0.5665931824665917,-0.032120827130491275,0.20590961524972956,-0.02838582725476173,-0.005785676544301161,-0.006902315514661041,0.9929119733310177,0.33588233298911785,1.048184682390612,nan,nan,-999.0,-999.0,0.0,no_contact,0,0,0.0,0.0,288.4129594373005,17.500899164690644,8.55866816841465,0.029665466405771196,0.0,0.0,0.0,authored_keyframe,0
187,3.74,trunk_pivot_strike_prep,0.7192307692307692,strike_prep,recovery,-0.579270405873955,-0.03437098098351396,0.06398149872622538,0.07888857172384162,-0.5674401339435897,-0.032272030535943685,0.20552842622456063,-0.05393154203615024,-0.009044906649639702,-0.028627989861569433,2.057984081915265,0.6104425670907818,2.146610958961358,nan,nan,-999.0,-999.0,0.0,no_contact,0,0,0.0,0.0,292.8501475343684,18.562712839482867,8.943255661274327,0.030012925828309025,0.0,0.0,0.0,authored_keyframe,0
188,3.7600000000000002,trunk_pivot_strike_prep,0.7230769230769231,strike_prep,recovery,-0.5797220098252289,-0.034420871385792445,0.06322743098971956,0.0705750114447483,-0.568801400397636,-0.03248966945920781,0.20475414446714466,-0.07937880927555348,-0.012358012469929151,-0.045841421918816086,3.0838577098654403,0.8877297302648562,3.2090874791274593,nan,nan,-999.0,-999.0,0.0,no_contact,0,0,0.0,0.0,301.92791264309017,19.76329335498863,9.652990655866535,0.03061019330967279,0.0,0.0,0.0,authored_keyframe,0
189,3.7800000000000002,trunk_pivot_strike_prep,0.7269230769230769,strike_prep,recovery,-0.5802450321866689,-0.03448256889665859,0.062404238522096304,0.06113774667890231,-0.5706717409332625,-0.03277392049910203,0.20366990931441092,-0.10514417913417363,-0.015737495205270787,-0.06112858771872216,4.088835562012323,1.161866060160354,4.250706881793801,nan,nan,-999.0,-999.0,0.0,no_contact,0,0,0.0,0.0,301.7668032494016,21.030138468618098,10.348428505308865,0.031313278346247475,0.0,0.0,0.0,authored_keyframe,0
190,3.8000000000000003,trunk_pivot_strike_prep,0.7307692307692307,strike_prep,recovery,-0.5808749360310664,-0.03456009257729158,0.061418575118711495,0.04984348159762845,-0.5730651132782656,-0.033126851574361786,0.20228356260300256,-0.13161634714595444,-0.019215511421955343,-0.07602607835021628,5.108061357842067,1.4466643187455928,5.308966800292784,nan,nan,-999.0,-999.0,0.0,no_contact,0,0,0.0,0.0,302.868271119383,22.270539089752866,12.095697271877242,0.03201917372957682,0.0,0.0,0.0,authored_keyframe,0
191,3.8200000000000003,trunk_pivot_strike_prep,0.7346153846153846,strike_prep,recovery,-0.5815982128684124,-0.03465115692233662,0.060321323284117524,0.036823701698776364,-0.5759797141556888,-0.03354822268072276,0.20064968516246623,-0.15738266015898422,-0.022597017051364562,-0.08653982414744785,6.0354897493632755,1.7353511419939558,6.280014339210453,nan,nan,-999.0,-999.0,0.0,no_contact,0,0,0.0,0.0,308.2702418959974,23.33345080800308,13.297617720395024,0.0327512891592789,0.0,0.0,0.0,authored_keyframe,0
192,3.84,trunk_pivot_strike_prep,0.7384615384615384,strike_prep,recovery,-0.5824554043859157,-0.03476136430376673,0.05904344840838909,0.021403984575990548,-0.5794199395507394,-0.034038672619600197,0.1987878206323823,-0.1839790830927939,-0.026097546490499418,-0.09893686060214202,7.018915208692253,2.032053063710019,7.307147895078125,nan,nan,-999.0,-999.0,0.0,no_contact,0,0,0.0,0.0,305.4223234770541,24.286618739262803,14.803088367774466,0.03341954520224027,0.0,0.0,0.0,authored_keyframe,0
193,3.86,trunk_pivot_strike_prep,0.7423076923076922,strike_prep,recovery,-0.5834260190787723,-0.03488815885749356,0.05763686391035758,0.003701301100469718,-0.5833792921745661,-0.03459755292430179,0.19672605390318174,-0.2096824927789235,-0.029492769333014358,-0.10762856260469052,7.919519906597846,2.33409037159143,8.256317182240238,nan,nan,-999.0,-999.0,0.0,no_contact,0,0,0.0,0.0,308.8588213504037,24.988536909663335,16.00046036001655,0.03407628980306161,0.0,0.0,0.0,authored_keyframe,0
194,3.88,trunk_pivot_strike_prep,0.7461538461538461,strike_prep,recovery,-0.5845402961830899,-0.0350361339219225,0.05602724978633406,-0.016947923514772166,-0.5878638959960032,-0.035226128884122604,0.1944499905699704,-0.23567265347063623,-0.03295107456029404,-0.1182290824130336,8.859306022472955,2.6472815406920343,9.246372410600515,nan,nan,-999.0,-999.0,0.0,no_contact,0,0,0.0,0.0,315.81598009934464,27.711718298647295,23.374262540488516,0.03463366966592832,0.0,0.0,0.0,authored_keyframe,0
195,3.9,trunk_pivot_strike_prep,0.75,strike_prep,recovery,-0.5857847621656233,-0.03524691393770907,0.05473618293276531,-0.037756414795015784,-0.5928649902922283,-0.035965233041485814,0.1921704641999481,-0.261222753703593,-0.04427964570882573,-0.09048093351418379,9.3346155461289,2.7049095134326935,9.71862042009513,nan,nan,-999.0,-999.0,0.0,no_contact,0,0,0.0,0.0,468.0695340002776,32.262556531746675,30.43132417707414,0.035557248773884415,0.0,390.5256058007894,0.0,authored_keyframe,0
196,3.92,trunk_pivot_strike_prep,0.7538461538461538,strike_prep,recovery,-0.5873815135421296,-0.03559916993045232,0.055478302442772416,-0.04454528042984352,-0.598092642707709,-0.03689100211779139,0.19100142092193156,-0.25473671792275193,-0.04370172834627891,-0.03875530096215574,8.713630117377889,2.3688086934426225,9.029872892162123,nan,nan,-999.0,-999.0,0.0,no_contact,0,0,0.0,0.0,391.45948278067203,32.363448412108426,30.561237436596375,0.03806057584534307,0.0,394.31716581176704,0.0,authored_keyframe,0
197,3.94,trunk_pivot_strike_prep,0.7576923076923077,strike_prep,recovery,-0.5890295668984207,-0.035842949790736,0.0567757182769644,-0.05250532963981264,-0.6028965283306882,-0.03768896621461013,0.1905188177119494,-0.2279897600997683,-0.03697330972558097,-0.017102406585514353,7.721829269081683,2.1900806605979195,8.026400224308004,nan,nan,-999.0,-999.0,0.0,no_contact,0,0,0.0,0.0,342.0096065206492,33.08907044115257,31.11773627746509,0.04035399940611807,0.0,345.41476755765814,0.0,authored_keyframe,0
198,3.96,trunk_pivot_strike_prep,0.7615384615384615,strike_prep,recovery,-0.5905799972694185,-0.036048315414321457,0.05800437156915085,-0.06403635758575839,-0.6072012571621012,-0.038371681699418826,0.1902084233191828,-0.20537857248142435,-0.03207445755536461,-0.01622294445686453,6.951633131435017,2.0471267457545155,7.246787640551397,nan,nan,-999.0,-999.0,0.0,no_contact,0,0,0.0,0.0,321.791161967027,34.23487885302282,32.21237278520485,0.04209651518207392,0.0,323.81307530707613,0.0,authored_keyframe,0
199,3.98,trunk_pivot_strike_prep,0.7653846153846153,strike_prep,recovery,-0.59201534744125,-0.036239730892702104,0.0590350324381789,-0.076268248062695,-0.6111028895379781,-0.03897356482057977,0.18985407654831057,-0.1868122686029656,-0.028637988985612827,-0.018810230066348903,6.332428506592599,1.9059685447897645,6.613045205110471,nan,nan,-999.0,-999.0,0.0,no_contact,0,0,0.0,0.0,324.6344268347475,35.206247879180054,33.1518070908884,0.043612287837963754,0.0,326.12669094571817,0.0,authored_keyframe,0
200,4.0,trunk_pivot_strike_prep,0.7692307692307692,strike_prep,recovery,-0.5933270446321546,-0.03642885396236892,0.05991324454911696,-0.08808701653570107,-0.6146567970243237,-0.03952074379870343,0.18947691472009065,-0.1703170712971732,-0.02640060387472783,-0.01868570743911793,5.780055260468558,1.7696645025947417,6.044894644724104,nan,nan,-999.0,-999.0,0.0,no_contact,0,0,0.0,0.0,329.4241324182258,35.87211579879695,33.79692155853605,0.04499925874136442,0.0,330.51812562398146,0.0,authored_keyframe,0
201,4.0200000000000005,trunk_pivot_strike_prep,0.773076923076923,strike_prep,recovery,-0.5945165468533089,-0.03661045482927439,0.06067905487644507,-0.0994196214387933,-0.6178968381109232,-0.04002910856589395,0.18913344231376467,-0.15525964101993195,-0.024631542316099212,-0.015737328787358423,5.267471262502346,1.6426497301576115,5.517658166040637,nan,nan,-999.0,-999.0,0.0,no_contact,0,0,0.0,0.0,333.75268786956224,36.209723385867875,34.123077856438,0.04621576320154311,0.0,334.64674467329854,0.0,authored_keyframe,0
202,4.04,trunk_pivot_strike_prep,0.7769230769230769,strike_prep,recovery,-0.5955859815946424,-0.03677935045454302,0.06136634983533148,-0.11036466308717297,-0.6208495962351575,-0.04050421981477455,0.18887273163248908,-0.14149820374799166,-0.02303961821581092,-0.010750551579635158,4.793262009981723,1.5256485936823136,5.030205197379015,nan,nan,-999.0,-999.0,0.0,no_contact,0,0,0.0,0.0,336.35711374220944,35.62841359053638,33.04912862913136,0.04721304433012954,0.0,337.0943483620881,0.0,authored_keyframe,0
203,4.0600000000000005,trunk_pivot_strike_prep,0.7807692307692307,strike_prep,recovery,-0.5965505240950724,-0.036875610337134296,0.06194922828520355,-0.12128247367163802,-0.6235442938931907,-0.04092677810096409,0.18871672865361033,-0.12945777681646825,-0.01649713020265565,-0.0054114163554177105,4.354914078969726,1.3916239764432417,4.571858913726499,nan,nan,-999.0,-999.0,0.0,no_contact,0,0,0.0,0.0,361.65544152043117,34.276817565809154,32.080405104502006,0.04786556080286892,0.0,366.844904039516,0.0,authored_keyframe,0
204,4.08,trunk_pivot_strike_prep,0.7846153846153846,strike_prep,recovery,-0.597245619615331,-0.03693508374861494,0.0626406296786227,-0.13064767961290286,-0.6258212860330303,-0.04123313462803271,0.189084308871965,-0.09850396110830707,-0.01407357343205827,0.03735576594587588,3.5436707843761797,1.0196401466215068,3.687447444594108,nan,nan,-999.0,-999.0,0.0,no_contact,0,0,0.0,0.0,422.4172182588833,30.436990097311696,28.022863560046005,0.04795315506777356,0.0,430.2080864603607,0.0,authored_keyframe,0
205,4.1,trunk_pivot_strike_prep,0.7884615384615383,strike_prep,recovery,-0.5974897247264801,-0.03698081239432204,0.06320777681249044,-0.13984046617522222,-0.6273699816914549,-0.0414549295349483,0.19010173211160006,-0.0631436689026588,-0.00891800040127561,0.054463961174457544,2.796083015201228,0.6818107079441696,2.878010783399555,nan,nan,-999.0,-999.0,0.0,no_contact,0,0,0.0,0.0,327.0016663322601,28.242364239597837,26.181468941277988,0.04684887595029625,0.0,331.85343715887745,0.0,authored_keyframe,0
206,4.12,trunk_pivot_strike_prep,0.7923076923076923,strike_prep,recovery,-0.5975282289326259,-0.03699682923921025,0.06354376866026322,-0.14788062254631182,-0.6283656415586917,-0.0415886090612001,0.191164794197029,-0.039875957545748304,-0.00508268135189868,0.05119796407409878,2.1702899436953,0.46531496802202793,2.219611781183883,nan,nan,-999.0,-999.0,0.0,no_contact,0,0,0.0,0.0,317.6124584847709,26.81118093887111,24.910479698793875,0.045425517415440084,0.0,319.6309440411382,0.0,authored_keyframe,0
207,4.14,trunk_pivot_strike_prep,0.7961538461538461,strike_prep,recovery,-0.5974640041057642,-0.037000617073978274,0.06371978825671917,-0.15446983774940481,-0.6289603840435734,-0.041658712328483116,0.19210952206371076,-0.0221169384328667,-0.00232784557670126,0.04345996575099751,1.6276988640695398,0.28402305590040205,1.652293160542727,nan,nan,-999.0,-999.0,0.0,no_contact,0,0,0.0,0.0,311.8080162520869,26.044757309925238,24.18854096085133,0.043966096110316516,0.0,313.6414719941672,0.0,authored_keyframe,0
208,4.16,trunk_pivot_strike_prep,0.8,strike_prep,recovery,-0.5973509825243526,-0.03699888083958832,0.06379037073700118,-0.15941490569300537,-0.6292420931440473,-0.04168174924554811,0.1928711122934157,-0.00787064924859917,-0.0003333886138174645,0.03360773526709661,1.1508916657254962,0.12738237478634085,1.1579196412716277,nan,nan,-999.0,-999.0,0.0,no_contact,0,0,0.0,0.0,310.8186609773601,25.667049956486856,23.799454075902375,0.04266223923586617,0.0,311.6877345533895,0.0,authored_keyframe,0
209,4.18,trunk_pivot_strike_prep,0.8038461538461538,strike_prep,recovery,-0.5972070199107664,-0.03700627159787739,0.06378358351120961,-0.16256701623664893,-0.6292530186390782,-0.04167643754424908,0.19343815070233922,0.005403819657586051,0.000605331619878562,0.024059090394945252,0.8223898839529113,0.029569615881876364,0.8229213105829042,nan,nan,-999.0,-999.0,0.0,no_contact,0,0,0.0,0.0,311.1659524347118,25.570021511257497,23.68402843233546,0.04160285132221562,0.0,312.0454034919677,0.0,authored_keyframe,0
210,4.2,trunk_pivot_strike_prep,0.8076923076923077,strike_prep,recovery,-0.5970305460789898,-0.037018023255206554,0.06368939240164699,-0.16382757872819456,-0.6290023700488656,-0.0416582253366947,0.19380990160286282,0.017802234667087403,0.0026220018369624877,0.012506979567123223,0.7306344349633278,0.17372611739073943,0.7510042885482361,nan,nan,-999.0,-999.0,0.0,no_contact,0,0,0.0,0.0,278.80198472846826,26.828112267620856,25.00082205743161,0.04079104357371079,0.0,280.75386902129924,0.0,authored_keyframe,0
211,4.22,trunk_pivot_strike_prep,0.8115384615384614,strike_prep,recovery,-0.596888571330142,-0.03699097603122547,0.0635778263958822,-0.16294914013505438,-0.6285707176451708,-0.04159255031663336,0.19390545364525427,0.02488089611421145,0.003429434889388198,0.0004250732461101814,0.8375203972346283,0.2567148879971155,0.8759811353581887,nan,nan,-999.0,-999.0,0.0,no_contact,0,0,0.0,0.0,312.3562787615946,27.665667892011026,25.812318149706382,0.04048831797864651,0.0,312.62207313122076,0.0,authored_keyframe,0
212,4.24,trunk_pivot_strike_prep,0.8153846153846154,strike_prep,recovery,-0.5967674745417545,-0.03699820040214954,0.06349728641475687,-0.16037844847446817,-0.6279937995734165,-0.041520183977381546,0.19380736504492838,0.03200115896634656,0.003809983810535687,-0.00953787164743296,1.1205605902211873,0.34477570926647383,1.1724019473103306,nan,nan,-999.0,-999.0,0.0,no_contact,0,0,0.0,0.0,309.48554122688324,28.685740698748866,26.82763022952278,0.04057070746002542,0.0,309.71188918027224,0.0,authored_keyframe,0
213,4.26,trunk_pivot_strike_prep,0.8192307692307692,strike_prep,recovery,-0.5966427286762556,-0.0370026322144866,0.06333600033925559,-0.1564058639347393,-0.6272792832205881,-0.04143770490016294,0.19350415390320302,0.038757894091269104,0.004414118393970581,-0.019539312652176517,1.4546230678662182,0.4390039691818121,1.5194251394938527,nan,nan,-999.0,-999.0,0.0,no_contact,0,0,0.0,0.0,311.80992620762464,29.78024396003202,27.916089465117786,0.04092264286847396,0.0,312.0182719813056,0.0,authored_keyframe,0
214,4.28,trunk_pivot_strike_prep,0.8230769230769232,strike_prep,recovery,-0.596496863334859,-0.03699844386036409,0.06308532488694105,-0.1508871744894121,-0.626428045659651,-0.04134059059945442,0.1930243041135998,0.04573255690102901,0.005252677124312524,-0.027246159052326874,1.783489510083791,0.5382670398031629,1.86294558125496,nan,nan,-999.0,-999.0,0.0,no_contact,0,0,0.0,0.0,316.30969128243277,30.824879180971916,28.944076971129487,0.04150284796185273,0.0,316.54306321921274,0.0,authored_keyframe,0
215,4.3,trunk_pivot_strike_prep,0.8269230769230769,strike_prep,recovery,-0.5963155792954266,-0.036983897112835805,0.06275838757419538,-0.1439607561821704,-0.6254312511181974,-0.041224125577009114,0.19242026509779045,0.053284561676023086,0.00632083526669486,-0.03226607244274695,2.0875647321174156,0.6416700738542669,2.1839567290723956,nan,nan,-999.0,-999.0,0.0,no_contact,0,0,0.0,0.0,320.5881474514171,31.752337995188526,29.848283969258283,0.04223756309468612,0.0,320.8693830867859,0.0,authored_keyframe,0
216,4.32,trunk_pivot_strike_prep,0.8307692307692308,strike_prep,recovery,-0.5960855625281156,-0.03695814413424992,0.062365991380715705,-0.1358142398225344,-0.6242758621590492,-0.041084099887629545,0.19174200183643886,0.06152533890250467,0.007581497719321425,-0.03499358432708324,2.3734110099606958,0.7494207125641307,2.4889176817690815,nan,nan,-999.0,-999.0,0.0,no_contact,0,0,0.0,0.0,324.00590513723915,32.52490686053152,30.596335930952662,0.043049994204689426,0.0,324.34244127047964,0.0,authored_keyframe,0
217,4.34,trunk_pivot_strike_prep,0.8346153846153845,strike_prep,recovery,-0.5957945992311159,-0.03692066689381668,0.0619137368021498,-0.126597185806812,-0.6229478727824452,-0.04091709417766077,0.19102938935978012,0.07047216979837412,0.008997469405727041,-0.03597513531303439,2.6550712490586754,0.8622540013078421,2.79157398260361,nan,nan,-999.0,-999.0,0.0,no_contact,0,0,0.0,0.0,326.50878942139406,33.12209898449238,31.171613473084395,0.043872736201389415,0.0,326.90375869473525,0.0,authored_keyframe,0
218,4.36,trunk_pivot_strike_prep,0.8384615384615385,strike_prep,recovery,-0.5954321565402091,-0.03687105847572985,0.061403370766513865,-0.11641041798676768,-0.6214330784523829,-0.04072026657346199,0.19031144905534084,0.08013669957343342,0.010547785381593218,-0.03574204930194932,2.9466177150093826,0.980975303367753,3.105618860102535,nan,nan,-999.0,-999.0,0.0,no_contact,0,0,0.0,0.0,328.153892752499,33.536635288931414,31.569241852547112,0.04465066357290571,0.0,328.61294974448276,0.0,authored_keyframe,0
219,4.38,trunk_pivot_strike_prep,0.8423076923076923,strike_prep,recovery,-0.5949897401850156,-0.03680894505074393,0.06083401047491263,-0.10531088682398233,-0.6197168670949714,-0.04049101000988846,0.18960696675549596,0.0905470672871012,0.012227554040512388,-0.03479123843293958,3.259719437291734,1.1063347308429183,3.4423461979479653,nan,nan,-999.0,-999.0,0.0,no_contact,0,0,0.0,0.0,328.9947047725169,33.77245959264484,31.794332889567098,0.045341342201743996,0.0,329.5282420864507,0.0,authored_keyframe,0
220,4.4,trunk_pivot_strike_prep,0.8461538461538461,strike_prep,recovery,-0.5944609580132353,-0.036733989243404694,0.060202718968392806,-0.09331606813925127,-0.6177839294455107,-0.04022669973523443,0.18892512022172414,0.10174225847986816,0.014041285945410266,-0.03359099466782178,3.6028493904324455,1.2390625897701135,3.809960607605709,nan,nan,-999.0,-999.0,0.0,no_contact,0,0,0.0,0.0,329.0766837323397,33.842649227579926,31.86009480233742,0.04591484770420713,0.0,329.700382905685,0.0,authored_keyframe,0
221,4.42,trunk_pivot_strike_prep,0.85,transition,recovery,-0.593841383754123,-0.03664592255919644,0.059504685447005067,-0.08040667052931416,-0.6156181438483581,-0.039924580182380376,0.1882660388256818,0.11376303567526148,0.0159963254916227,-0.03258092994156364,3.981360646514603,1.3799298692318716,4.213720332629287,nan,nan,-999.0,-999.0,0.0,no_contact,0,0,0.0,0.0,328.45152824555265,33.766906757793464,31.78556529402724,0.04635316986603664,0.0,329.18779656631636,0.0,authored_keyframe,0
222,4.44,trunk_pivot_strike_prep,0.8538461538461539,transition,recovery,-0.5931283165374335,-0.03654457379396325,0.05873326272269308,-0.06652903292202565,-0.6132025995810809,-0.03958175841583761,0.18762144358623514,0.12664707519304008,0.0180986522883235,-0.032165394171243686,4.398207899090452,1.5297867450216232,4.656659769498465,nan,nan,-999.0,-999.0,0.0,no_contact,0,0,0.0,0.0,327.18400178835765,33.56889159317761,31.593211651055967,0.04664910741132331,0.0,328.06667754868624,0.0,authored_keyframe,0
223,4.46,trunk_pivot_strike_prep,0.8576923076923076,transition,recovery,-0.5923205005648445,-0.03642988169273606,0.05787999120882153,-0.05159816100093587,-0.6105196734250656,-0.0391952553404464,0.1869754358315202,0.14042781894861442,0.02035097496500931,-0.03270618889782531,4.854981967707475,1.6895789496025517,5.14057651763932,nan,nan,-999.0,-999.0,0.0,no_contact,0,0,0.0,0.0,325.3490854389187,33.26848314239528,31.29943217224332,0.04680466201818174,0.0,326.43729733236387,0.0,authored_keyframe,0
224,4.48,trunk_pivot_strike_prep,0.8615384615384616,transition,recovery,-0.591418485998159,-0.03630264726528553,0.05693404806321428,-0.03550426873900037,-0.6075515138944129,-0.03876264297493215,0.186304950567529,0.15503432279846205,0.022610821771695416,-0.034630491796103786,5.3497897678501225,1.8601402610306212,5.663953773725641,nan,nan,-999.0,-999.0,0.0,no_contact,0,0,0.0,0.0,322.4123081306394,32.444681017262184,28.133025499780455,0.046828424582569764,0.0,323.37542631186886,0.0,authored_keyframe,0
225,4.5,trunk_pivot_strike_prep,0.8653846153846153,transition,recovery,-0.5905161846486443,-0.036181057103535565,0.05604833635228798,-0.019833975940199523,-0.6043379832349463,-0.038294445138416296,0.18574535887948374,0.15828684490093042,0.022985480715581416,-0.006498452754383006,5.3372168025130176,1.8231638069960547,5.640018569487837,nan,nan,-999.0,-999.0,0.0,no_contact,0,0,0.0,0.0,432.33818364057134,34.845689245474986,24.26835830888709,0.04649218848554462,0.0,132.9834252790671,0.0,authored_keyframe,0
226,4.5200000000000005,trunk_pivot_strike_prep,0.8692307692307691,transition,recovery,-0.5901260219720788,-0.03615978651146084,0.05603710297650008,-0.015523838065237397,-0.6015361337707157,-0.03789322204676124,0.18608886210818357,0.12382359158258759,0.01786102403833048,0.030439002044026824,4.29283625907563,1.4624734180936825,4.535115394988872,nan,nan,-999.0,-999.0,0.0,no_contact,0,0,0.0,0.0,363.47026269534297,34.39122892705225,23.481993419065134,0.045345334089799315,0.0,4.670620524601383,0.0,authored_keyframe,0
227,4.54,trunk_pivot_strike_prep,0.8730769230769231,transition,recovery,-0.5898908548817933,-0.03613092826289051,0.05633939050618697,-0.0132358222394847,-0.5994371331162642,-0.037584486784874235,0.18687967458153595,0.09010178691750559,0.013482823970188995,0.045290840332378006,3.3921853287971535,1.0837417028635783,3.5610977778533828,nan,nan,-999.0,-999.0,0.0,no_contact,0,0,0.0,0.0,344.3623224902085,32.07441039616544,21.581491930115696,0.044362996566038065,0.0,0.0,0.0,authored_keyframe,0
228,4.5600000000000005,trunk_pivot_strike_prep,0.8769230769230768,transition,recovery,-0.5896860305499899,-0.036072735725807964,0.0565920530357358,-0.01101028851626484,-0.5979934562839144,-0.03735159695629766,0.1878623545194513,0.057624604175424574,0.010899063130877528,0.05089133698951061,2.588894649548196,0.726008754751143,2.6887663004498146,nan,nan,-999.0,-999.0,0.0,no_contact,0,0,0.0,0.0,332.31509479910846,29.223155038577435,19.772723864664762,0.04316520167881191,0.0,0.0,0.0,authored_keyframe,0
229,4.58,trunk_pivot_strike_prep,0.8807692307692307,transition,recovery,-0.5896031399882088,-0.036027994606379364,0.05662266504978937,-0.010913260626955483,-0.597194569921061,-0.03718341851630874,0.1888814264267901,0.02634669561692899,0.006549271922621405,0.05025815965997295,1.9045130241262769,0.3771183969837447,1.9414912166708884,nan,nan,-999.0,-999.0,0.0,no_contact,0,0,0.0,0.0,322.74179138150123,26.377448657117597,17.49651548819199,0.04155750301724221,0.0,0.0,0.0,authored_keyframe,0
230,4.6000000000000005,trunk_pivot_strike_prep,0.8846153846153845,transition,recovery,-0.5896595893137433,-0.03601427210303812,0.05645260343684053,-0.0131911745268779,-0.5969914857301727,-0.03709777075283746,0.18982950273912338,-0.0028632574226564738,0.002440837303115195,0.0440888628507345,1.4753158688638637,0.053183233123516825,1.4762741511003326,nan,nan,-999.0,-999.0,0.0,no_contact,0,0,0.0,0.0,312.2789823051727,23.959496547372087,15.392135817285254,0.03974075589561512,0.0,0.0,0.0,authored_keyframe,0
231,4.62,trunk_pivot_strike_prep,0.8884615384615384,transition,recovery,-0.5898901918894757,-0.03602876520571912,0.056047743431865735,-0.018558540453320043,-0.5973586625049828,-0.0370932701211402,0.19059112451123164,-0.030897396312255652,-0.0015701424317222936,0.032380955379601624,1.49316238332888,0.26530965136405976,1.5165497400663457,nan,nan,-999.0,-999.0,0.0,no_contact,0,0,0.0,0.0,304.0373026837467,22.093056279834947,13.655770511824887,0.03787895533279088,0.0,0.0,0.0,authored_keyframe,0
232,4.64,trunk_pivot_strike_prep,0.8923076923076922,transition,recovery,-0.5902757765011947,-0.036065356449388866,0.055435536231878454,-0.026906030655989236,-0.5982739039956456,-0.037166483046060225,0.1910720910726362,-0.056425630270692285,-0.004881149680163603,0.017586320448571575,1.977260731987273,0.573803091838934,2.0588370480595994,nan,nan,-999.0,-999.0,0.0,no_contact,0,0,0.0,0.0,317.59585327972616,21.720432923581555,18.388089842227664,0.03619020826958004,0.0,78.58747123855578,0.0,authored_keyframe,0
233,4.66,trunk_pivot_strike_prep,0.8961538461538462,transition,recovery,-0.5904660004093181,-0.036077856140042476,0.055292055574327634,-0.030731878710133814,-0.599429718404504,-0.03727388289197201,0.19145443491592343,-0.05680282381036665,-0.005484519217209848,0.019854044359539996,2.014540066067975,0.6009911351773423,2.102275439221729,nan,nan,-999.0,-999.0,0.0,no_contact,0,0,0.0,0.0,325.8237706857236,21.607553938686596,19.12672440858011,0.03548585059348775,0.0,236.12626832903678,0.0,authored_keyframe,0
234,4.68,trunk_pivot_strike_prep,0.8999999999999999,transition,recovery,-0.590582934559101,-0.03608731271895842,0.055369675759988184,-0.031714395629695954,-0.6004686947630783,-0.03737592229503054,0.19179962722670413,-0.04714894510709997,-0.0046608079402204305,0.013822932247477425,1.6455194985463277,0.4862471065671694,1.7158585806356836,nan,nan,-999.0,-999.0,0.0,no_contact,0,0,0.0,0.0,311.3213872235457,21.977368564683868,19.699207811745804,0.03534671342228032,0.0,269.6480362762089,0.0,authored_keyframe,0
235,4.7,trunk_pivot_strike_prep,0.9038461538461539,transition,recovery,-0.5907184502503146,-0.03610147777023125,0.05545846712068289,-0.03233379304551872,-0.6012718560912352,-0.03745492201652256,0.19195750382749857,-0.03422578163059592,-0.003338403818287361,0.002742208414260726,1.150181827666939,0.3359781399524489,1.198248533160449,nan,nan,-999.0,-999.0,0.0,no_contact,0,0,0.0,0.0,307.67369482551214,22.673789695752575,20.404099947691773,0.03551024063761873,0.0,278.6466748619548,0.0,authored_keyframe,0
236,4.72,trunk_pivot_strike_prep,0.9076923076923076,transition,recovery,-0.59087180714648,-0.03611915639854849,0.05553318653007469,-0.03264714669127754,-0.6018102920678479,-0.03750672991212959,0.19188932290884816,-0.02105762842078415,-0.0019754519320233275,-0.008190674584580282,0.7561997949902871,0.18699775588322987,0.7789777215355496,nan,nan,-999.0,-999.0,0.0,no_contact,0,0,0.0,0.0,310.37647131811957,23.611944903911,21.150432565870933,0.035853089527899146,0.0,275.63444499195543,0.0,authored_keyframe,0
237,4.74,trunk_pivot_strike_prep,0.9115384615384615,transition,recovery,-0.5910233394130863,-0.036136261893320504,0.055589911309572235,-0.03249805053660956,-0.6020998382354598,-0.03753256231549532,0.19162915045829074,-0.009426223864645762,-0.0007744720097560369,-0.016447520578662403,0.6325812304759737,0.060744453475958325,0.6354910713602433,nan,nan,-999.0,-999.0,0.0,no_contact,0,0,0.0,0.0,315.92607664431205,24.68726379301987,21.82225004629853,0.036307570450913186,0.0,264.5345939712414,0.0,authored_keyframe,0
238,4.76,trunk_pivot_strike_prep,0.9153846153846154,transition,recovery,-0.5911545027948502,-0.03615064427138896,0.055628054987558996,-0.03187508549980274,-0.602184843869324,-0.037537858072218676,0.19124293311651822,-0.00046411422464942467,9.791662372649743e-05,-0.021105661131767914,0.7038645337041887,0.036376367378630654,0.7048038889721595,nan,nan,-999.0,-999.0,0.0,no_contact,0,0,0.0,0.0,322.08789689945024,25.742743973415088,22.346608082522298,0.0368351778594128,0.0,249.3399438389586,0.0,authored_keyframe,0
239,4.78,trunk_pivot_strike_prep,0.9192307692307693,transition,recovery,-0.591252655217832,-0.03616113734821402,0.05564878021210851,-0.030893249308483754,-0.6021244995277963,-0.03752978987639739,0.19080341536310302,0.0053617775122259985,0.000596494313244687,-0.02220226138900547,0.761788460052208,0.0907258246406287,0.767171971024383,nan,nan,-999.0,-999.0,0.0,no_contact,0,0,0.0,0.0,327.6149876981368,26.672838715602687,22.728913429628932,0.0373966051473015,0.0,231.77621583460206,0.0,authored_keyframe,0
240,4.8,trunk_pivot_strike_prep,0.923076923076923,transition,recovery,-0.5913204717565198,-0.03616786619298399,0.05565961230237781,-0.029759203347760763,-0.6019881980120604,-0.03751605258394215,0.19037379316366052,0.007451260137889314,0.000699847847845011,-0.020575107943505106,0.7299701224250009,0.10611927240415782,0.7376433281801976,nan,nan,-999.0,-999.0,0.0,no_contact,0,0,0.0,0.0,331.33160164842775,27.371086529923947,22.999500589651163,0.037951281549830365,0.0,210.8664380001644,0.0,authored_keyframe,0
241,4.82,trunk_pivot_strike_prep,0.926923076923077,transition,recovery,-0.5913691116402116,-0.036172056087593815,0.05566890543993142,-0.028687968634930214,-0.6018466864802483,-0.0375043727383579,0.18999726290653188,0.006367029973150597,0.00044202463768461514,-0.017210520464203027,0.6120043132366582,0.08785661773635661,0.6182783068330523,nan,nan,-999.0,-999.0,0.0,no_contact,0,0,0.0,0.0,333.5623634140675,27.77529515957218,23.183142489905023,0.038460456261093075,0.0,194.78135219724402,0.0,authored_keyframe,0
242,4.84,trunk_pivot_strike_prep,0.9307692307692307,transition,recovery,-0.5914058434866498,-0.03617504657172868,0.055679732838621716,-0.02781215931186729,-0.6017516452890646,-0.037500751811930536,0.1896988574172239,0.0032061077836286556,-5.883672464381166e-05,-0.012987795901827913,0.44603100314245137,0.04806435267493751,0.4486132385054215,nan,nan,-999.0,-999.0,0.0,no_contact,0,0,0.0,0.0,334.349000062919,27.898503397785735,23.308599355530713,0.03888731352979101,0.0,185.05122982051574,0.0,authored_keyframe,0
243,4.86,trunk_pivot_strike_prep,0.9346153846153846,transition,recovery,-0.5914365297806676,-0.03617797864081981,0.05569265297453738,-0.02718858258870765,-0.6017316853964946,-0.03750849945245409,0.18948658945551994,-0.0008595193727023759,-0.0006610275175958596,-0.008719553429751042,0.2929590794154044,0.005580640975824584,0.293012228013819,nan,nan,-999.0,-999.0,0.0,no_contact,0,0,0.0,0.0,333.8967534030198,27.810426801751035,23.399445693787705,0.03921119015608116,0.0,182.02073111833982,0.0,authored_keyframe,0
244,4.88,trunk_pivot_strike_prep,0.9384615384615385,transition,recovery,-0.5914652786216248,-0.03618162910042921,0.05570672580098093,-0.026812342548873786,-0.6017929303258295,-0.037528153475278894,0.18935420097084854,-0.004773834179999441,-0.0012328008938243963,-0.005021181409232183,0.23462679154992816,0.04607809511420664,0.23910859909749652,nan,nan,-999.0,-999.0,0.0,no_contact,0,0,0.0,0.0,332.61289664738905,27.60660452253092,23.470810745132802,0.03943213417315126,0.0,184.77735211171375,0.0,authored_keyframe,0
245,4.9,trunk_pivot_strike_prep,0.9423076923076923,transition,recovery,-0.591494267127425,-0.036186362249259134,0.05572064489503296,-0.026641604636501844,-0.6019232722383743,-0.037557949173455084,0.18928602545439904,-0.007763256014842311,-0.0016752629787763179,-0.0022416462090593865,0.2751394345158055,0.07956240789301719,0.2864120897857004,nan,nan,-999.0,-999.0,0.0,no_contact,0,0,0.0,0.0,330.9448142157961,27.37634263757464,23.53176477141207,0.03956733752089376,0.0,191.42381241052166,0.0,authored_keyframe,0
246,4.92,trunk_pivot_strike_prep,0.9461538461538461,transition,recovery,-0.5915240707952554,-0.03619217406114454,0.055733533727270995,-0.026619789723880485,-0.6020990985977281,-0.03759462137064113,0.189262208191133,-0.009419145527048246,-0.001933614869839219,-0.0004828729360993608,0.3209980418906762,0.09770097629731649,0.33553721651569013,nan,nan,-999.0,-999.0,0.0,no_contact,0,0,0.0,0.0,329.26422286086233,27.18222731203957,23.587945699294618,0.03964287359005829,0.0,199.71732361958365,0.0,authored_keyframe,0
247,4.94,trunk_pivot_strike_prep,0.9500000000000001,transition,recovery,-0.5915541543052677,-0.03619878825554866,0.05574506070301647,-0.026688655513836257,-0.6022925713643914,-0.03763429826156997,0.18926301149185468,-0.009682953024886332,-0.0019966803446891165,0.00033952057797586265,0.32982729740477623,0.10031469462194154,0.3447449551051213,nan,nan,-999.0,-999.0,0.0,no_contact,0,0,0.0,0.0,327.8307359333911,27.05568990639428,23.642460358016262,0.039685048868717404,0.0,207.67812961436044,0.0,authored_keyframe,0
248,4.96,trunk_pivot_strike_prep,0.9538461538461538,transition,recovery,-0.5915833443266547,-0.036205776494758965,0.055755174346451664,-0.026795325851449874,-0.602477800021544,-0.037673288490894415,0.18927178873872577,-0.008764131227680015,-0.0018882922691162525,0.00042760423432060295,0.2992513566881977,0.09009413681591323,0.3125193241518537,nan,nan,-999.0,-999.0,0.0,no_contact,0,0,0.0,0.0,326.79096145324604,27.0034849511038,23.696035308645254,0.03971460528975534,0.0,213.92935672353025,0.0,authored_keyframe,0
249,4.98,trunk_pivot_strike_prep,0.9576923076923077,transition,recovery,-0.5916102504850378,-0.03621267968034861,0.05576384840936763,-0.02689700193752601,-0.6026350136968986,-0.03770864707797697,0.18927662409926405,-0.00703087675185226,-0.0016548153630611766,3.7119280256918714e-05,0.2408260475378724,0.07130148489863372,0.25115948503184915,nan,nan,-999.0,-999.0,0.0,no_contact,0,0,0.0,0.0,326.190994798817,27.017135922312818,23.747420052768803,0.03974469005105432,0.0,217.7794865601074,0.0,authored_keyframe,0
250,5.0,trunk_pivot_strike_prep,0.9615384615384615,transition,recovery,-0.5916336164058507,-0.03621910630453234,0.05577099920335342,-0.026964260762382862,-0.6027525439137762,-0.03773848075643968,0.18927079783477954,-0.004903927804519958,-0.0013520473457676568,-0.0005760012340941595,0.1706868410907304,0.04863640587952113,0.17748097841292676,nan,nan,-999.0,-999.0,0.0,no_contact,0,0,0.0,0.0,325.9974432851701,27.080407223244816,23.794217271313098,0.03978157439993411,0.0,219.14148684610814,0.0,authored_keyframe,0
251,5.0200000000000005,trunk_pivot_strike_prep,0.9653846153846153,transition,recovery,-0.591652571505232,-0.036224791168431664,0.05577654353144764,-0.026982380761256433,-0.6028268938060732,-0.037762006133042716,0.18925233321207205,-0.002771261962457713,-0.001033723514766149,-0.0011948135348160325,0.10635801599207911,0.02644571587834131,0.10959654855007665,nan,nan,-999.0,-999.0,0.0,no_contact,0,0,0.0,0.0,326.1231594008905,27.17391649454965,23.833864204383577,0.039826510552823935,0.0,218.37212055937522,0.0,authored_keyframe,0
252,5.04,trunk_pivot_strike_prep,0.9692307692307692,transition,recovery,-0.5916667618531402,-0.03622961208321756,0.055780495372205065,-0.02695030481053237,-0.6028614132095801,-0.03777941015803668,0.18922293130848247,-0.0009317161483223007,-0.0007431130336825369,-0.001664853518179694,0.06826430247241821,0.009160315085786349,0.06887616688315841,nan,nan,-999.0,-999.0,0.0,no_contact,0,0,0.0,0.0,326.453562483156,27.278077612874807,23.864454459864202,0.03987758256101321,0.0,216.08880583304062,0.0,authored_keyframe,0
253,5.0600000000000005,trunk_pivot_strike_prep,0.973076923076923,transition,recovery,-0.5916763595112726,-0.036233574122708855,0.05578301902976581,-0.026877547648848678,-0.602864176524543,-0.03779158397806385,0.18918660417837865,0.0004316451814714772,-0.0005084314325070552,-0.0019025863667487364,0.06721904134386941,0.009828748538270662,0.06793381939076724,nan,nan,-999.0,-999.0,0.0,no_contact,0,0,0.0,0.0,326.87054039569813,27.375506116565997,23.88521926857891,0.03993114570848812,0.0,213.00021380980516,0.0,authored_keyframe,0
254,5.08,trunk_pivot_strike_prep,0.9769230769230769,transition,recovery,-0.5916819713850175,-0.03623677539909587,0.05578441106110144,-0.026779885392504484,-0.6028456194664661,-0.03779980653691877,0.18914828631400016,0.001252498724943145,-0.0003419552007861601,-0.0018909371795821786,0.07647654081665407,0.016671614345399675,0.07827262625058068,nan,nan,-999.0,-999.0,0.0,no_contact,0,0,0.0,0.0,327.27178466617926,27.453115743610685,23.896624244929892,0.03998291325799552,0.0,209.77087479708712,0.0,authored_keyframe,0
255,5.1000000000000005,trunk_pivot_strike_prep,0.9807692307692306,transition,recovery,-0.5916844838398133,-0.03623936667632007,0.055785030547739776,-0.026674853627786342,-0.60281637594243,-0.03780544412057589,0.18911264819960974,0.0015633802789300258,-0.00024204618827402936,-0.00166518776078253,0.07658014356694519,0.01899600183107458,0.07890099159262907,nan,nan,-999.0,-999.0,0.0,no_contact,0,0,0.0,0.0,327.58385087872557,27.503509080312377,23.900143442697484,0.040028837966205794,0.0,206.9281311044096,0.0,authored_keyframe,0
256,5.12,trunk_pivot_strike_prep,0.9846153846153846,transition,recovery,-0.5916848857134787,-0.03624151340736555,0.05578521784798214,-0.026577973609688096,-0.6027856083807799,-0.03780971200981877,0.18908325956242356,0.0014665874271798383,-0.00019696822694934495,-0.0012934040002205588,0.06552674584763808,0.01729625075594368,0.06777104626308669,nan,nan,-999.0,-999.0,0.0,no_contact,0,0,0.0,0.0,327.7678519172872,27.525247441048382,23.89784506783044,0.040065823354904016,0.0,204.8120151353727,0.0,authored_keyframe,0
257,5.14,trunk_pivot_strike_prep,0.9884615384615384,transition,recovery,-0.5916841091256598,-0.03624336545029959,0.05578523634693819,-0.02650030569447173,-0.6027599756187189,-0.03781352170030886,0.1890621620131859,0.001101039346202548,-0.00018938787277359608,-0.000855876238049427,0.04692319542673039,0.01309486039453339,0.04871613323948701,nan,nan,-999.0,-999.0,0.0,no_contact,0,0,0.0,0.0,327.8178637748785,27.521945488784024,23.891946063105706,0.04009219126153756,0.0,203.56459868919035,0.0,authored_keyframe,0
258,5.16,trunk_pivot_strike_prep,0.9923076923076923,transition,recovery,-0.5916829155019915,-0.03624503715321204,0.05578525144488306,-0.026447499792169937,-0.6027432505936935,-0.03781741699885446,0.18904982578730736,0.0006111313767626806,-0.00020065365569411924,-0.0004275081487342375,0.025750645627196696,0.008223617971943263,0.027031900465300858,nan,nan,-999.0,-999.0,0.0,no_contact,0,0,0.0,0.0,327.7536465269638,27.500530105365534,23.88445561754089,0.04010782418430962,0.0,203.15271739788167,0.0,authored_keyframe,0
259,5.18,trunk_pivot_strike_prep,0.9961538461538461,transition,recovery,-0.5916818375534943,-0.036246598361092744,0.05578534071704903,-0.026420121428510777,-0.6027364955549,-0.03782158713456909,0.18904540084998442,0.000122082556121232,-0.00021422191533408008,-6.570641872504694e-05,0.00850771043401413,0.005133352979438362,0.009936420363518323,nan,nan,-999.0,-999.0,0.0,no_contact,0,0,0.0,0.0,327.6104120110629,27.46921437215753,23.87695720944757,0.04011397658016331,0.0,203.4147268137355,0.0,authored_keyframe,0
260,5.2,trunk_pivot_strike_prep,1.0,transition,recovery,-0.59168117277756,-0.03624807512372283,0.05578551919173568,-0.026414808789733207,-0.6027386328858845,-0.0378259355487625,0.18904714073334486,-0.00027562377082805407,-0.00021788505971244017,0.0001954190300988998,0.013404257035953127,0.005818858365737396,0.014612775895305142,nan,nan,-999.0,-999.0,0.0,no_contact,0,0,0.0,0.0,327.42848679303535,27.435712590833507,23.87052002589987,0.04011284244539729,0.0,204.1188460965654,0.0,authored_keyframe,0
261,5.22,trunk_pivot_strike_prep,1.0,transition,recovery,-0.5916810149081322,-0.036249457655661455,0.05578576535802358,-0.02642578975890096,-0.6027472204324822,-0.037830179196878255,0.18905287840189128,-0.0005321752345335889,-0.00020473070827727326,0.00034521918411935097,0.02222385148306845,0.007411892455327415,0.023427243211927927,nan,nan,-999.0,-999.0,0.0,no_contact,0,0,0.0,0.0,327.2449270943855,27.406027138073462,23.865706180011635,0.04010702170093201,0.0,205.0200132556999,0.0,authored_keyframe,0
262,5.24,trunk_pivot_strike_prep,1.0,transition,recovery,-0.5916813071529383,-0.03625071252080044,0.05578604095962947,-0.026446387835953666,-0.6027592505399308,-0.037833954354735834,0.18906045756176762,-0.0006360392248211786,-0.00017298537547800886,0.0003925810477256666,0.025579191059527835,0.007938920363176607,0.02678285779734285,nan,nan,-999.0,-999.0,0.0,no_contact,0,0,0.0,0.0,327.08804819147696,27.383894501839137,23.862641195086834,0.04009902594408588,0.0,205.9049584948988,0.0,authored_keyframe,0
263,5.26,trunk_pivot_strike_prep,1.0,transition,recovery,-0.5916819027174544,-0.03625179602978732,0.05578630413450181,-0.026470279246521164,-0.6027718323899088,-0.0378369097739811,0.1890680574824093,-0.0006057386259072317,-0.0001250448313995863,0.0003597233932973413,0.02385596368460233,0.007210139583763901,0.024921739829683327,nan,nan,-999.0,-999.0,0.0,no_contact,0,0,0.0,0.0,326.97493998637003,27.370791962453787,23.86112283169899,0.0400909187593092,0.0,206.62009919105867,0.0,authored_keyframe,0
264,5.28,trunk_pivot_strike_prep,1.0,transition,recovery,-0.5916826215011681,-0.036252666323586404,0.05578651805363025,-0.026492377650386652,-0.6027826729427243,-0.03783877488990723,0.18907438440168076,-0.0004787051459316362,-6.605460923276177e-05,0.0002753686067926044,0.018544081164659543,0.005548129952286625,0.019356257184924487,nan,nan,-999.0,-999.0,0.0,no_contact,0,0,0.0,0.0,326.9115041213349,27.366321136584645,23.860747484464877,0.04008412588800298,0.0,207.0817712520696,0.0,authored_keyframe,0
265,5.3,trunk_pivot_strike_prep,1.0,transition,recovery,-0.5916832955403117,-0.036253292417219724,0.05578665673706009,-0.02650930842340838,-0.6027903281714727,-0.03783939799245821,0.1890787318341061,-0.00029987253623122985,-2.388652058859919e-06,0.00016857264475078173,0.011469836494908223,0.0034245467737173286,0.011970157468692979,nan,nan,-999.0,-999.0,0.0,no_contact,0,0,0.0,0.0,326.8943002130069,27.368782601432876,23.861034557792475,0.040079401420860625,0.0,207.27182978006942,0.0,authored_keyframe,0
266,5.32,trunk_pivot_strike_prep,1.0,transition,recovery,-0.5916837992748105,-0.036253659405650854,0.055786708384395,-0.02651949923610347,-0.6027942426357991,-0.03783875552744297,0.18908093281898766,-0.00011200463877116374,5.969595930385909e-05,6.404111914617388e-05,0.004739829050606793,0.0013593095786376846,0.004930892612859486,nan,nan,-999.0,-999.0,0.0,no_contact,0,0,0.0,0.0,326.9134282979969,27.375794439120433,23.861531348160224,0.04007690918434896,0.0,207.22341115585346,0.0,authored_keyframe,0
267,5.34,trunk_pivot_strike_prep,1.0,transition,recovery,-0.5916840638651808,-0.03625376988876807,0.05578667588626051,-0.026522962314353776,-0.6027946262796317,-0.03783693818927065,0.18908123872545005,5.107765008285899e-05,0.00011504943296961956,-2.0688582924468016e-05,0.004253226372028624,0.0009664930857412446,0.00436165604518575,nan,nan,-999.0,-999.0,0.0,no_contact,0,0,0.0,0.0,326.95573161733256,27.38485247073481,23.861886074920896,0.040076371754167,0.0,207.0019394100635,0.0,authored_keyframe,0
268,5.36,trunk_pivot_strike_prep,1.0,transition,recovery,-0.5916840773821457,-0.03625364230184828,0.0557865744782547,-0.02652087462319721,-0.602792231682608,-0.037834121883117314,0.18908016243049683,0.0001680023181005465,0.00016019064678196986,-7.620695442403833e-05,0.008145980124435442,0.00212449256610419,0.008418459529577203,nan,nan,-999.0,-999.0,0.0,no_contact,0,0,0.0,0.0,327.0077361027731,27.393767362234705,23.86188411945777,0.04007724485136059,0.0,206.68578497932555,0.0,authored_keyframe,0
269,5.38,trunk_pivot_strike_prep,1.0,transition,recovery,-0.5916838745025873,-0.03625330717783005,0.055786427254526996,-0.02651507205045245,-0.6027880950291307,-0.0378305320848415,0.18907832012558104,0.00023035386076034303,0.00019345612923878737,-0.00010063438011642138,0.010575789939673464,0.0028207582551344184,0.010945501814992651,nan,nan,-999.0,-999.0,0.0,no_contact,0,0,0.0,0.0,327.0579206990486,27.400944322404865,23.86145013820531,0.0400788846123948,0.0,206.3498108911926,0.0,authored_keyframe,0
270,5.4,trunk_pivot_strike_prep,1.0,transition,recovery,-0.5916835202087014,-0.036252802438200796,0.055786259837794144,-0.02650756253071805,-0.6027832936808918,-0.03782640903255526,0.18907629782448596,0.00024087253180062645,0.00021481812373603005,-9.794511985659398e-05,0.01124539186687261,0.0029922921343972677,0.011636694137816823,nan,nan,-999.0,-999.0,0.0,no_contact,0,0,0.0,0.0,327.098109676805,27.405498722209526,23.860624452553864,0.040080685304720365,0.0,206.05371817886459,0.0,authored_keyframe,0
271,5.42,trunk_pivot_strike_prep,1.0,transition,recovery,-0.5916830919080294,-0.03625216867903586,0.05578609556811229,-0.026500135698406903,-0.6027787568961656,-0.03782197912737727,0.189074558179269,0.00021023469627038407,0.0002254874497369509,-7.575510370041055e-05,0.01058454204649813,0.002772279434788302,0.010941575005392824,nan,nan,-999.0,-999.0,0.0,no_contact,0,0,0.0,0.0,327.1239672434783,27.407226207636626,23.859524854761336,0.040082174450888845,0.0,205.83585737268027,0.0,authored_keyframe,0
272,5.44,trunk_pivot_strike_prep,1.0,transition,recovery,-0.5916826635589663,-0.036251445169202756,0.05578595216603724,-0.026494111188728804,-0.6027751480979042,-0.03781743550065087,0.18907339267687384,0.00015330988792142054,0.00022742263769033927,-4.307420846221537e-05,0.009256618252089392,0.0023630656659871974,0.0095534842233963,nan,nan,-999.0,-999.0,0.0,no_contact,0,0,0.0,0.0,327.1347291442598,27.40646560028373,23.858304709730973,0.04008306108774208,0.0,205.71214539431418,0.0,authored_keyframe,0
273,5.46,trunk_pivot_strike_prep,1.0,transition,recovery,-0.5916822941149903,-0.03625066698204209,0.05578584021535153,-0.026490232871480907,-0.6027728205170052,-0.037812928422973846,0.18907291546369248,8.56508849305586e-05,0.00022285070935271602,-8.407251711546157e-06,0.007964918628944308,0.001992067622926974,0.008210253478426717,nan,nan,-999.0,-999.0,0.0,no_contact,0,0,0.0,0.0,327.1324047078257,27.40390327128794,23.857115847108286,0.04008324075650207,0.0,205.67899806342314,0.0,authored_keyframe,0
274,5.48,trunk_pivot_strike_prep,1.0,transition,recovery,-0.5916820212371517,-0.03624986339700714,0.0557857632774642,-0.02648868893363828,-0.602771835317428,-0.03780856443187528,0.18907308903387726,2.0745359439481646e-05,0.00021387552458721864,2.1566864536903994e-05,0.0072003158237124235,0.00183015509415206,0.007429267502914015,nan,nan,-999.0,-999.0,0.0,no_contact,0,0,0.0,0.0,327.1207177418876,27.40036719222492,23.8560814217442,0.04008276694495458,0.0,205.7187955684799,0.0,authored_keyframe,0
275,5.5,trunk_pivot_strike_prep,1.0,transition,recovery,-0.5916818600512816,-0.036249057473560914,0.05578571914757488,-0.026489221272000527,-0.6027720235802191,-0.03780441191287663,0.18907376917319324,-3.1701331564637196e-05,0.00020221523138844877,4.2664745438671765e-05,0.006971110155730016,0.001867911394901197,0.007217026380894274,nan,nan,-999.0,-999.0,0.0,no_contact,0,0,0.0,0.0,327.10403265359065,27.396649206950006,23.855280690878992,0.04008180217225757,0.0,205.80633488462206,0.0,authored_keyframe,0
276,5.5200000000000005,trunk_pivot_strike_prep,1.0,transition,recovery,-0.5916818059102362,-0.0362482665390396,0.055785701695883164,-0.02649128219119092,-0.6027730708421611,-0.03780051040184387,0.18907475657016498,-6.642304004454908e-05,0.00018907800798622797,5.327286100206566e-05,0.006913807447819881,0.0019607698217522593,0.007186470045816934,nan,nan,-999.0,-999.0,0.0,no_contact,0,0,0.0,0.0,327.08645125099235,27.393379225470003,23.854745105859905,0.04008056235172801,0.0,205.91493410544913,0.0,authored_keyframe,0
277,5.54,trunk_pivot_strike_prep,1.0,transition,recovery,-0.5916818397079836,-0.03624750325241292,0.05578570282123738,-0.026494199692546166,-0.6027746044566811,-0.03779688098731532,0.1890758446485889,-8.234605956454564e-05,0.00017515979200054334,5.396859000054821e-05,0.006699365928580077,0.0019966557001113846,0.0069905749284166095,nan,nan,-999.0,-999.0,0.0,no_contact,0,0,0.0,0.0,327.07118788082926,27.390959507318506,23.85446343891959,0.04007926589867598,0.0,206.0212442225963,0.0,authored_keyframe,0
278,5.5600000000000005,trunk_pivot_strike_prep,1.0,transition,recovery,-0.5916819342373004,-0.0362467769005177,0.05578571418455948,-0.026497321503166103,-0.6027762685450316,-0.03779353571187911,0.18907685651825498,-8.170813280950559e-05,0.00016073150752400752,4.6869000573835706e-05,0.006211441308475609,0.0019424547170516179,0.006508082164234965,nan,nan,-999.0,-999.0,0.0,no_contact,0,0,0.0,0.0,327.0602550557378,27.389554425404214,23.854392818547485,0.04007809526782348,0.0,206.10828286484954,0.0,authored_keyframe,0
279,5.58,trunk_pivot_strike_prep,1.0,transition,recovery,-0.5916820602933842,-0.03624609463584051,0.05578572852513073,-0.02650011933229501,-0.6027777772337013,-0.03779048460899107,0.18907766760252212,-6.885116268941723e-05,0.00014577672054404324,3.488677687821791e-05,0.005499613246291675,0.0018150412504045427,0.005791383306210783,nan,nan,-999.0,-999.0,0.0,no_contact,0,0,0.0,0.0,327.05443129993876,27.389122804686554,23.85447239482237,0.0400771743795899,0.0,206.16663189472996,0.0,authored_keyframe,0
280,5.6000000000000005,trunk_pivot_strike_prep,1.0,transition,recovery,-0.5916821915941908,-0.03624546245296107,0.05578574047416999,-0.0265022461596746,-0.6027789428605602,-0.037787739786655485,0.1890782137859248,-4.897199458139096e-05,0.00013014230485198838,2.104163659577351e-05,0.004688910528051043,0.0016496335028657516,0.004970631009624939,nan,nan,-999.0,-999.0,0.0,no_contact,0,0,0.0,0.0,327.05344356249896,27.389476267708044,23.854636738182464,0.04007656168932309,0.0,206.19406759183457,0.0,authored_keyframe,0
281,5.62,trunk_pivot_strike_prep,1.0,transition,recovery,-0.591682308014067,-0.03624488580107512,0.05578574686842018,-0.026503548911329614,-0.6027796808490269,-0.03778531664266888,0.1890784873865487,-2.7050059238955806e-05,0.00011367219616025742,7.928118768546619e-06,0.0039047486628648095,0.00147745752586209,0.0041749183058918705,nan,nan,-999.0,-999.0,0.0,no_contact,0,0,0.0,0.0,327.05627874788786,27.390347167976362,23.85482681765573,0.04007625602685871,0.0,206.1940871746186,0.0,authored_keyframe,0
282,5.64,trunk_pivot_strike_prep,1.0,transition,recovery,-0.5916823970281092,-0.03624436982258148,0.055785746635600916,-0.02650404563835152,-0.6027799964000821,-0.03778323278094058,0.1890785247041668,-7.085159301381674e-06,9.63049014596267e-05,-2.6111833730550735e-06,0.0032207701623622937,0.0013135078382710541,0.003478313280882378,nan,nan,-999.0,-999.0,0.0,no_contact,0,0,0.0,0.0,327.06153965118324,27.391452453065117,23.854997321793345,0.040076210940402,0.0,206.1738604228551,0.0,authored_keyframe,0
283,5.66,trunk_pivot_strike_prep,1.0,transition,recovery,-0.5916824535829025,-0.03624391927863249,0.05578574037205645,-0.026503879910245783,-0.6027799598605246,-0.03778150546174799,0.18907838934901872,8.307123824622922e-06,7.812655193705538e-05,-9.604492964876727e-06,0.0026390125139712866,0.0011560001069236907,0.0028810975853144293,nan,nan,-999.0,-999.0,0.0,no_contact,0,0,0.0,0.0,327.0677748651759,27.392543984051702,23.85511999516517,0.04007635298726869,0.0,206.14209444507702,0.0,authored_keyframe,0
284,5.68,trunk_pivot_strike_prep,1.0,transition,recovery,-0.5916824788135692,-0.03624353826504623,0.055785729755963576,-0.026503265750533425,-0.6027796777551226,-0.03778014847309299,0.18907815519570723,1.7966587514663808e-05,5.9380947187731274e-05,-1.2894566308607065e-05,0.0021126724535493985,0.000995153518955644,0.0023353191264313825,nan,nan,-999.0,-999.0,0.0,no_contact,0,0,0.0,0.0,327.0737343490511,27.393440436581173,23.855183414108343,0.04007659994717187,0.0,206.1071885081003,0.0,authored_keyframe,0
285,5.7,trunk_pivot_strike_prep,1.0,transition,recovery,-0.591682478111493,-0.0362432298358896,0.05578571693489728,-0.026502434689309223,-0.6027792654042172,-0.03777916919975812,0.18907789189760485,2.1999577397494106e-05,4.044499807145282e-05,-1.2960893520925465e-05,0.001594726039526033,0.0008234217063711601,0.0017947630617063577,nan,nan,-999.0,-999.0,0.0,no_contact,0,0,0.0,0.0,327.07852684428286,27.39404013370558,23.85519012262923,0.04007687597462221,0.0,206.0759112907554,0.0,authored_keyframe,0
