step,t,motion_id,phase,phase_label,mode,base_x,base_y,base_z,upright_cos,com_x,com_y,com_z,com_vx,com_vy,com_vz,lin_momentum_norm,ang_momentum_norm,momentum_norm,cp_x,cp_y,cp_margin,com_margin,support_area,support_mode,contact_left,contact_right,grf_left,grf_right,grf_total,torque_norm,torque_max,tracking_err_rms,head_force,torso_force,push_force,source,trial
0,0.0,horse_stance_hold,0.0,transition,nominal,0.0028579987691578785,1.0371512553768548e-05,0.7754281258656032,0.9999682222762024,0.021578626937179664,0.00010528226912702852,0.6816920700518175,0.005565958965903974,0.00014190993277394146,-1.3366361876247127e-05,0.18563626997900998,0.046298741638296934,0.19132275925516454,0.023045861732014877,0.00014269095150757431,0.07128640823726459,0.0698191734583037,0.04965071613412247,double,1,1,163.6427764265791,163.33306560657186,326.975842033151,11.720257122596607,7.592852428479564,0.00902208596594895,0.0,0.0,0.0,authored_keyframe,0
1,0.02,horse_stance_hold,0.004347826086956522,transition,nominal,0.0029744920349706965,1.3843464915249785e-05,0.7754328568155521,0.9999699288571158,0.02169486556797744,0.0001080470068718648,0.6816912492260826,0.005997968283176297,0.00013477034529565973,-5.996727132119066e-05,0.2000395798557237,0.04139076993947104,0.20427684485774858,0.02327598079340452,0.00014357361101892597,0.07151814092101817,0.06993702570869169,0.04965159279825144,double,1,1,163.67221480120293,163.34516179806718,327.01737659927005,11.726411370693235,7.578228327246956,0.009001117538681186,0.0,0.0,0.0,authored_keyframe,0
2,0.04,horse_stance_hold,0.008695652173913044,transition,nominal,0.0031064310781135284,1.7089019210124257e-05,0.7754310875286218,0.9999716502133222,0.021819739993632934,0.00011063687523563027,0.681685195299929,0.006398627565199901,0.00012477686174477946,-0.00036945409351673577,0.21373336507164264,0.03622778482580139,0.2167819266872417,0.023506464908525877,0.00014352896644777077,0.07175018995370336,0.07006346502294168,0.049652572190949706,double,1,1,163.70141448000277,163.35800318868212,327.0594176686849,11.751818136876532,7.5744619041926455,0.00888722632697407,0.0,0.0,0.0,authored_keyframe,0
3,0.06,horse_stance_hold,0.013043478260869566,transition,nominal,0.0032422833879753384,2.0025249986036343e-05,0.7754109204791684,0.9999735235053476,0.02195356769916905,0.00011299981769820391,0.6816648923188244,0.006822603059554503,0.00011238865332124458,-0.0011411497090550295,0.23066376135806746,0.029712021978808692,0.2325695058556059,0.023752028865139642,0.00014262584558369376,0.07199776466089448,0.07019930348179004,0.0496539228071812,double,1,1,163.8282028459876,163.4699832265097,327.2981860724973,11.813515023674302,7.5908648461984525,0.008727192971707992,0.0,0.0,0.0,authored_keyframe,0
4,0.08,horse_stance_hold,0.017391304347826087,transition,nominal,0.0033728800551098403,2.2588025890593148e-05,0.7753631727465488,0.9999754655872881,0.022096404472284736,0.00011509320982044024,0.6816231258102372,0.007230052746042442,9.809094943713208e-05,-0.0021822868986598725,0.2518209039176613,0.0224719389605111,0.25282158865601834,0.024002212360788103,0.0001409495226018925,0.07225045866236875,0.0703446507635375,0.0496558572763908,double,1,1,164.12247472610687,163.75136708323626,327.87384180934316,11.909207793586933,7.623133752313748,0.008559771365156729,0.0,0.0,0.0,authored_keyframe,0
5,0.1,horse_stance_hold,0.02173913043478261,transition,nominal,0.0034927757087654912,2.4732706942083167e-05,0.7752835379322123,0.9999773927880266,0.022247464155423294,0.00011688441261908955,0.6815564444767377,0.00758234757155229,8.23907837908639e-05,-0.0033297557787434692,0.27612033260178526,0.015117294047535205,0.27653385083103327,0.024246037537815728,0.00013860117327731402,0.07249735118595982,0.07049877779596224,0.04965863680208789,double,1,1,164.51898506968405,164.13721528171845,328.65620035140256,12.036396800439567,7.666163344224487,0.008410394541813132,0.0,0.0,0.0,authored_keyframe,0
6,0.12,horse_stance_hold,0.026086956521739132,transition,nominal,0.003598374117091818,2.6434235251053424e-05,0.7751706312193389,0.9999792662257143,0.022405367284665943,0.00011835092404141019,0.6814637403343624,0.007857931487551838,6.579037163884569e-05,-0.004502881053111709,0.30196723418662036,0.007959607717751772,0.30207212032449754,0.024476438871290897,0.0001356909287984586,0.07273144513182393,0.07066037354009203,0.049662500115264074,double,1,1,164.95500435503803,164.56506498760768,329.5200693426456,12.196707914763518,7.7168212641546425,0.008296906327447935,0.0,0.0,0.0,authored_keyframe,0
7,0.14,horse_stance_hold,0.030434782608695657,transition,nominal,0.003686831404125538,2.7685439856201016e-05,0.7750242213932477,0.99998107518164,0.022568480166336478,0.00011948000627538467,0.6813448433492568,0.008050828276653354,4.8763131706176266e-05,-0.005677330258837818,0.32845728302778077,0.0010615679950948052,0.3284589985075761,0.02469020737767813,0.0001323311142478726,0.07294963667655643,0.07082790946224639,0.049667665975323745,double,1,1,165.39654940272771,165.00114384987558,330.3976932526033,12.395695979678733,7.773856275169259,0.008233776288560223,0.0,0.0,0.0,authored_keyframe,0
8,0.16,horse_stance_hold,0.034782608695652174,transition,nominal,0.0037557245210621585,2.8494290211891433e-05,0.7748442967277819,0.9999828160305386,0.022735162720891964,0.00012026792686366303,0.6811997555251381,0.008164627780354908,3.173838595265553e-05,-0.006853809312582328,0.35541853844372884,0.00574194450633876,0.3554649172509015,0.024886651712851725,0.00012863141750116768,0.07315136437604534,0.07099987538276303,0.04967433669240171,double,1,1,165.8313828358011,165.4333494992433,331.2647323350444,12.64136711539425,7.837145245824631,0.008233873949584837,0.0,0.0,0.0,authored_keyframe,0
9,0.18,horse_stance_hold,0.0391304347826087,transition,nominal,0.003803042062066474,2.888077270871997e-05,0.7746307333216362,0.9999844816461161,0.022903894580009073,0.00012071898133583614,0.681028375288759,0.008206771887809775,1.5093669368889487e-05,-0.00803967536366501,0.3830427287961425,0.012549293701542395,0.383248244426511,0.025066217053639456,0.0001246958654179166,0.07333720889123944,0.07117488641731182,0.04968270103352428,double,1,1,166.25763745288938,165.85986165886567,332.1174991117551,12.942711857853988,7.907066484277373,0.008308546282566593,0.0,0.0,0.0,authored_keyframe,0
10,0.2,horse_stance_hold,0.04347826086956522,transition,nominal,0.003827212844630477,2.887382808890305e-05,0.7743832464559248,0.9999860598214215,0.0230733070450941,0.00012084442159916865,0.6808304583006768,0.008184753705061259,-8.478840780636255e-07,-0.009241672238948001,0.4115959589594407,0.01954759122862195,0.41205987641917147,0.025229514780640575,0.00012062105333741669,0.07350790783455292,0.07135170009900198,0.04969293623308806,double,1,1,166.67667357006343,166.28199701249616,332.9586705825596,13.30858770805027,7.984143947045405,0.00846689309345518,0.0,0.0,0.0,authored_keyframe,0
11,0.22,horse_stance_hold,0.04782608695652174,transition,nominal,0.0038270723141046433,2.8508589444192853e-05,0.7741014294263031,0.9999875358526017,0.023242160440606733,0.00012066136923753873,0.6806056534374976,0.008104195200576514,-1.5816988566737946e-05,-0.010464303262338664,0.4412884643481946,0.02686055044401247,0.44210518876953153,0.02537679317732141,0.0001164951984142596,0.07366381847257215,0.0715291857353304,0.049705209332153305,double,1,1,167.0901006539783,166.70123611362408,333.7913367676024,13.74693610606799,8.068888322329784,0.008714955173872989,0.0,0.0,0.0,authored_keyframe,0
12,0.24,horse_stance_hold,0.052173913043478265,transition,nominal,0.003801768944430811,2.782403399487445e-05,0.7737847993926834,0.9999888957568545,0.023409298405690806,0.00012019176351806116,0.6803535460161468,0.007968229521004082,-2.9595636293483303e-05,-0.011710131975178756,0.47224611587213383,0.03456898913126748,0.4735096714597016,0.0255077292339297,0.00011239776167412766,0.07380470707129728,0.07170627624115285,0.04971967811912847,double,1,1,167.49898914281752,167.1184454830577,334.6174346258752,14.26426431683027,8.161741863016054,0.009055270525786226,0.0,0.0,0.0,authored_keyframe,0
13,0.26,horse_stance_hold,0.05652173913043479,transition,nominal,0.0037506449031464977,2.686108777543877e-05,0.7734328298932218,0.9999901285423732,0.02357359885018447,0.00011946137586888532,0.6800736900860569,0.007777629725692552,-4.201325764422784e-05,-0.012980403909727867,0.5045255983265524,0.04271307565640526,0.5063304120816717,0.0256214139770559,0.00010839947300549906,0.07392973517952477,0.07188192004852473,0.049736491843418315,double,1,1,167.9038571434503,167.5338774360823,335.4377345795326,14.865348913958922,8.263068531914843,0.009486974068479098,0.0,0.0,0.0,authored_keyframe,0
14,0.28,horse_stance_hold,0.060869565217391314,transition,nominal,0.0036731223964286386,2.5661176549346266e-05,0.7730449708093643,0.9999912272209356,0.023733931938368296,0.00011849890966579297,0.6797656295009792,0.007531295017938637,-5.2942193293802556e-05,-0.014275535008205617,0.5381410161867212,0.051300326009698756,0.5405806847744176,0.025716439066426223,0.00010456262442799707,0.07403754886928078,0.07205504173409395,0.04975579178804604,double,1,1,168.30481099312686,167.94732514304854,336.2521361361754,15.553134225294345,8.373161578662266,0.010006368726915994,0.0,0.0,0.0,authored_keyframe,0
15,0.3,horse_stance_hold,0.06521739130434782,transition,nominal,0.0035686141724195876,2.426518529325351e-05,0.7726206604608693,0.9999921888090404,0.02388912944575504,0.00011733519364327999,0.6794289111480927,0.007226858650794917,-6.229295908560757e-05,-0.015595428860643619,0.5730883274403626,0.060315050891315336,0.5762535348372401,0.025791026773998527,0.00010094151304455036,0.07412641194050107,0.07222451460147339,0.04977771174545271,double,1,1,168.7016632783726,168.3582554467779,337.0599187251504,16.328794393573318,8.492257016673122,0.010607750360074355,0.0,0.0,0.0,authored_keyframe,0
16,0.32,horse_stance_hold,0.06956521739130435,transition,nominal,0.0034364648473118654,2.2712767750843222e-05,0.7721593334566874,0.9999930136874942,0.024037966319045753,0.0001160024687820898,0.6790630932261434,0.006861283836070955,-7.00096759962046e-05,-0.016939671753820305,0.6093631620909452,0.0697272544143463,0.6133395090173456,0.025843168898887322,9.758293524555093e-05,0.0741943480081582,0.07238914541339256,0.04980237842303282,double,1,1,169.0940114468655,168.76590175362065,337.85991320048623,17.191915659616036,8.620548284400556,0.011284253150712258,0.0,0.0,0.0,authored_keyframe,0
17,0.34,horse_stance_hold,0.07391304347826089,transition,nominal,0.0032759219595873026,2.1041935732734228e-05,0.7716604264605841,0.9999937046295952,0.024179153333141273,0.00011453376239658735,0.6786677505155907,0.006431376491797375,-7.606591629127026e-05,-0.018307647092171222,0.6469713788182809,0.07950003947097184,0.651837572778613,0.025870754735193312,9.4526659591955e-05,0.0742392712514529,0.0725476698300601,0.04982991179456589,double,1,1,169.4812919096814,169.16933126999066,338.6506231796721,18.140749003587832,8.758199897017125,0.012028555854363854,0.0,0.0,0.0,authored_keyframe,0
18,0.36,horse_stance_hold,0.0782608695652174,transition,nominal,0.003086131566642996,1.9288854307146485e-05,0.7711233830953326,0.9999942657022783,0.024311338770642704,0.00011296233943760482,0.6782424779458806,0.005934182447996613,-8.046109904014165e-05,-0.01969859418736953,0.6859332132424223,0.08959516094521036,0.6917598325241735,0.02587167748435804,9.180583323297989e-05,0.07425909505843876,0.0726987563209207,0.049860425405078346,double,1,1,169.86282083243046,169.56749734250303,339.4303181749335,19.172486697302894,8.905358930187258,0.012833385107548716,0.0,0.0,0.0,authored_keyframe,0
19,0.38,horse_stance_hold,0.08260869565217392,transition,nominal,0.0028661516460107995,1.7487772499398685e-05,0.7705476587014708,0.999994701149945,0.024433116694476238,0.00011132121950887328,0.6777868933784247,0.005367261786270248,-8.321746730270897e-05,-0.021111627358923888,0.7262824522935536,0.09997671689438413,0.7331313282287955,0.025843914767828685,8.944730181768566e-05,0.07425181417490934,0.07284101607348697,0.049894026630053274,double,1,1,170.23782652408255,169.95928154919858,340.1971080732812,20.283527252335393,9.75080338703928,0.013691823190231133,0.0,0.0,0.0,authored_keyframe,0
20,0.4,horse_stance_hold,0.08695652173913045,transition,nominal,0.002614976569520083,1.5671027816470247e-05,0.7699327253772377,0.9999950143033112,0.02454303942819649,0.00010964274833914664,0.6773006402539147,0.004728849182419073,-8.437760248436734e-05,-0.022545727483924423,0.7680622265125936,0.11061317829683069,0.7759863781075085,0.025785583216631845,8.747184336721324e-05,0.07421556035878953,0.07297301653844554,0.04993081688623363,double,1,1,170.60547540332257,170.34352742058527,340.94900282390785,21.469706905103134,10.698495251684635,0.014597462158466922,0.0,0.0,0.0,authored_keyframe,0
21,0.42,horse_stance_hold,0.09130434782608696,transition,nominal,0.002331566795107617,1.3869074904952338e-05,0.7692780775381389,0.9999952065147402,0.024639632151841742,0.00010795821395115083,0.6767833905350737,0.0040179187738897835,-8.400238015056643e-05,-0.02399971613235504,0.8113189285136138,0.121478073595869,0.8203629234241646,0.02569496995448964,8.58943315597533e-05,0.07414863442622589,0.07309329658847241,0.04997089179055614,double,1,1,170.96489274243638,170.71906701983391,341.6839597622703,22.726488132758437,11.675008298503277,0.015544453108538142,0.0,0.0,0.0,authored_keyframe,0
22,0.44,horse_stance_hold,0.09565217391304348,transition,nominal,0.0020148792088010656,1.2110502131350469e-05,0.7685832381004893,0.9999952761015952,0.024721407949419353,0.00010629750002326674,0.6762348481943411,0.003234176612478619,-8.216924429585815e-05,-0.025472220710066034,0.8560955363182898,0.13254968911459294,0.8662961314634134,0.025570545413096495,8.472385329524232e-05,0.07404951922207326,0.07320038172091659,0.05001434126526305,double,1,1,171.31517928535098,171.08474160599258,342.3999208913435,24.049104680762184,12.677818258713733,0.016527492088732283,0.0,0.0,0.0,authored_keyframe,0
23,0.46,horse_stance_hold,0.1,transition,nominal,0.0016638949440614694,1.0422013327145583e-05,0.7678477652957587,0.9999952172737041,0.024786882118281988,0.00010468877150943151,0.6756547533490421,0.002378004397286247,-7.897067019660528e-05,-0.02696163728590786,0.9024253130358575,0.14381013904590367,0.913812235473058,0.02541096255369281,8.396380973172232e-05,0.07391687869148407,0.07329279821718321,0.05006124958997926,double,1,1,171.6554247948185,171.4394176261693,343.0948424209878,25.432667892534294,13.704335119301795,0.01754177276976205,0.0,0.0,0.0,authored_keyframe,0
24,0.48,horse_stance_hold,0.10434782608695653,transition,nominal,0.001277642809498908,8.828364212748935e-06,0.7670712600536506,0.9999950190246444,0.02483458500544493,0.0001031581901040391,0.6750428870345216,0.0014503760657347074,-7.451269515854803e-05,-0.02846609605836509,0.9503265239408357,0.15524411598514645,0.9629232771376345,0.02521504745822061,8.361203001997334e-05,0.07374954811491981,0.07336908562290104,0.05011169540461714,double,1,1,171.9847194764228,171.7819992112776,343.76671868770046,26.872241449135217,14.751909446017839,0.01858292545991597,0.0,0.0,0.0,authored_keyframe,0
25,0.5,horse_stance_hold,0.10869565217391305,transition,nominal,0.0008552175514029176,7.3522533218725094e-06,0.7662533738463994,0.9999946639748946,0.024863073028161754,0.00010172965934260161,0.6743990765268122,0.0004527650195002432,-6.891341702202448e-05,-0.029983432813769858,0.9997985017108761,0.16683757005532776,1.0136231147745594,0.024981785636069405,8.366092368024406e-05,0.07354651993997562,0.0734278072935748,0.05016575166972212,double,1,1,172.30216407007367,172.11143820334064,344.41360227341437,28.36289194797319,15.817839312684656,0.019646954086899704,0.0,0.0,0.0,authored_keyframe,0
26,0.52,horse_stance_hold,0.11304347826086958,transition,nominal,0.00039579300902397793,6.014175154275433e-06,0.7653938168607386,0.9999941271647871,0.024870937842535114,0.0001004246008380521,0.6737232010774465,-0.0006129448023254643,-6.230138768659139e-05,-0.031511168310317694,1.0508191319695184,0.1785764943536745,1.0658848026165022,0.0247103074891938,8.409769198788556e-05,0.07330692872396252,0.07346755904066193,0.05022348559287594,double,1,1,172.6068792136404,172.4267425497083,345.0336217633487,29.899721972330187,16.89937777259715,0.02073017738441679,0.0,0.0,0.0,authored_keyframe,0
27,0.54,horse_stance_hold,0.1173913043478261,transition,nominal,-0.0001013692206305523,4.832248653431264e-06,0.7644923663538914,0.9999933748046728,0.024856813837640067,9.926176427593964e-05,0.6730151978996727,-0.0017445353928141922,-5.481385910982668e-05,-0.0330464963360226,1.1033436425326035,0.19044592652796327,1.119659253723296,0.024399875374337274,8.490461184870449e-05,0.07303003767937222,0.07348697610894134,0.05028495853086967,double,1,1,172.89801448597865,172.72698368249337,345.624998168472,31.477432218950746,17.99332940748532,0.021829177158353075,0.0,0.0,0.0,authored_keyframe,0
28,0.56,horse_stance_hold,0.12173913043478263,transition,nominal,-0.0006369297654776416,3.822484683217538e-06,0.763548928767199,0.9999923632726715,0.02481936583184566,9.82555600381486e-05,0.6722751190880923,-0.0029406817597457083,-4.664694670574706e-05,-0.03458488329896554,1.157261356015332,0.20242148885676792,1.1748311816075685,0.02404954963703596,8.604425057104923e-05,0.07271494018611743,0.07348475635096505,0.05035030628909917,double,1,1,173.17169014352282,173.0081774913096,346.17986763483236,33.08971021125182,19.09540865851458,0.022940632913517122,0.0,0.0,0.0,authored_keyframe,0
29,0.58,horse_stance_hold,0.12608695652173912,transition,nominal,-0.0012115184311004927,3.001852807619018e-06,0.7625636309959631,0.9999910387184636,0.024757249930209814,9.741661881480423e-05,0.6715032149680186,-0.004202250664426734,-3.796013903131147e-05,-0.03611995568494095,1.2124040185887346,0.21446497454044916,1.2312265143322523,0.023657810017565048,8.748506182943299e-05,0.07236024026515177,0.07345968015219133,0.050419884238067945,double,1,1,173.4181437075287,173.26040341969633,346.6785471272251,34.72991017266652,20.200610603786345,0.02406105230634611,0.0,0.0,0.0,authored_keyframe,0
30,0.6,horse_stance_hold,0.13043478260869565,transition,nominal,-0.0018257829989491885,2.3791058489885546e-06,0.7615367495051115,0.9999893363215374,0.024669104144124883,9.675428531364631e-05,0.670699866028121,-0.0055301493077806125,-2.8884960414336323e-05,-0.03764794834392666,1.2686956887565644,0.22654875903098828,1.2887641719445704,0.02322311023693381,8.92016001248719e-05,0.07196457791670513,0.07341057180329097,0.050494233432069144,double,1,1,173.6285835612877,173.4749073796057,347.1034909408934,36.391619006927264,21.303506803357298,0.02518677236528092,0.0,0.0,0.0,authored_keyframe,0
31,0.62,horse_stance_hold,0.13478260869565217,transition,nominal,-0.002480390781644971,1.9601315867449995e-06,0.760468598222782,0.9999871781953196,0.024553575134410213,9.627480622478988e-05,0.6698654831718406,-0.00692420209412921,-1.958333712951601e-05,-0.03916632487509499,1.326100056725913,0.23866213645740056,1.34740527527054,0.022744198276664497,9.115744591122802e-05,0.07152690845011028,0.07333628529297337,0.05057399964005958,double,1,1,173.79899595491423,173.64777096146773,347.446766916382,38.06884557590043,22.398533776502806,0.02631409131881184,0.0,0.0,0.0,authored_keyframe,0
32,0.64,horse_stance_hold,0.1391304347826087,transition,nominal,-0.0031759862901669543,1.7489279688022674e-06,0.7593594813533113,0.9999844709839053,0.02440934601277379,9.598030614876843e-05,0.6690004640556306,-0.008382911841332974,-1.0290638779779023e-05,-0.04067243099168773,1.3845689374954553,0.2508070728652717,1.407101748444845,0.02222020566861898,9.329297590525293e-05,0.07104655507157531,0.07323569540732273,0.050659857883070744,double,1,1,173.9302211818804,173.7798975966602,347.7101187785406,39.755651277410585,23.479211282852603,0.027439397466041935,0.0,0.0,0.0,authored_keyframe,0
33,0.66,horse_stance_hold,0.14347826086956522,transition,nominal,-0.003913148462015833,1.7477374534886612e-06,0.7582097354018819,0.9999811036697682,0.024235147975366397,9.586931454127536e-05,0.668105233436441,-0.009905011007358473,-1.1518020272875113e-06,-0.04215892508938049,1.4439002028109027,0.26298033076771776,1.4676533821199285,0.021650253039755325,9.556873060199956e-05,0.07052282640311366,0.07310772133768874,0.05075252991543018,double,1,1,174.0259376213709,173.8750970443335,347.90103466570446,41.44649930878145,24.539077656607276,0.028559143582260055,0.0,0.0,0.0,authored_keyframe,0
34,0.68,horse_stance_hold,0.14782608695652177,transition,nominal,-0.004692362274526297,1.9531207922232627e-06,0.757019749135567,0.999976946677992,0.02402975783225863,9.593866186698714e-05,0.6671802480539536,-0.0114876443879027,7.652709841040023e-06,-0.043621354736475874,1.5039732837698365,0.27518805445354066,1.5289421518184887,0.02103392159517865,9.793439438442032e-05,0.06995543824120345,0.07295127448570496,0.050852695484181955,double,1,1,174.0950830053638,173.9422351290296,348.0373181343934,43.136335714069034,25.57176195440663,0.029669956510204033,0.0,0.0,0.0,authored_keyframe,0
35,0.7000000000000001,horse_stance_hold,0.15217391304347827,transition,nominal,-0.005514002732947622,2.3588720275140463e-06,0.7557899589258105,0.9999718498848247,0.02379201414879932,9.618097265889326e-05,0.6662259945036731,-0.013126657011721056,1.593367374031185e-05,-0.045054159429676145,1.5646151646431847,0.28744027377337544,1.5907993350571696,0.020371192587680713,0.00010033330593232445,0.06934444640963229,0.07276526798788427,0.05096095787148329,double,1,1,174.16936670025748,174.0144671206917,348.1838338209492,44.820545944779816,26.57814721358013,0.030768673432626653,0.0,0.0,0.0,authored_keyframe,0
36,0.72,horse_stance_hold,0.1565217391304348,transition,nominal,-0.006378323064940887,2.957288084141492e-06,0.7545209038286281,0.9999656413228977,0.023520807850205584,9.658689392101966e-05,0.6652430244709855,-0.014816386562583538,2.3809472249779872e-05,-0.046463697600450805,1.6260092709232363,0.29974895333158535,1.6534072650595484,0.019662490363090274,0.00010278709008573784,0.06869028970084999,0.07254860721659598,0.05107785204549159,double,1,1,174.2880422049395,174.13108971299243,348.41913191793196,46.4956603228794,27.55688330476856,0.03185243293400554,0.0,0.0,0.0,authored_keyframe,0
37,0.74,horse_stance_hold,0.16086956521739132,transition,nominal,-0.0072854120826039625,3.7342693795117824e-06,0.7532130731875903,0.9999581229029371,0.023215159162128362,9.714605587653885e-05,0.6642318283181077,-0.016549896546979068,3.123925709432957e-05,-0.047860854494166244,1.688445418017606,0.3121154481109299,1.7170509551478474,0.01890869714905316,0.00010527484832013734,0.06799380412468219,0.07230026618003642,0.05120374381561217,double,1,1,174.37849308187754,174.21586719725758,348.59436027913506,48.16019386982294,28.507170855979126,0.03291890462219208,0.0,0.0,0.0,authored_keyframe,0
38,0.76,horse_stance_hold,0.16521739130434784,transition,nominal,-0.008235092876440447,4.671769601942475e-06,0.7518668489331519,0.9999490655445047,0.022874297437412525,9.7845942029326e-05,0.6631927879151266,-0.018317398860845668,3.79500517032025e-05,-0.049241654552047404,1.7516856898170057,0.3245405784242697,1.7814963774741834,0.018111641637307566,0.00010771322914970899,0.06725657845776159,0.07201923431578244,0.0513385000888122,double,1,1,174.45682686752514,174.28776673812308,348.74459360564816,49.81177447407766,29.427933551757373,0.03396654008977061,0.0,0.0,0.0,authored_keyframe,0
39,0.78,horse_stance_hold,0.16956521739130437,transition,nominal,-0.00922692201859751,5.7530772500839e-06,0.7504828972254931,0.9999382105969793,0.022497595783756003,9.867075615346131e-05,0.662126528021799,-0.02011377560658121,4.382104612349582e-05,-0.05058943784385451,1.8151357167912074,0.33696113744476974,1.8461474693315276,0.017272074858958056,0.0001100553811957104,0.066479111005322,0.07170463200557502,0.05148187588730532,double,1,1,174.52773842695242,174.3515924558863,348.87933088283876,51.44732003250959,30.317880547783094,0.034994047798425715,0.0,0.0,0.0,authored_keyframe,0
40,0.8,horse_stance_hold,0.1739130434782609,transition,nominal,-0.01026027924912364,6.959969713031959e-06,0.7490622961321537,0.9999252774149373,0.022084503534965945,9.960268488070053e-05,0.6610340118872902,-0.021935947643551806,4.8764748059445506e-05,-0.051888085142907533,1.8782523235552422,0.34928764736908435,1.9104537815778992,0.016390289335390808,0.0001122612180496755,0.06566145678114338,0.07135567107545301,0.05163360213976484,double,1,1,174.58824060292505,174.40444434655976,348.9926849494848,53.06356759207578,31.175573494658284,0.03600015958667116,0.0,0.0,0.0,authored_keyframe,0
41,0.8200000000000001,horse_stance_hold,0.1782608695652174,transition,nominal,-0.011334464886757725,8.272747463749212e-06,0.7476064596885923,0.9999099677345616,0.02163453222810715,0.00010062240325173986,0.6599164724073181,-0.02378066319755939,5.271470780147658e-05,-0.053126171218019685,1.9406471670066967,0.36143334553354445,1.9740176012575692,0.015466680244520047,0.00011429470971251681,0.06480380490036064,0.07097165699943678,0.05179342178363844,double,1,1,174.6344044035364,174.44250779082049,349.07691219435696,54.657347739475355,31.999511531714823,0.03698356518310938,0.0,0.0,0.0,authored_keyframe,0
42,0.84,horse_stance_hold,0.1826086956521739,transition,nominal,-0.012448744489431939,9.670615070929202e-06,0.7461170322529884,0.9998919667569243,0.021147270217372123,0.00010170945340794916,0.658775321882674,-0.025643640781592522,5.5621819334942627e-05,-0.05429624226853511,2.002046416051506,0.3733246108365718,2.0365561905041947,0.014501981692566434,0.00011612328180709877,0.0639067179541598,0.07055200661628526,0.05196109821745727,double,1,1,174.66370737294062,174.46338507904755,349.1270924519882,56.22553828382221,32.78804915938942,0.037942932700454075,0.0,0.0,0.0,authored_keyframe,0
43,0.86,horse_stance_hold,0.18695652173913044,transition,nominal,-0.013602349569872236,1.1149244178110987e-05,0.7445958407520652,0.999870943797779,0.020622389913229584,0.00010284084896477318,0.6576121110376307,-0.02752020247371876,5.7441966294824193e-05,-0.05539228097585005,2.0622162438489746,0.3848945252416792,2.0978273599025234,0.013497108482756082,0.00011771320232631765,0.06297101948193468,0.07009630107452948,0.052136432066648655,double,1,1,174.67419140051345,174.46503355064635,349.1392249511598,57.76466456888288,33.5389066319527,0.038876918870046524,0.0,0.0,0.0,authored_keyframe,0
44,0.88,horse_stance_hold,0.19130434782608696,transition,nominal,-0.014794481061052338,1.2677514580929319e-05,0.7430449396167066,0.9998465571051269,0.020059608609094795,0.00010399625087408839,0.6564285655129808,-0.029407462428638717,5.8175950445632284e-05,-0.056406921379006596,2.1209115240710967,0.3960635833332001,2.1575755038886397,0.012452549637070027,0.0001190450802951042,0.06199735013581247,0.06960440929540622,0.052319329110317066,double,1,1,174.6608321990024,174.44253912227774,349.10337132128006,59.27231941071062,34.250928652935336,0.03978408429870636,0.0,0.0,0.0,authored_keyframe,0
45,0.9,horse_stance_hold,0.1956521739130435,transition,nominal,-0.0160242738522966,1.4229946353310834e-05,0.7414663955241516,0.999818449332573,0.01945881326570867,0.0001051536776644931,0.6552263907131374,-0.03129602800824816,5.780259387350111e-05,-0.05734168733161499,2.1780504716008378,0.4068188556040067,2.2157178155432127,0.011370640697509852,0.0001200922300589111,0.06098797009759826,0.06907614287802744,0.052509614552686365,double,1,1,174.62729739550917,174.39994227502456,349.02723967053373,60.746433390095085,34.92311237322885,0.04066319204499995,0.0,0.0,0.0,authored_keyframe,0
46,0.92,horse_stance_hold,0.2,transition,nominal,-0.01729070405731664,1.5783181118924364e-05,0.7398623199283814,0.9997862420236978,0.01882007569781594,0.00010629088998316248,0.6540073133827972,-0.03317701211736098,5.6315331024874163e-05,-0.05819306378353924,2.2333961553614134,0.4171354406229206,2.2720168050889984,0.010253760107792831,0.00012083152722949401,0.059945153718057226,0.06851146954263374,0.05270707029765563,double,1,1,174.57783558678068,174.34155509960473,348.91939068638544,62.18448483588918,35.553933424716625,0.041513212792702675,0.0,0.0,0.0,authored_keyframe,0
47,0.9400000000000001,horse_stance_hold,0.20434782608695654,transition,nominal,-0.01859257050827544,1.7334517787136383e-05,0.7382350483438976,0.999749545046325,0.018143584866526948,0.00010738384826047617,0.6527732290274333,-0.03504514143734717,5.377068579575602e-05,-0.05895132181258154,2.2865857820205395,0.42695047404861775,2.326104306738806,0.009103458922040576,0.00012125435218137104,0.05887052762312499,0.06791065382312961,0.05291152608929605,double,1,1,174.51090839001571,174.26605847054597,348.77696686056174,63.58455627671556,36.1428957292408,0.04233315529404807,0.0,0.0,0.0,authored_keyframe,0
48,0.96,horse_stance_hold,0.20869565217391306,transition,nominal,-0.019928524218367986,1.885377515838984e-05,0.7365870941705573,0.9997079630072628,0.01742968119358537,0.00010841684828593195,0.6515261509586978,-0.036892282281427956,5.051988987590207e-05,-0.0596109838623248,2.3373335387410346,0.4362344019682197,2.377693951034123,0.007922167811835414,0.00012143633364537991,0.057766493081699906,0.0672740067360356,0.0531227556399814,double,1,1,174.42904786175387,174.17609840974865,348.6051462715026,64.94507122012605,36.68998898971377,0.043122193478352465,0.0,0.0,0.0,authored_keyframe,0
49,0.98,horse_stance_hold,0.21304347826086958,transition,nominal,-0.021297053735535004,2.032004168315744e-05,0.7349211103206835,0.9996610926469587,0.016678885134463174,0.0001093769483752396,0.6502681854857179,-0.0387095801049079,4.6608414907060814e-05,-0.06016705951605816,2.3853504810817916,0.44496260119661213,2.4264971943237006,0.006712671096188946,0.00012137680571519472,0.056635661041677214,0.0666018753633538,0.053340422907841696,double,1,1,174.33397042634476,174.0733612099799,348.40733163632467,66.26412410911986,37.19451527950834,0.04387975316494543,0.0,0.0,0.0,authored_keyframe,0
50,1.0,horse_stance_hold,0.2173913043478261,transition,nominal,-0.022696475601051,2.173961568987565e-05,0.733239958890022,0.9996085307444038,0.015891849947848133,0.00011024853244532766,0.6490015911484737,-0.04049111947326012,4.2014241007127085e-05,-0.06061103366304828,2.4302993815432323,0.4530789504236051,2.4721722470827903,0.005477116453791888,0.00012105502850511782,0.05548011859040609,0.06589485237214104,0.05356421508451634,double,1,1,174.22401347199255,173.95630974238125,348.1803232143738,67.5399944241484,37.656146490646684,0.04460531330610169,0.0,0.0,0.0,authored_keyframe,0
51,1.02,horse_stance_hold,0.22173913043478263,transition,nominal,-0.024124964297370866,2.309290890122355e-05,0.7315466701787837,0.9995498830123645,0.015069374003981811,0.0001110216304350001,0.6477287317570218,-0.0422289014764913,3.6900641833919145e-05,-0.06093937553414208,2.4719458558291145,0.46055094915354505,2.5144827481843985,0.00421832159074647,0.00012050354411548712,0.054302597405268015,0.06515365010106194,0.05379382031000571,double,1,1,174.09837339763715,173.8235633018354,347.92193669947255,68.77146364958531,38.0752404739303,0.045298422669072004,0.0,0.0,0.0,authored_keyframe,0
52,1.04,horse_stance_hold,0.22608695652173916,transition,nominal,-0.025580538238529425,2.4370879074054085e-05,0.7298443479801863,0.9994847609813333,0.014212442617584857,0.0001116853743759557,0.6464520018984566,-0.04391318738711603,3.130355119511439e-05,-0.0611507525262508,2.5100773181357896,0.4673617177258971,2.5532166218743484,0.002939725736356461,0.00011972113973474849,0.0531063652562833,0.06437908240384266,0.05402888611765312,double,1,1,173.9586813722541,173.67751183353874,347.63619320579284,69.95721039665817,38.45164777593084,0.04595879364982033,0.0,0.0,0.0,authored_keyframe,0
53,1.06,horse_stance_hold,0.23043478260869568,transition,nominal,-0.02706104925346474,2.5571513370900684e-05,0.7281362373070666,0.9994127874633163,0.013322187965013034,0.00011223070506398299,0.6451738935994681,-0.0455380215090015,2.5312162730392154e-05,-0.06123760547756949,2.544380571028539,0.47345551166483557,2.5880557590116418,0.0016439304634965589,0.000118722026919663,0.051893986682135164,0.06357224442123435,0.054269095873595574,double,1,1,173.80597610436118,173.51890644850567,347.3248825528668,71.09616120688352,38.785617948996105,0.04658620797063517,0.0,0.0,0.0,authored_keyframe,0
54,1.08,horse_stance_hold,0.2347826086956522,transition,nominal,-0.028564216158127695,2.6679596184168148e-05,0.7264257116297975,0.9993336074902321,0.012399908547726192,0.00011265245695194593,0.6438969662088465,-0.047093645690256335,1.9067321678559026e-05,-0.06119941947297188,2.5746574692675246,0.4788191177410361,2.618802938666703,0.00033466764343884764,0.0001175374435797481,0.05066902847379559,0.06273426957282201,0.05451408695682514,double,1,1,173.6399340928121,173.34708140615606,346.9870154989682,72.18747168782201,39.07720093378765,0.047180584076492435,0.0,0.0,0.0,authored_keyframe,0
55,1.1,horse_stance_hold,0.23913043478260873,transition,nominal,-0.03008759942901637,2.7700936111129773e-05,0.7247162389710181,0.9992468860039736,0.011447063359601386,0.0001129434141591224,0.6426238373594012,-0.04857367445811136,1.2567242185329471e-05,-0.06103008833969838,2.600624827151723,0.48340194273779546,2.645170491639547,-0.0009850473728241337,0.00011615991668219094,0.049434414332933045,0.06186652520163528,0.05476350741106714,double,1,1,173.4628821314523,173.16576606229276,346.6286481937451,73.23033844938269,39.32737517272068,0.04774194454739286,0.0,0.0,0.0,authored_keyframe,0
56,1.12,horse_stance_hold,0.24347826086956526,transition,nominal,-0.03162864200513309,2.863127813524394e-05,0.7230114280377921,0.9991523225319325,0.010465259098270547,0.0001131025369039578,0.641357207076318,-0.04996980251321479,6.040871798709356e-06,-0.06072746377081015,2.6220653665684246,0.4871808210153297,2.6669405578157863,-0.0023115709798789755,0.00011464713361265169,0.0481936303560791,0.06097046049670851,0.055016973444502765,double,1,1,173.27488989890253,172.97346595250966,346.24835585141216,74.22411968371195,39.53651933817813,0.048270427747853506,0.0,0.0,0.0,authored_keyframe,0
57,1.1400000000000001,horse_stance_hold,0.24782608695652172,transition,nominal,-0.03318466093307652,2.946692363103105e-05,0.7213149901180519,0.9990496516650803,0.009456244990430707,0.00011312922718329244,0.6400998383173346,-0.05127641221354766,-4.761614073581518e-07,-0.06028605079153593,2.63873146703415,0.4901041342972999,2.6838602455365486,-0.0036418153028659143,0.00011300759638749994,0.0469496488525577,0.06004770911810224,0.055274101563666994,double,1,1,173.07821155899583,172.77336242058402,345.8515739795798,75.16812786703663,39.70570803985696,0.048766259275734754,0.0,0.0,0.0,authored_keyframe,0
58,1.16,horse_stance_hold,0.25217391304347825,transition,nominal,-0.03475288658384703,3.0214730921759016e-05,0.7196307688791805,0.9989386578211186,0.008421894055552338,0.00011302453210985988,0.6388545723421263,-0.05248667674296544,-6.938429987593159e-06,-0.05970369167325494,2.650438788483796,0.49214247275417566,2.6957429374827355,-0.004972268821531281,0.00011125390254952066,0.04570583960153497,0.059100002343283976,0.05553450116699726,double,1,1,172.8713588801244,172.5644742251028,345.43583310522723,76.06187880791889,39.83577436017009,0.04922973074259148,0.0,0.0,0.0,authored_keyframe,0
59,1.18,horse_stance_hold,0.2565217391304348,transition,nominal,-0.036330457672843874,3.088396988511055e-05,0.7179626773945934,0.9988191751031666,0.007364210605678428,0.00011279317118849646,0.6376242832805145,-0.05359467840400472,-1.3170663002458084e-05,-0.05897808677284988,2.657020110558388,0.4932589948791176,2.702417492531616,-0.006299529403846714,0.00010943536551864824,0.04446546142440928,0.05812920117509261,0.05579778300671137,double,1,1,172.65649026661555,172.34833595009866,345.00482621671426,76.9049224114529,39.92736259708062,0.049661201378451474,0.0,0.0,0.0,authored_keyframe,0
60,1.2,horse_stance_hold,0.2608695652173913,transition,nominal,-0.03791443805945486,3.147987076803126e-05,0.7163147040283376,0.998691095337478,0.006285312659042893,0.00011244328830510067,0.6364118836423499,-0.05459557472944589,-1.901837027371096e-05,-0.05810686819124842,2.6583336574329643,0.49341098266882205,2.703736716483159,-0.007620362463840303,0.0001075992459133226,0.04323161826472412,0.05713729299164222,0.056063567380819725,double,1,1,172.43663983657626,172.12761319825438,344.5642530348307,77.69677874107693,39.98127941281427,0.05006107643528789,0.0,0.0,0.0,authored_keyframe,0
61,1.22,horse_stance_hold,0.26521739130434785,transition,nominal,-0.0395018402006789,3.200848977539423e-05,0.7146909084902225,0.9985543774799726,0.005187415822682362,0.00011198500436466468,0.635220319981823,-0.05548487511539044,-2.4729985239819477e-05,-0.05708901270835339,2.6542831335163704,0.49256019653351185,2.6995989517109042,-0.00893153092789159,0.00010569209401716279,0.04200741598616632,0.056126362185496735,0.056331484231340725,double,1,1,172.21246250103917,171.9097492750496,344.12221177608876,78.43694166199076,40.000242212925215,0.050429792008595556,0.0,0.0,0.0,authored_keyframe,0
62,1.24,horse_stance_hold,0.26956521739130435,transition,nominal,-0.041089639867083284,3.248840672363514e-05,0.713095392101753,0.9984090527131838,0.004072826028330405,0.00011143208270937972,0.6340525497541153,-0.05625781395946574,-2.8981940669266008e-05,-0.05592507947165074,2.6448073920701822,0.49068485219453795,2.6899401044116678,-0.010229641667455797,0.00010406398144469088,0.040796114726090724,0.05509858172487402,0.056601173118211286,double,1,1,171.99800078404382,171.6934543765583,343.69145516060206,79.12551042969119,39.98589564955599,0.05076781462010458,0.0,0.0,0.0,authored_keyframe,0
63,1.26,horse_stance_hold,0.2739130434782609,transition,nominal,-0.042674785231354526,3.28946055817738e-05,0.7115322661566734,0.9982552171770188,0.002943957253173301,0.00011080136286346608,0.6329115325968386,-0.05690587370501199,-3.2600715422158106e-05,-0.05461533008157925,2.6297504887905934,0.4878364176848539,2.674616234848274,-0.01151024397603923,0.00010252071852487186,0.039602049111367645,0.05405624949640348,0.05687226412323294,double,1,1,171.77461963577278,171.46859113019306,343.24321076596584,79.76313719228024,39.940162912591894,0.051075726055452124,0.0,0.0,0.0,authored_keyframe,0
64,1.28,horse_stance_hold,0.2782608695652174,transition,nominal,-0.04425411699725426,3.321665087721493e-05,0.7100056119353858,0.9980929986342435,0.0018034075677193216,0.0001101054170749098,0.6318002166927367,-0.057420523535559834,-3.5604776604198857e-05,-0.05316022523079023,2.608958176143469,0.48403219914547013,2.653478836296882,-0.012768705402868084,0.00010106967871826448,0.0384296272645859,0.05300173924562247,0.057144278330499246,double,1,1,171.54282761301914,171.23533609002564,342.7781637030448,80.33904785444365,39.854182901031464,0.051354355501683664,0.0,0.0,0.0,authored_keyframe,0
65,1.3,horse_stance_hold,0.28260869565217395,transition,nominal,-0.04582305781307003,3.3692074426166106e-05,0.7085182584925277,0.997922674788509,0.0006539408434788475,0.00010737408767282124,0.6307198464159122,-0.05779110626427777,-1.6817433304556805e-05,-0.05184615941338495,2.5885776858206326,0.4782703690124575,2.6323899751753754,-0.01399967333922508,0.00010310982981173475,0.037286071226314436,0.05193968477523128,0.05741917513480374,double,1,1,169.2846951597363,170.86137945871766,340.14607461845395,80.84009121457242,39.53898598150137,0.05160139726028377,0.0,0.0,0.0,authored_keyframe,0
66,1.32,horse_stance_hold,0.28695652173913044,transition,nominal,-0.04737349715899723,3.280125703982493e-05,0.707064839243236,0.9977444759869147,-0.0004989886886807213,0.00010289910058504282,0.6296650047339987,-0.05776387474471151,-0.0001882029307075414,-0.05066459212622843,2.561763244251755,0.47326037339364757,2.6051115716268223,-0.015133444996293322,5.521795768082105e-05,0.03625045014551866,0.0508848994965809,0.05770721066427157,double,1,1,171.04603912118617,170.84805311074473,341.8940922319309,81.330256877057,39.3126056510839,0.05181260156556011,0.0,0.0,0.0,authored_keyframe,0
67,1.34,horse_stance_hold,0.291304347826087,transition,nominal,-0.048902285357807815,3.034731762032508e-05,0.7056487533342037,0.9975577375410394,-0.0016496619433272917,9.67072629238187e-05,0.6286392983811346,-0.057567053409957644,-0.00034052391229693756,-0.04915187457644918,2.5238139799156603,0.46720836752613254,2.5666945014754208,-0.016222369854828285,1.050595129082672e-05,0.035262450475589915,0.04983514388412128,0.0579986477086188,double,1,1,171.16603777944155,170.80898341405938,341.97502119350094,81.78183230702474,39.104993246823845,0.052000477790169745,0.0,0.0,0.0,authored_keyframe,0
68,1.36,horse_stance_hold,0.29565217391304355,transition,nominal,-0.05040441085304569,2.643094303092412e-05,0.7042786067861114,0.9973632847212943,-0.002795034194350789,8.883934193088874e-05,0.6276489300937681,-0.05718654483135003,-0.00044319083496386936,-0.0472366032290114,2.4730485059581704,0.4603781293847277,2.5155351189831796,-0.017260011290575063,-2.3262994307730655e-05,0.03432594085262139,0.04879089620503923,0.058292494367837976,double,1,1,171.3704994405415,171.00245962815174,342.37295906869326,82.15509633440021,38.79126895743808,0.05216451785908968,0.0,0.0,0.0,authored_keyframe,0
69,1.3800000000000001,horse_stance_hold,0.3,transition,nominal,-0.05187581461696428,2.134789586189055e-05,0.7029617047419586,0.9971619144829641,-0.003932246739686968,7.925805441271001e-05,0.6266990044346841,-0.056727924438368035,-0.0006986560633308193,-0.04525993168597644,2.419704973076432,0.4503296156352794,2.4612535260409554,-0.018270356233883137,-9.732882469485786e-05,0.033415058879551054,0.047753129705652556,0.0585890897852335,double,1,1,171.28366144318204,169.67169338592328,340.9553548291054,82.47478998394064,38.435670851262174,0.05230226609727488,0.0,0.0,0.0,authored_keyframe,0
70,1.4000000000000001,horse_stance_hold,0.30434782608695654,transition,nominal,-0.05331476627507251,1.3679263048858248e-05,0.7017073389516877,0.9969546906900343,-0.005058294940197841,6.956978268026824e-05,0.6257976694203542,-0.0561411791324867,-0.00045690748829049636,-0.04286745489774198,2.3551356373545596,0.4388224838267849,2.3956688090488165,-0.019237895499362254,-4.5831528381638575e-05,0.032542615999845814,0.0467221882058592,0.058884867793784004,double,1,1,170.09481704006708,169.7680767575842,339.8628937976513,82.74690680771444,38.176966333127666,0.05241610451040449,0.0,0.0,0.0,authored_keyframe,0
71,1.42,horse_stance_hold,0.30869565217391304,transition,nominal,-0.05471843926876398,6.033755394672873e-06,0.7005227310887753,0.9967431342184645,-0.00617053535460211,6.077526256656289e-05,0.6249506321029651,-0.055397412846538624,-0.00042780316185432783,-0.040041287952594935,2.279022807935258,0.4267734936229372,2.3186376547335366,-0.020152810212146047,-4.720200724825514e-05,0.03171790768092142,0.04570015409373339,0.059180277532536324,double,1,1,170.06292367881062,169.7418369387784,339.80476061758895,82.95345264864571,37.93511521714614,0.052503997332728404,0.0,0.0,0.0,authored_keyframe,0
72,1.44,horse_stance_hold,0.3130434782608696,transition,nominal,-0.05608592226132483,-1.0015221573613244e-06,0.6994180711172935,0.996528471036578,-0.007267554095955097,5.242118189843867e-05,0.6241655622045092,-0.05459529033568784,-0.00040920208458319245,-0.03693525478196049,2.1977418194180443,0.4126684090944573,2.2361494405972704,-0.021038715796387032,-5.0796294193365544e-05,0.03091336645750074,0.04468449927963155,0.05946850956999383,double,1,1,169.81628228729713,169.51970403373136,339.3359863210285,83.09379505922016,37.678930399133115,0.0525666845918852,0.0,0.0,0.0,authored_keyframe,0
73,1.46,horse_stance_hold,0.3173913043478261,transition,nominal,-0.057414701634825815,-7.5265688469262084e-06,0.6983984137130957,0.9963126316804803,-0.008347636883413492,4.4408056040422356e-05,0.6234458147719637,-0.0536828708371529,-0.0003930665475390766,-0.03374168253921378,2.11407720248571,0.3969653528205917,2.151023921161683,-0.02188083956374185,-5.468219699093667e-05,0.03014548372470709,0.04367865713093369,0.05975144399159623,double,1,1,169.43636565290632,169.1680699434504,338.60443559635667,83.17300943411117,37.4041936562361,0.05260094697666232,0.0,0.0,0.0,authored_keyframe,0
74,1.48,horse_stance_hold,0.32173913043478264,transition,nominal,-0.058702402158974105,-1.3691374976276771e-05,0.697464826632743,0.9960970356804514,-0.00940807468658298,3.671076432453191e-05,0.6227918481622985,-0.05261677973481502,-0.00037749840087112485,-0.030567324787036276,2.028892557889892,0.3802112008733912,2.0642106405913556,-0.0226655620171741,-5.8404905849328834e-05,0.02942957821317156,0.042687036014053756,0.0600310121400157,double,1,1,168.99294591133753,168.75231122294005,337.7452571342776,83.19591994878218,37.11159113506698,0.05260608254697404,0.0,0.0,0.0,authored_keyframe,0
75,1.5,horse_stance_hold,0.32608695652173914,transition,nominal,-0.0599462758306555,-1.9588492316271445e-05,0.6966166444816079,0.9958825733251015,-0.010445496972466247,2.9328150234797538e-05,0.6222027580841325,-0.051372542154994254,-0.00036164338164120695,-0.027450992757928637,1.94205380227588,0.36277006191577554,1.9756454866085107,-0.02338335912047669,-6.174953488924693e-05,0.028776088958088572,0.04171392151517486,0.06030815228317071,double,1,1,168.53680714310778,168.32344809103046,336.8602552341382,83.16604389302877,36.80322964195959,0.05258327012870755,0.0,0.0,0.0,authored_keyframe,0
76,1.52,horse_stance_hold,0.3304347826086957,transition,nominal,-0.06114299163667325,-2.5278317202218025e-05,0.6958529980449257,0.9956698404928912,-0.01145623968166159,2.227140209349386e-05,0.6216774220936827,-0.04994308061156404,-0.0003450489849196507,-0.024383658230486566,1.8530577063542317,0.3448192668464351,1.8848668891641445,-0.024028789669615802,-6.459039253498352e-05,0.028190789161804893,0.04076330972902076,0.06058306534302675,double,1,1,168.10032843427177,167.91421399821422,336.014542432486,83.08535675696668,36.481551452605935,0.0525344730978419,0.0,0.0,0.0,authored_keyframe,0
77,1.54,horse_stance_hold,0.3347826086956522,transition,nominal,-0.06228880672216132,-3.0803059779514065e-05,0.6951736820226687,0.995459384183299,-0.0124366505013052,1.5557908807611577e-05,0.6212152127745102,-0.04833451006479603,-0.0003275008178855064,-0.021330778084809945,1.7615151830585802,0.3263918583696022,1.7914986422980805,-0.024599738766847852,-6.685569897777304e-05,0.027675778143268402,0.03983883741329906,0.060855519798594666,double,1,1,167.6972903865504,167.53839377799142,335.2356841645418,82.95448407361738,36.1487454175542,0.05246166694295844,0.0,0.0,0.0,authored_keyframe,0
78,1.56,horse_stance_hold,0.33913043478260874,transition,nominal,-0.06337986902717963,-3.6189048778560084e-05,0.6945794593980409,0.9952518775089183,-0.01338329471094668,9.207860805536952e-06,0.6208162814379111,-0.04656080704122658,-0.00030890393200596103,-0.018252228394608203,1.6674398184929038,0.3074315066823865,1.695544065955424,-0.025096278568092538,-6.850098916759672e-05,0.027230796880640805,0.038943752436220835,0.061125078089886944,double,1,1,167.32676447821663,167.19491096214225,334.5216754403589,82.77311884105754,35.80650424654734,0.05236640886020191,0.0,0.0,0.0,authored_keyframe,0
79,1.58,horse_stance_hold,0.34347826086956523,transition,nominal,-0.06441249453800965,-4.14463170435429e-05,0.6940719581921928,0.9950482031124579,-0.014293056764121227,3.242726888506704e-06,0.620481508430141,-0.04463889816400659,-0.00028921083483494,-0.01511592443313258,1.571357109029626,0.2878451816675223,1.5975036815942407,-0.02551953100329838,-6.94924462565903e-05,0.026854482369750115,0.038080929276792984,0.061391243421515584,double,1,1,166.97910733149558,166.8739326031562,333.8530399346518,82.54048171623826,35.456009237652914,0.05224968784723048,0.0,0.0,0.0,authored_keyframe,0
80,1.6,horse_stance_hold,0.3478260869565218,hold,nominal,-0.06538335152957651,-4.656871881175795e-05,0.6936533446603852,0.9948494563082246,-0.01516315737388422,-2.3152758408240865e-06,0.620212260037783,-0.04258508569206899,-0.0002683883133372657,-0.011904312299277615,1.4742947096175694,0.2675439446774394,1.4983740030913235,-0.02587078341515419,-6.979903562101974e-05,0.026545318822479715,0.037252918778439364,0.06165354066160122,double,1,1,166.64166084425082,166.5626000822946,333.2042609265454,82.25570322851623,35.09802520196482,0.05211196784115978,0.0,0.0,0.0,authored_keyframe,0
81,1.62,horse_stance_hold,0.35217391304347834,hold,nominal,-0.06628953907874069,-5.1535170534036674e-05,0.69332593487942,0.9946568943754556,-0.015991116469713046,-7.443339800724083e-06,0.6200100825789899,-0.04041304862988683,-0.00024640889714477735,-0.0086150469830805,1.3777172514249252,0.2464679668300984,1.3995896839957105,-0.026150947513794452,-6.93904793416388e-05,0.02630220773645979,0.03646201421751318,0.06191154956289576,double,1,1,166.30286869824877,166.24914939294067,332.55201809118944,81.91873049026651,34.74919714091187,0.05194922582321737,0.0,0.0,0.0,authored_keyframe,0
82,1.6400000000000001,horse_stance_hold,0.3565217391304348,hold,nominal,-0.067128635123415,-5.6307020930787744e-05,0.6930850029898077,0.99447460089414,-0.016774042006458805,-1.2118670278449848e-05,0.6198715939482276,-0.038080471450778676,-0.00022324152888039643,-0.005641351561374442,1.2835244093554348,0.22489689837832164,1.3030784797207753,-0.02634639444521043,-6.823527051988954e-05,0.026139429419713235,0.03571175909053745,0.06216565891429463,double,1,1,165.75738909142243,165.72853225433607,331.48592134575847,81.54293299950034,34.41932693505273,0.05175617619889081,0.0,0.0,0.0,authored_keyframe,0
83,1.6600000000000001,horse_stance_hold,0.36086956521739133,hold,nominal,-0.06790074854563191,-6.0832166083996385e-05,0.6929130960985695,0.9943075531346068,-0.01750786372782916,-1.631613999991923e-05,0.6197839040105966,-0.03551852164003723,-0.00019871639809211744,-0.003494689662119165,1.189964800622366,0.20351087563455852,1.2072418577989135,-0.026435582969210634,-6.626428336029019e-05,0.026080198918115232,0.0350078974710801,0.06241740781394921,double,1,1,164.9803182524047,164.97595727582876,329.95627552823345,81.15103335963826,34.10001234904515,0.051536976599255324,0.0,0.0,0.0,authored_keyframe,0
84,1.68,horse_stance_hold,0.3652173913043478,hold,nominal,-0.06860797444756421,-6.505680196519443e-05,0.6927868234198842,0.9941571182352154,-0.01818771101891595,-2.0006408557788185e-05,0.6197290522544553,-0.032707932302302616,-0.00017266655018510088,-0.0022551855496191803,1.0931240627996033,0.1829498638921243,1.108327961106124,-0.026408613839892334,-6.340490028711789e-05,0.026135892531696667,0.03435677703877276,0.06266837199580207,double,1,1,164.25068036302585,164.2697533596686,328.5204337226945,80.75769082253599,33.78936424858156,0.051300410028248346,0.0,0.0,0.0,authored_keyframe,0
85,1.7,horse_stance_hold,0.3695652173913044,hold,nominal,-0.06925110962535572,-6.892906829540811e-05,0.6926851861282658,0.9940222263530116,-0.018808777607803192,-2.315945830077947e-05,0.6196904316053458,-0.02966939598576714,-0.00014517202873225854,-0.001757876655405526,0.9909581200632402,0.16352791686308207,1.0043601820626156,-0.026265733881968276,-5.9646263458781366e-05,0.02630695581846072,0.03376389643056813,0.06291939221192039,double,1,1,163.71544128270276,163.75607446452568,327.4715157472284,80.3696669336538,33.487770269772405,0.05105550139884119,0.0,0.0,0.0,authored_keyframe,0
86,1.72,horse_stance_hold,0.3739130434782609,hold,nominal,-0.06982913034927608,-7.236972370974247e-05,0.6925934370794365,0.9939010033246766,-0.01936703482941156,-2.5758799069288175e-05,0.6196560822146349,-0.026456525884619497,-0.00011855012437501458,-0.0017321270085748196,0.88398810399475,0.14514780145812758,0.8958252353402203,-0.02601630025283368,-5.555376332071463e-05,0.02658413957429547,0.03323339199975717,0.06317065994842992,double,1,1,163.41477380983417,163.49717537241546,326.91194918224966,79.98629386236004,33.191040627552454,0.05080915651401773,0.0,0.0,0.0,authored_keyframe,0
87,1.74,horse_stance_hold,0.37826086956521743,hold,nominal,-0.07034007236876398,-7.502245049950528e-05,0.6925042014996837,0.993791996971617,-0.0198599702289201,-2.7853286493005164e-05,0.6196198813732534,-0.023161243553858093,-9.208170303514775e-05,-0.0018794824215622973,0.7747667461334948,0.127272088047213,0.7851507468697848,-0.025680868935434854,-5.0995319641811767e-05,0.026947483693402625,0.0327683720492175,0.06342223881559314,double,1,1,163.3494794251467,163.46939809589207,326.81887752103876,79.6025062282007,32.902135542175685,0.05056503805896852,0.0,0.0,0.0,authored_keyframe,0
88,1.76,horse_stance_hold,0.3826086956521739,hold,nominal,-0.07078239021972332,-7.699738833027325e-05,0.692416518709433,0.9936948096118837,-0.02028675175154021,-2.9352058546285265e-05,0.6195808581141637,-0.019848743648463528,-6.0469762171914015e-05,-0.0019965128050363446,0.6651222277227384,0.10960278795055321,0.6740922406743697,-0.0252749937543511,-4.4548879710796404e-05,0.02738195581027141,0.03237019076577706,0.0636741323621625,double,1,1,163.41013026709751,163.54285390056876,326.9529841676663,79.21372881316451,32.6226123542598,0.050323481653812806,0.0,0.0,0.0,authored_keyframe,0
89,1.78,horse_stance_hold,0.3869565217391305,hold,nominal,-0.0711550379630069,-7.837383745401545e-05,0.6923326395576043,0.9936097509700909,-0.02064737372972744,-3.019298202146763e-05,0.6195406603984609,-0.01654793530132389,-2.6782974311680172e-05,-0.0020003837429619195,0.5557443483807012,0.09196709843101768,0.563302519034764,-0.024805945659068115,-3.692366612970771e-05,0.02787977916460378,0.032038347722466456,0.0639261186851072,double,1,1,163.51526287803847,163.6564644304903,327.1717273085288,78.82963620204511,32.26398900723541,0.05008296774843222,0.0,0.0,0.0,authored_keyframe,0
90,1.8,horse_stance_hold,0.391304347826087,hold,nominal,-0.07144326026134983,-7.264913892241731e-05,0.6922392881638851,0.9935365956219526,-0.02093509053383782,-3.835577503119864e-05,0.6194842624500677,-0.01264649571031664,5.593005376655733e-05,-0.003294450482571862,0.43572470181332706,0.07473605855170062,0.44208765445119136,-0.024113068167192244,-2.4300936127688728e-05,0.02861088811650611,0.031788872495633995,0.06419270962580353,double,1,1,163.31227207693985,163.94687313878285,327.25914521572275,78.45328148239288,31.994414647484028,0.04984176703769819,0.0,0.0,0.0,authored_keyframe,0
91,1.82,horse_stance_hold,0.3956521739130435,hold,nominal,-0.07165528694046006,-7.932304129671561e-05,0.6921439023138101,0.9934748674755869,-0.02114920173983584,-3.587927216868174e-05,0.6194255110067648,-0.009221650465815886,0.00011227812001668208,-0.002556537730324061,0.3190789600777004,0.058855540782537394,0.32446164248655285,-0.02346642936334828,-7.665888655269487e-06,0.029294361052444224,0.03161160183984494,0.06445719111814047,double,1,1,164.23816266479665,164.3636055915281,328.60176825632476,78.05084072746965,31.747220629901868,0.04960804892064182,0.0,0.0,0.0,authored_keyframe,0
92,1.84,horse_stance_hold,0.4,hold,nominal,-0.07179076559806626,-7.45956948960488e-05,0.6920618799572743,0.9934262011891192,-0.021293507236894237,-4.209500161524582e-05,0.6193712545838451,-0.005710596989583013,-0.00032577228288213026,-0.0022931295754853513,0.2054623058516822,0.04108896414269666,0.20953057557361413,-0.02272841019584724,-0.00012395187463660334,0.030062227827902837,0.031497086878227484,0.06471717672909913,double,1,1,164.47787354584227,164.62676708171207,329.10464062755426,77.61524658373838,31.52896287026061,0.04936959896220148,0.0,0.0,0.0,authored_keyframe,0
93,1.86,horse_stance_hold,0.4043478260869566,hold,nominal,-0.07186046049607805,-7.311800381545354e-05,0.6920088340777906,0.9933932687550391,-0.021374193821604597,-4.729912822603305e-05,0.6193386864621123,-0.0026864486347852406,-0.00021756971078954992,-0.001099365638970571,0.09705049015345349,0.021497184872813567,0.09940285004204606,-0.02204920061220757,-0.00010196647987789592,0.030759702461636042,0.03143467745991487,0.06496507956879063,double,1,1,164.41200726937439,164.56206076579448,328.9740680351689,77.14266372661012,31.406607896675386,0.04912269800580042,0.0,0.0,0.0,authored_keyframe,0
94,1.8800000000000001,horse_stance_hold,0.40869565217391307,hold,nominal,-0.07186073571252292,-7.27060863013606e-05,0.6919851396634136,0.9933787731208122,-0.021394400498111116,-5.356349890488821e-05,0.6193238825422076,0.0005168002795868161,-0.0006786155710911504,-0.0008432527990819848,0.039990985582168626,0.011480196184198781,0.0416061754101589,-0.021264548944503612,-0.00022407286139765095,0.0315620746367157,0.031432116364850396,0.06521454621268633,double,1,1,164.17494640079838,164.1718007259088,328.34674712670716,76.68385444657683,31.21190484052198,0.04885878339312312,0.0,0.0,0.0,authored_keyframe,0
95,1.9000000000000001,horse_stance_hold,0.41304347826086957,hold,nominal,-0.0717900094801877,-6.847871333347592e-05,0.691974726102049,0.993382275483363,-0.021350132505484336,-6.526905143471139e-05,0.6193184985687404,0.0035459284803694814,-0.0004986429456358746,0.00019605287129744955,0.11956735208099688,0.02100103901945005,0.12139767429221011,-0.020459184224402488,-0.00019055783764327608,0.032393177076004094,0.031502138397489395,0.06547269078117485,double,1,1,164.27308871701865,164.41108256654937,328.684171283568,76.19032964324217,31.08797731516975,0.04858627665885272,0.0,0.0,0.0,authored_keyframe,0
96,1.92,horse_stance_hold,0.4173913043478261,hold,nominal,-0.07165977656176471,-7.059378050594809e-05,0.691989180203892,0.9934024040953612,-0.021246599941006028,-7.5573085709163e-05,0.6193287047653997,0.006659828780508148,-0.0008779337845370939,0.00022576034601822021,0.22409378691267412,0.04158416123097528,0.22791943269091106,-0.019573240783122583,-0.00029616412292473606,0.03329579599118723,0.031622263922226015,0.06572306176781012,double,1,1,163.91463449591558,163.46400160163608,327.3786360975517,75.70982562732941,31.062631366470907,0.04830137308487576,0.0,0.0,0.0,authored_keyframe,0
97,1.94,horse_stance_hold,0.4217391304347826,hold,nominal,-0.07145855633143197,-6.916711634732531e-05,0.6920086651827454,0.9934383695219989,-0.021078612756878494,-9.206325631812398e-05,0.6193409434633982,0.009735330621605913,-0.000719934231427071,0.0009673703138133228,0.32706755056914893,0.05757748711287453,0.33209689799444986,-0.018632473952264465,-0.0002729568621660203,0.034263216736006394,0.03181691394406214,0.06598404452950488,double,1,1,164.13252074744864,164.2092089780549,328.3417297255035,75.20601100123815,30.94761446142425,0.0480114868063881,0.0,0.0,0.0,authored_keyframe,0
98,1.96,horse_stance_hold,0.42608695652173917,hold,nominal,-0.07120167097513493,-7.686470711039236e-05,0.6920489061582912,0.993488526608934,-0.020852201311893553,-0.00010478772652729991,0.6193675469905564,0.012612384299327884,-0.0005783649139410261,0.001590828310741656,0.4242815606415459,0.07461971002969557,0.43079338879019674,-0.01768309422606878,-0.00025011317042933953,0.035226741184040594,0.03205749334384713,0.06623313352546437,double,1,1,163.9431757191447,163.99283405187475,327.9360097710195,74.70547163799148,30.864446085448005,0.047714571129213776,0.0,0.0,0.0,authored_keyframe,0
99,1.98,horse_stance_hold,0.43043478260869567,hold,nominal,-0.07087413794588664,-8.096507015863007e-05,0.692094737303622,0.9935525693572166,-0.020564327889994613,-0.0001225078851258747,0.6193926230098259,0.01586819071753533,-0.0009974539201926703,0.0011910493405243483,0.5315931063303448,0.0925606837744985,0.5395912442569357,-0.016577055346546625,-0.00037314267393918465,0.03635609764306213,0.03236855294324744,0.06649224078076187,double,1,1,164.0359042297969,163.9759976389867,328.01190186878364,74.20387272392817,30.775428487728362,0.04741058628314931,0.0,0.0,0.0,authored_keyframe,0
100,2.0,horse_stance_hold,0.4347826086956522,hold,nominal,-0.07048640523298644,-8.967435618814824e-05,0.6921479627580167,0.9936284658066378,-0.020215107557240063,-0.00014010632031945356,0.6194232322638916,0.018737490256658912,-0.0008058425245691009,0.0017948541506300423,0.628163772481878,0.1071602210139803,0.6372386036850167,-0.015506736716908522,-0.00034259904440409587,0.03744315082273783,0.032734543151438526,0.06674473255026872,double,1,1,164.0257935516185,163.95714997376626,327.98294352538477,73.68513818050181,30.642767727947593,0.04710749668533995,0.0,0.0,0.0,authored_keyframe,0
101,2.02,horse_stance_hold,0.4391304347826087,hold,nominal,-0.07004041445955186,-0.00010471288933643908,0.6922184866116071,0.993716442019782,-0.019809794731614955,-0.0001550087524736299,0.6194644239032485,0.021505476381500063,-0.0007033855127653777,0.002256528152029733,0.7213348061478738,0.12294587470494849,0.7317373782084359,-0.014405702549972262,-0.0003317618772491422,0.0385526298616636,0.03314832369802065,0.06699103824581742,double,1,1,163.91183557150075,163.83713124166826,327.748966813169,73.15973105539014,30.504508034423594,0.04679820668447082,0.0,0.0,0.0,authored_keyframe,0
102,2.04,horse_stance_hold,0.44347826086956527,hold,nominal,-0.06953480290064958,-0.0001205791498064214,0.6923027516054449,0.9938165548885999,-0.019349794362075474,-0.0001683141545836915,0.6195134683761713,0.0242146022317791,-0.0006380130582725528,0.0025958554211703583,0.8122469408686647,0.13847176976792225,0.8239657298535932,-0.01326468746438372,-0.0003286462395194709,0.03970147758315924,0.03361617215138792,0.06723696770755719,double,1,1,163.80170904397968,163.7566649367652,327.55837398074493,72.6312088738847,30.363003723770852,0.046483081481824014,0.0,0.0,0.0,authored_keyframe,0
103,2.06,horse_stance_hold,0.44782608695652176,hold,nominal,-0.06897117696782297,-0.00013560999026027905,0.6923976870389286,0.9939280408860928,-0.01883619392987661,-0.0001805550655149097,0.6195681202651959,0.02687033238591535,-0.0005932371027310286,0.0028318682507755045,0.9010662893771005,0.15331676862680893,0.9140166789473719,-0.012083406690754004,-0.00032964157027269927,0.04089087878176097,0.034137903729249575,0.06748299733533719,double,1,1,163.71982652145329,163.69293703173966,327.4127635531929,72.10286176167862,30.227121838594485,0.046163615931130685,0.0,0.0,0.0,authored_keyframe,0
104,2.08,horse_stance_hold,0.4521739130434783,hold,nominal,-0.06835124733778954,-0.00014974442219975914,0.6925012167080244,0.9940497396285468,-0.018270082535205217,-0.00019216093425952605,0.6196269885024633,0.029471667809714597,-0.0005755122568835448,0.0030366314703927154,0.9880075460620366,0.16735616327504824,1.00208133225885,-0.010863201445621721,-0.00033679987630572876,0.04211993160654992,0.03471286562707397,0.06772867399196862,double,1,1,163.73612366120796,163.68452410664767,327.42064776785566,71.56366548565575,30.05882093426025,0.04584155520240403,0.0,0.0,0.0,authored_keyframe,0
105,2.1,horse_stance_hold,0.4565217391304348,hold,nominal,-0.06767583065547451,-0.00016237736624386657,0.6926126793512358,0.9941804119803253,-0.0176529095778701,-0.00020317018407989515,0.6196890161732462,0.0319237619351061,-0.00041311770725155887,0.0029762173461060464,1.0690789810292223,0.18237475958658517,1.0845231305107075,-0.009629361504904808,-0.0003070009854329459,0.04336309568823193,0.035339414166278615,0.06797388635257892,double,1,1,163.2176629445005,163.77275388399258,326.990416828493,70.89354133679701,29.799349582557987,0.04551635457392587,0.0,0.0,0.0,authored_keyframe,0
106,2.12,horse_stance_hold,0.46086956521739136,hold,nominal,-0.06694859561589943,-0.0001624425186674714,0.6927252709477373,0.9943233815237204,-0.016989842972647072,-0.00020811196930145922,0.6197443896968552,0.03409803827664789,-0.00024680967312539436,0.002514310136254725,1.1399837610047039,0.19760025599269326,1.156982643138093,-0.008419440992724077,-0.0002701465677160743,0.04457161513160235,0.03600113344591157,0.06822908046174196,double,1,1,163.35074973786362,163.2760383004196,326.6267880382832,70.28042852090603,29.647602078032453,0.04515986563688576,0.0,0.0,0.0,authored_keyframe,0
107,2.14,horse_stance_hold,0.4652173913043479,hold,nominal,-0.06618289212147765,-0.00016442389253430785,0.6928354862503666,0.9944754105674777,-0.0162840087326365,-0.00021271477042822864,0.6197962081803757,0.03624390512039999,-0.0002591131479718702,0.002681296975076091,1.2117462527295768,0.20796210257104192,1.229462165790367,-0.007173871090748279,-0.00027784451941650863,0.04580990354881882,0.03669968032582287,0.06849639855752546,double,1,1,163.79486486644902,163.88844881686865,327.68331368331764,69.69852298431341,29.51491836926109,0.044784071769288634,0.0,0.0,0.0,authored_keyframe,0
108,2.16,horse_stance_hold,0.4695652173913044,hold,nominal,-0.06537851234002212,-0.0001698848008626143,0.69295239344967,0.9946303353010075,-0.015536209404722631,-0.00021846235860752575,0.6198551554467384,0.03831370980366255,-0.000310548716686959,0.0031973959733167063,1.2819051870702265,0.21706884461939324,1.3001537570387398,-0.005905355151028071,-0.00029652447904458346,0.047074022021887776,0.03744306203089464,0.06876610699913402,double,1,1,163.98517428990806,164.08230473487438,328.0674790247824,69.1152979760535,29.35984612365752,0.044414804681614496,0.0,0.0,0.0,authored_keyframe,0
109,2.18,horse_stance_hold,0.47391304347826096,hold,nominal,-0.06453044778649217,-0.00017738484756365096,0.6930833794322663,0.9947876319917077,-0.0147480616154476,-0.0002252501982767498,0.619925803034857,0.0402871805026506,-0.0003630966041498231,0.0038056481690139153,1.349254561176643,0.2261859607390598,1.3680818541634954,-0.004620562187867584,-0.0003165263959357457,0.04835688434076053,0.038229258174656215,0.06903436699550675,double,1,1,163.99457639325607,164.07396035959604,328.0685367528521,68.52667455430311,29.18501643057448,0.04405150469144864,0.0,0.0,0.0,authored_keyframe,0
110,2.2,horse_stance_hold,0.47826086956521746,hold,nominal,-0.06363722530270674,-0.00018664736565709677,0.6932301486606386,0.9949484967366194,-0.013921471929219317,-0.0002330890611311448,0.6200080248315271,0.042168708152996254,-0.0004153553470773263,0.0043438209426139044,1.4134604471114094,0.23541765846520726,1.4329312298451822,-0.0033202860807338853,-0.00033750912568595703,0.04965603441974373,0.039054700611510715,0.06929966357915587,double,1,1,163.9011954761862,163.97735823820977,327.87855371439593,67.93652023887677,28.99732885434213,0.04368969433312914,0.0,0.0,0.0,authored_keyframe,0
111,2.22,horse_stance_hold,0.482608695652174,hold,nominal,-0.06270043081024772,-0.00019757465042669796,0.6933907208120093,0.9951136470398918,-0.01305818341986215,-0.00024195368468100942,0.6200995347408805,0.043966082920473014,-0.00046563171022502033,0.0047431762099886515,1.4744669053861656,0.24456715010358226,1.4946122393413097,-0.0020043230665025627,-0.0003590218326493751,0.05097061020483444,0.0399165812120828,0.06956106294504806,double,1,1,163.77058808195014,163.85897843447987,327.62956651643003,67.34903888407568,28.802549330532152,0.04332769894082409,0.0,0.0,0.0,authored_keyframe,0
112,2.24,horse_stance_hold,0.4869565217391305,hold,nominal,-0.06172302626991328,-0.00021005256482026322,0.6935617546102705,0.995283031467282,-0.012159872787359916,-0.0002517892401738624,0.6201974205933981,0.045678441867489095,-0.0005125728273378334,0.004998868209283264,1.5321593300197052,0.2534564306086392,1.5529817689796954,-0.0006745883411902708,-0.000380669396340976,0.05229802272826118,0.040812550138794056,0.06981792143072321,double,1,1,163.64719795325533,163.76022605628685,327.4074240095422,66.76709521294167,28.60401251169606,0.042965904779821734,0.0,0.0,0.0,authored_keyframe,0
113,2.2600000000000002,horse_stance_hold,0.49130434782608695,hold,nominal,-0.06070837472924498,-0.00022393182624936775,0.6937400944398797,0.9954560891179894,-0.01122833223476551,-0.0002625153140586659,0.620299123527889,0.04729639514224798,-0.0005549444421597053,0.005143123471569564,1.5863197784538459,0.26198465998927195,1.607807949222653,0.0006647417569295069,-0.0004020607337896038,0.05363363238774913,0.04174035251298258,0.07006977166754738,double,1,1,163.55359027844727,163.70142739155534,327.25501767000264,66.19203919428172,28.41022133227496,0.042605503732849985,0.0,0.0,0.0,authored_keyframe,0
114,2.2800000000000002,horse_stance_hold,0.49565217391304345,hold,nominal,-0.059659868299185445,-0.00023903260647092426,0.6939235100294486,0.9956320508851263,-0.010265602960703718,-0.0002740277103986418,0.6204029137443583,0.048805601069032395,-0.000591595280501286,0.005221828006549621,1.6366406146216679,0.27011222869576074,1.6587806116301764,0.0020080001776500538,-0.0004228017349440139,0.054971446465831325,0.0426976220212785,0.07031626661967669,double,1,1,163.49431273696393,163.68583536311496,327.18014810007884,65.62405827064576,28.213987287358428,0.04224767433307447,0.0,0.0,0.0,authored_keyframe,0
115,2.3000000000000003,horse_stance_hold,0.5,hold,nominal,-0.05858085984485028,-0.00025514975276588097,0.6941108357950169,0.9958101331022501,-0.009274029551658099,-0.0002862002770908007,0.6205079606267655,0.05019077639427118,-0.0006214753202514447,0.005277102838993791,1.6827694459431717,0.27782665856616473,1.7055499583447942,0.0033489851739376443,-0.0004425017468569416,0.05630505737760707,0.04368180874288621,0.07055715916156574,double,1,1,163.46180298516433,163.70504862759526,327.1668516127596,65.06270961372984,28.013610510766593,0.04189321132944371,0.0,0.0,0.0,authored_keyframe,0
116,2.32,horse_stance_hold,0.5043478260869565,hold,nominal,-0.05747469241689958,-0.00027205763550603915,0.6943017411256542,0.9959896139642589,-0.008256241097734514,-0.00029888725194452466,0.6206141330042095,0.05143896019460229,-0.0006436660414276521,0.0053370922202754575,1.724373916405224,0.28511062649301194,1.7477853051556214,0.004681799454155146,-0.00046078355222664276,0.05762848140269665,0.04469019759545928,0.07079229938978322,double,1,1,163.4426959622067,163.74491655718128,327.187612519388,64.5074154210635,27.807712686376558,0.04154247292407519,0.0,0.0,0.0,authored_keyframe,0
117,2.34,horse_stance_hold,0.5086956521739131,hold,nominal,-0.056344723148473365,-0.0002895170035173277,0.694496337083541,0.9961698296925139,-0.007215080556586231,-0.00031192496230462844,0.620721672139553,0.052541537047359886,-0.0006571469693760506,0.0054124294289675965,1.761201242848783,0.2919216312472417,1.7852305331811207,0.006001427473585874,-0.00047722633500587203,0.058936731820478774,0.04571997490541067,0.07102163574057213,double,1,1,163.42152354149712,163.7905655334201,327.21208907491723,63.957591999765334,27.59533519816297,0.041195506438295684,0.0,0.0,0.0,authored_keyframe,0
118,2.36,horse_stance_hold,0.5130434782608696,hold,nominal,-0.05519426688148427,-0.00030728890246643504,0.6946947314044145,0.9963501332986053,-0.0061534942075511904,-0.00032512160121789686,0.6208308098833384,0.0534967397620928,-0.0006605589205680621,0.005492874444673884,1.793155051091507,0.2981860674744918,1.8177788556617351,0.007304472288165923,-0.0004912958365261809,0.06022658618991318,0.04676836948781747,0.0712452714679748,double,1,1,163.3804092473713,163.82296438341936,327.2033736307906,63.41356416014873,27.377000438034745,0.04085218669952588,0.0,0.0,0.0,authored_keyframe,0
119,2.38,horse_stance_hold,0.5173913043478261,hold,nominal,-0.05402646964087893,-0.0003251054815840015,0.6948965849527491,0.9965298443051371,-0.005074373433892609,-0.0003382813402894943,0.6209413956555729,0.05431029317688415,-0.0006544941946376308,0.005555418805904707,1.8203466591939301,0.30378576495533416,1.845520997070475,0.008589472303092491,-0.000502944559509368,0.0614969148654946,0.04783282167169567,0.07146350019960354,double,1,1,163.32048032620077,163.83784611590312,327.1583264421039,62.8765349710075,27.15436115964994,0.040512468578022626,0.0,0.0,0.0,authored_keyframe,0
120,2.4,horse_stance_hold,0.5217391304347826,hold,nominal,-0.05284431843318388,-0.0003426921567805168,0.6951010582139768,0.9967082177825916,-0.0039804786324336774,-0.0003512190102684601,0.6210528721663675,0.0549885084018829,-0.0006393017473724195,0.005583419134607788,1.8429297272943375,0.3085945872052845,1.8685878622632601,0.009855240046310942,-0.0005120744214178155,0.0627468251316213,0.04891086563363295,0.07167660655365038,double,1,1,163.25008335621578,163.84289958710025,327.09298294331603,62.34782500471183,26.92912186713913,0.0401766538084685,0.0,0.0,0.0,authored_keyframe,0
121,2.42,horse_stance_hold,0.5260869565217392,hold,nominal,-0.05165066415302154,-0.0003597932995839771,0.6953070369953566,0.9968844689522955,-0.002874470295227726,-0.0003637545260100955,0.6211644568659541,0.05553517046756695,-0.0006152086310143177,0.0055699127234146275,1.8610085210904281,0.31251885327189327,1.8870667050270273,0.011100049856477117,-0.0005185617470779268,0.06397477441906414,0.050000023820281715,0.07188479697273906,double,1,1,163.1774014201758,163.84528416084987,327.02268558102566,61.828582231374725,26.7027206095651,0.03984531565542267,0.0,0.0,0.0,authored_keyframe,0
122,2.44,horse_stance_hold,0.5304347826086957,hold,nominal,-0.050448244862662014,-0.0003761757043772116,0.6955133528719232,0.9970578228434792,-0.0017589634719049807,-0.0003757129045012754,0.6212753195799632,0.055951369019792016,-0.0005825035319580101,0.005515890055899931,1.8746262939027067,0.3155053392427079,1.9009911522366572,0.012321542604769552,-0.0005223035003188293,0.06517850354990098,0.05109778094266252,0.07208822277501511,double,1,1,163.10869324787842,163.8499985654948,326.95869181337315,61.31966802733847,26.47622345849773,0.03951913548725365,0.0,0.0,0.0,authored_keyframe,0
123,2.46,horse_stance_hold,0.5347826086956522,hold,nominal,-0.04923973332969306,-0.0003916274226677756,0.6957189350478532,0.9972275577842111,-0.0006365755825857208,-0.0003869259317067384,0.6213847105902064,0.056236123085480746,-0.0005415661113257585,0.00542738129235663,1.8837749080638038,0.3175364781254622,1.9103500514803864,0.013516836471780485,-0.0005232263718459556,0.06635518333219914,0.05220157197361239,0.07228700685233913,double,1,1,163.04758905255625,163.85942725434973,326.9070163069059,60.82164389465139,26.25034208160431,0.039198768964173514,0.0,0.0,0.0,authored_keyframe,0
124,2.48,horse_stance_hold,0.5391304347826087,hold,nominal,-0.0480277913229874,-0.0004059566532095136,0.6959228849238841,0.997393032474791,0.000490042191078087,-0.0003972339532242006,0.6214920270564716,0.056387314204258326,-0.0004928626503030583,0.0053123748090422645,1.8884139823493766,0.318620850090526,1.91510485740208,0.014682731187686742,-0.0005212874998864272,0.0675016453656227,0.053308777328398116,0.0724812624167826,double,1,1,162.9952666260051,163.87357072604712,326.8688373520522,60.334824802105715,26.02553014450318,0.03888476326649854,0.0,0.0,0.0,authored_keyframe,0
125,2.5,horse_stance_hold,0.5434782608695653,hold,nominal,-0.046815112551339015,-0.0004189909763817996,0.6961244843931864,0.9975536963591506,0.0016181927668014926,-0.00040648750580405194,0.6215968237491519,0.056402634619658096,-0.00043693670534804827,0.005178368904881049,1.8884934988909199,0.31878266985317355,1.9152101936737875,0.015815934780857584,-0.0005164737619574322,0.06861462645369719,0.0544167283974338,0.07267110492925494,double,1,1,162.9511873836136,163.89078681263527,326.8419741962489,59.85936184843408,25.80210726261436,0.03857752501545691,0.0,0.0,0.0,authored_keyframe,0
126,2.52,horse_stance_hold,0.5478260869565218,hold,nominal,-0.04560444526033523,-0.00043057674979178563,0.6963231607699233,0.9977090876163135,0.0027451381161791143,-0.0004145487611038411,0.621698785854269,0.05628034281543426,-0.0003743999919508709,0.005030952837478737,1.8839744568759764,0.318052762934643,1.910632699963939,0.016913258557154302,-0.0005088009264905339,0.06969097367482344,0.055522722600206256,0.07285665856401807,double,1,1,162.9139953590457,163.90869482235243,326.8226901813982,59.395322095869695,25.580368808550826,0.03827732742679942,0.0,0.0,0.0,authored_keyframe,0
127,2.54,horse_stance_hold,0.5521739130434783,hold,nominal,-0.0443985934116111,-0.00044057861517991586,0.696518433818797,0.9978588244630432,0.0038681162431171852,-0.0004212928009316778,0.6217976848676589,0.056019732900574847,-0.0003059246022523835,0.004873404171510284,1.874843932840144,0.31646237378331754,1.9013648273090757,0.01797175190887998,-0.0004983129670045642,0.07072778322881455,0.05662404440793498,0.07303805845531658,double,1,1,162.88228110211196,163.92494804117015,326.80722914328214,58.94274573635195,25.36065851097811,0.03798433997601406,0.0,0.0,0.0,authored_keyframe,0
128,2.56,horse_stance_hold,0.5565217391304348,hold,nominal,-0.04320040044363233,-0.00044887914122636834,0.6967098654956396,0.9980025947336595,0.004984364406945663,-0.0004266087531024799,0.6218933351591969,0.055621325227187726,-0.00023223668452663246,0.004707026777215976,1.861123290083299,0.31404004049305806,1.887432395590201,0.018988773206143766,-0.00048508160420764594,0.07172247117400433,0.0577179884178983,0.07321545010684552,double,1,1,162.85505906688914,163.93772009329672,326.7927791601859,58.501674070814374,25.242443840978396,0.037698664346369606,0.0,0.0,0.0,authored_keyframe,0
129,2.58,horse_stance_hold,0.5608695652173914,hold,nominal,-0.04201272191926273,-0.00045537863614507747,0.6968970245619629,0.9981401469567559,0.006091143714866144,-0.0004304008140557695,0.6219855619988044,0.05508684793776001,-0.0001541112563943763,0.004531861492435663,1.842870313103177,0.3108109857549641,1.8688965888413875,0.019962009545715916,-0.00046920602147815314,0.07267279073518179,0.05880188150937691,0.07338898732306323,double,1,1,162.8319395345569,163.94588454639967,326.77782408095663,58.072152001927414,25.134596692792044,0.03742036484108253,0.0,0.0,0.0,authored_keyframe,0
130,2.6,horse_stance_hold,0.5652173913043479,hold,nominal,-0.04083839345731641,-0.00045999514879396135,0.6970794697440553,0.9982712842712088,0.00718576189619015,-0.000432589175499854,0.6220741847469874,0.054419100250003856,-7.236764807144234e-05,0.004347441550335817,1.8201771815502692,0.3067981104513928,1.845852121057596,0.020889465061556197,-0.0004508126441605041,0.0735768174624246,0.05987310246976752,0.07355882976341767,double,1,1,162.81306426079192,163.94895663634793,326.76202089713985,57.6542130288056,25.027349677833417,0.03714948730773336,0.0,0.0,0.0,authored_keyframe,0
131,2.62,horse_stance_hold,0.5695652173913044,hold,nominal,-0.039680198903547924,-0.00046266250094613036,0.6972567489768245,0.9983958610681858,0.008265592590908118,-0.0004331118416997296,0.6221590141641772,0.05362167298564433,1.1682789746568388e-05,0.004153674118232652,1.7931636637739237,0.3020248101398711,1.818420993889794,0.02176940993553264,-0.0004301697056187545,0.07443289574338315,0.06092909861387581,0.073725141004596,double,1,1,162.79886533033323,163.95148276300316,326.7503480933364,57.24699610578544,24.911515086497772,0.036886065246808854,0.0,0.0,0.0,authored_keyframe,0
132,2.64,horse_stance_hold,0.5739130434782609,hold,nominal,-0.03854086287587721,-0.00046295680656369804,0.6974284855900321,0.9985137868466963,0.009328015836438643,-0.000432087877738703,0.6222399811725264,0.052690301183810226,8.113178115845692e-05,0.0039637565655360795,1.7617207639336643,0.2965815563729057,1.7865107527399853,0.022598144500374014,-0.0004116547211516653,0.0752376075974387,0.06196752524320738,0.07388836112733141,double,1,1,162.78739713133407,163.978594415013,326.76599154634704,56.848251720331234,24.789716599612753,0.03662996689332952,0.0,0.0,0.0,authored_keyframe,0
133,2.66,horse_stance_hold,0.5782608695652175,hold,nominal,-0.0374232511206224,-0.0004605343826014958,0.69759457193186,0.9986250604647727,0.01037028281032242,-0.0004296632521458479,0.6223172993082542,0.05161914571343951,0.00015658280208586412,0.0037884609798551822,1.725678106193652,0.29053826262740634,1.7499649734342289,0.02337144709009872,-0.00039022519664978436,0.07598726432836604,0.06298617460599798,0.07404940988263313,double,1,1,162.81567535821995,163.9790375676957,326.79471292591563,56.45619059968025,24.65966502443489,0.03638052845000764,0.0,0.0,0.0,authored_keyframe,0
134,2.68,horse_stance_hold,0.582608695652174,hold,nominal,-0.036330394713630663,-0.0004561005635215441,0.6977549667409859,0.9987297362951435,0.011389612379825147,-0.00042561193268603805,0.6223911988697112,0.050412553927812805,0.00024062574529388908,0.0036172690609198315,1.6851525282920925,0.2838581080016824,1.7088927611431697,0.024087629762983565,-0.00036500262689779194,0.07668059567892915,0.06398268426735755,0.07420918563955586,double,1,1,162.82956554041988,163.9527277194747,326.7822932598946,56.0712448120183,24.523563931560375,0.036136781415068785,0.0,0.0,0.0,authored_keyframe,0
135,2.7,horse_stance_hold,0.5869565217391305,hold,nominal,-0.035265194442831015,-0.0004498892751826364,0.6979092644431985,0.998827853924379,0.012383461863114337,-0.00041986595888521223,0.6224615046616253,0.049085547702368434,0.0003253296798854657,0.0034282700889015994,1.6405908177685538,0.2764579710102752,1.6637209023996813,0.02474792848975832,-0.0003379166243480625,0.07731879876539091,0.0649544696814871,0.0743679874514321,double,1,1,162.8323103525131,163.9101172563102,326.74242760882333,55.69441061859103,24.382832932814605,0.03589818156280606,0.0,0.0,0.0,authored_keyframe,0
136,2.72,horse_stance_hold,0.5913043478260871,hold,nominal,-0.03423019317774428,-0.0004419416745538923,0.6980567227247922,0.9989194349830665,0.01334956329213818,-0.00041244448951471184,0.6225277456265347,0.04765028749524603,0.0004080974073965737,0.0032131243572864196,1.592380974471099,0.2683041447580633,1.6148263937500782,0.025353131864357545,-0.0003096408030874591,0.07790252854540325,0.0658991282729162,0.07452591045746451,double,1,1,162.8366171404852,163.86207327254627,326.6986904130315,55.32631195762232,24.238216904266025,0.03566474162896518,0.0,0.0,0.0,authored_keyframe,0
137,2.74,horse_stance_hold,0.5956521739130436,hold,nominal,-0.03322761858723721,-0.000432297093804007,0.6981965596974085,0.9990045252078373,0.014285851017730587,-0.00040340088323875833,0.6225894165859072,0.04611537970020616,0.00048770627244371225,0.0029746675050783215,1.540820666581807,0.25940845623258163,1.5625047435865835,0.025903336864460013,-0.00028053686792955197,0.07843175641371557,0.0668144683643056,0.07468301128503316,double,1,1,162.84990575239328,163.8152722803605,326.6651780327538,54.96710289416412,24.090204776964384,0.035436696082576255,0.0,0.0,0.0,authored_keyframe,0
138,2.7600000000000002,horse_stance_hold,0.6,hold,nominal,-0.03225945130000809,-0.0004210172900695775,0.6983281490068642,0.9990832208550604,0.015190405334251748,-0.00039280727597726086,0.622646136841762,0.04448727107651375,0.0005633787568036785,0.0027211005036570546,1.4861471650881513,0.2498162811214697,1.5069975350387637,0.02639824505089199,-0.0002508732203873874,0.07890608065576159,0.067698466700675,0.07483934164760972,double,1,1,162.87466838932502,163.77235009226095,326.647018481586,54.61657640616292,23.93915795348561,0.035214243613309576,0.0,0.0,0.0,authored_keyframe,0
139,2.7800000000000002,horse_stance_hold,0.6043478260869565,hold,nominal,-0.031327484155780204,-0.0004081834523267376,0.6984510877555017,0.9991556759590624,0.01606142434342487,-0.00038074941816570817,0.6226977058218442,0.042771564429190057,0.0006344896068752235,0.0024615616976539764,1.4285691485131053,0.23959246908249643,1.44852144040898,0.026837466075924,-0.00022089352853969826,0.07932503296209661,0.06854924320545365,0.0749949555494959,double,1,1,162.91019412994723,163.73312572887818,326.6433198588254,54.2743091703692,23.785357618215972,0.03499743661970477,0.0,0.0,0.0,authored_keyframe,0
140,2.8000000000000003,horse_stance_hold,0.6086956521739131,hold,nominal,-0.030433364744757895,-0.0003938923559051648,0.6985651798489441,0.9992220965856986,0.016897217867572038,-0.0003673248541148992,0.6227440900020069,0.04097393823236643,0.0007004713278297546,0.0022034933397592493,1.3682912448277422,0.22880983709783442,1.3872904786759657,0.02722074282536236,-0.00019083868883448268,0.07968830342686381,0.06936505471215346,0.07514991022308543,double,1,1,162.95412882115536,163.6959489245939,326.6500777457493,53.93979250770693,23.629026703622554,0.03478616860426583,0.0,0.0,0.0,authored_keyframe,0
141,2.82,horse_stance_hold,0.6130434782608696,hold,nominal,-0.02957861782042463,-0.0003782543600897223,0.6986703782369134,0.9992827287794633,0.01769621536655145,-0.00035264207331250886,0.6227853750768352,0.03910067401135474,0.0007607926961460586,0.001951584685346884,1.3055303906486575,0.21754142473928398,1.323530835449191,0.027548091498341844,-0.0001609513775913758,0.07999587886486337,0.0701443011093306,0.07530426564249536,double,1,1,163.00368500163017,163.65883492493532,326.66251992656555,53.61254528280904,23.47037039084286,0.03458021142590881,0.0,0.0,0.0,authored_keyframe,0
142,2.84,horse_stance_hold,0.6173913043478261,hold,nominal,-0.02876464972891872,-0.0003613926096915502,0.6987667194806783,0.999337845150118,0.018456980564903643,-0.00033681951639556723,0.622821710732576,0.037158829326827854,0.0008150137110792935,0.0017079497283286672,1.2405234623217745,0.20585647010076358,1.2574877124064272,0.02781985913923567,-0.00013146120582732153,0.08024809726443588,0.07088553690884676,0.07545808337094086,double,1,1,163.05656183726433,163.62079328261586,326.6773551198802,53.29243468209974,23.309884050665282,0.03437927112463085,0.0,0.0,0.0,authored_keyframe,0
143,2.86,horse_stance_hold,0.6217391304347827,hold,nominal,-0.02799275515384085,-0.000343442067601577,0.698854291810058,0.999387733479171,0.019178219663734637,-0.00031998145304157116,0.6228532866199553,0.03515528225049651,0.0008629206591677747,0.0014752768099020857,1.1735016086196983,0.19382220057376018,1.1894002988347845,0.028036490728114337,-0.00010254655800944837,0.08044540073151542,0.07158746535863561,0.07561140751247128,double,1,1,163.11439072846156,163.58488205144948,326.69927277991104,52.9792044658267,23.14804919098547,0.034183095411119455,0.0,0.0,0.0,authored_keyframe,0
144,2.88,horse_stance_hold,0.6260869565217392,hold,nominal,-0.027264147574308173,-0.0003245431595765268,0.6989332818273183,0.9994326902435056,0.019858761760529708,-0.00030225864081926394,0.6228803723580454,0.03309570860670266,0.0009040921587827382,0.0012579654060835225,1.104656887815616,0.18150818123166823,1.1194695438700022,0.02819825197538294,-7.444458187002537e-05,0.08058803714509662,0.07224889756349089,0.07576423869967644,double,1,1,163.1767210168021,163.55030287083719,326.7270238876393,52.67233672423023,22.9852211315414,0.033991484530037426,0.0,0.0,0.0,authored_keyframe,0
145,2.9,horse_stance_hold,0.6304347826086957,hold,nominal,-0.026579948310536568,-0.0003048441880124427,0.6990039628345139,0.9994730154405234,0.02049755241393866,-0.0002837903163785911,0.6229032978274164,0.030986276134462507,0.0009381234771984548,0.0010575363840179754,1.034192442316738,0.1689774402236102,1.0479061900044215,0.028305649382180328,-4.739666112413255e-05,0.08067649784280168,0.07286876376492005,0.07591656336167402,double,1,1,163.24027444811944,163.51441607324318,326.7546905213626,52.371396696773004,22.821691726053984,0.033804171322380325,0.0,0.0,0.0,authored_keyframe,0
146,2.92,horse_stance_hold,0.6347826086956522,hold,nominal,-0.02594115576285122,-0.0002845024086673751,0.6990666194749922,0.9995090042570027,0.021093672696204782,-0.0002647232466743808,0.6229223878062697,0.028834250519002742,0.0009646639256634018,0.000872460735484762,0.9623444409069359,0.15628118050153705,0.9749516040929607,0.028359601424550185,-2.1638054428552145e-05,0.08071170176414402,0.0734461453658134,0.0760683674089714,double,1,1,163.30262139737636,163.47555552629024,326.7781769236666,52.07610094324645,22.65769876289386,0.03362085697691939,0.0,0.0,0.0,authored_keyframe,0
147,2.94,horse_stance_hold,0.6391304347826088,hold,nominal,-0.025348618497994135,-0.0002636832448143852,0.6991214921869863,0.9995409396197361,0.021646358909934715,-0.00024521044834756756,0.6229379162194612,0.026647740834307276,0.000983434364980499,0.0006995925400654646,0.8893768628858575,0.1434607302029196,0.9008730128864135,0.028361393824732385,2.6077865383690056e-06,0.0806949507057265,0.0739802946373562,0.07621963795729197,double,1,1,163.36257526615987,163.43332256193833,326.7958978280982,51.7862982032653,22.4934344258218,0.03344127121312267,0.0,0.0,0.0,authored_keyframe,0
148,2.96,horse_stance_hold,0.6434782608695653,hold,nominal,-0.024803013254212188,-0.00024255875661776538,0.6991687567173736,0.9995690876551696,0.022155015069762442,-0.00022540963235588593,0.6229500892131384,0.024435299906999195,0.0009942374681798473,0.0005355153131423444,0.815570381955103,0.13055158494534322,0.8259532458039824,0.028312591287751522,2.5133353095432523e-05,0.08062783736950914,0.0744706435161395,0.07637036348070247,double,1,1,163.41991138680646,163.38829672337945,326.8082081101859,51.501925017745336,22.329054681267912,0.03326520267913621,0.0,0.0,0.0,authored_keyframe,0
149,2.98,horse_stance_hold,0.6478260869565218,hold,nominal,-0.02430482985402867,-0.00022130562466863578,0.6992085305065596,0.9995936956720958,0.022619217785976184,-0.00020548150564003633,0.6229590503060481,0.02220557536742625,0.0009969628325212912,0.0003774239409753796,0.7412118775240593,0.11758719705266879,0.7504810432605504,0.028214954558183895,4.5750065267480115e-05,0.08051215840518877,0.07491680447527174,0.07652053370934003,double,1,1,163.47493895496638,163.34160067469685,326.8165396296632,51.22296076382132,22.16771366331918,0.03309250214971323,0.0,0.0,0.0,authored_keyframe,0
150,3.0,horse_stance_hold,0.6521739130434783,hold,nominal,-0.02385436412852516,-0.00020010287322939219,0.6992408933494756,0.9996149916945408,0.023038715307573867,-0.00018558800379062467,0.6229648975395516,0.019967067450172696,0.0009915892644900921,0.00022350231428483683,0.6665868976700927,0.10460165538254118,0.6747440984952789,0.028070378575813848,6.42906171819681e-05,0.08034984922841511,0.07531856623080431,0.07667013944150416,double,1,1,163.52811312968544,163.2945037263549,326.8226168560403,50.94939391371591,22.008831381423754,0.032923069849428034,0.0,0.0,0.0,authored_keyframe,0
151,3.02,horse_stance_hold,0.6565217391304349,hold,nominal,-0.023451718229575397,-0.00017912949073634255,0.6992659113072611,0.9996331846687873,0.023413422940897613,-0.00016589050121972154,0.6229677036021724,0.017727995515630583,0.0009781850107397265,7.290756388832637e-05,0.5919756960299317,0.09163110683257226,0.5990254455609414,0.02788085437396142,8.061082830044644e-05,0.08014294348880124,0.07567588673008907,0.07681917231958056,double,1,1,163.57977093881794,163.2481489466686,326.82791988548655,50.68120320765516,21.87518716422475,0.03275683737160484,0.0,0.0,0.0,authored_keyframe,0
152,3.04,horse_stance_hold,0.6608695652173914,hold,nominal,-0.023096806500237457,-0.00015856205581999558,0.6992836566136987,0.9996484647843159,0.02374341678795117,-0.00014654803679268316,0.622967532845708,0.015496250025213014,0.000956906190729318,-7.447443578194976e-05,0.517652750768979,0.07871414670637453,0.52360317729212,0.027648450772667626,9.459102516770805e-05,0.07989355316478673,0.07598888529114574,0.0769676246054336,double,1,1,163.63000714238098,163.20342041228145,326.8334275546624,50.41835213247111,21.8363669864661,0.03259375136704752,0.0,0.0,0.0,authored_keyframe,0
153,3.06,horse_stance_hold,0.6652173913043479,hold,nominal,-0.022789364653526697,-0.00013857244860906998,0.6992942203181589,0.9996610036684437,0.024028927168548913,-0.00012771558877994793,0.6229644523657037,0.013279398308492146,0.0009279936278723689,-0.00021834837775072088,0.4438897802718732,0.06589159154682794,0.4487536505326568,0.027375309254243686,0.0001061369683773359,0.07960386247725634,0.07625783506166754,0.07711548898227003,double,1,1,163.6786642784903,163.16092487105328,326.8395891495436,50.160792441009875,21.805249008743154,0.032433762575990344,0.0,0.0,0.0,authored_keyframe,0
154,3.08,horse_stance_hold,0.6695652173913044,hold,nominal,-0.02252896021321837,-0.00011932570781028143,0.6992977175406675,0.9996709544459361,0.02427033246968914,-0.00010954242852711623,0.6229585369372763,0.011084714788472297,0.0008917683268480661,-0.0003582945541104216,0.3709635124799441,0.053206160858020206,0.37475968719261565,0.02706364539075731,0.00011518035753631785,0.07927612877401267,0.07648315632368223,0.07726275839877204,double,1,1,163.72539332936583,163.12104427215888,326.8464376015247,49.90847194086293,21.781646058604665,0.032276820861333454,0.0,0.0,0.0,authored_keyframe,0
155,3.1,horse_stance_hold,0.673913043478261,hold,nominal,-0.022315002723777507,-0.00010097807757602807,0.6992942870751103,0.9996784517779898,0.02446815365979758,-9.217057681226357e-05,0.6229498691898236,0.008919214166430631,0.0008486258824160335,-0.0004939638514569449,0.2991734458833825,0.040702902453726125,0.301929589457368,0.026715751665326727,0.00012167896252691758,0.07891268504131538,0.07666541069597013,0.0774094259600751,double,1,1,163.76974195629572,163.08401616620137,326.8537581224971,49.661342651934085,21.765340711772794,0.032122875067049465,0.0,0.0,0.0,authored_keyframe,0
156,3.12,horse_stance_hold,0.6782608695652175,hold,nominal,-0.022146752888421734,-8.367527286179192e-05,0.6992840877383415,0.9996836120287913,0.024623049377029055,-7.573338110553349e-05,0.6229385370016259,0.006789675257412798,0.0007990301036132401,-0.0006251719639739266,0.22888877139677863,0.028432909215142667,0.23064800020369422,0.026333998512068843,0.00012561643502230854,0.07851594073572772,0.07680529601193077,0.0775554848614981,double,1,1,163.81123823476466,163.0500099918267,326.86124822659133,49.419366897153175,21.756094639964132,0.031971875754983524,0.0,0.0,0.0,authored_keyframe,0
157,3.14,horse_stance_hold,0.682608695652174,hold,nominal,-0.02202333036840992,-6.755097823108633e-05,0.6992672936635681,0.9996865336851892,0.024735811344714895,-6.0354226588901354e-05,0.6229246299628113,0.0047026510313500644,0.0007435061046376074,-0.0007519110732917464,0.16070671971886366,0.01647610563352939,0.16154910033684688,0.025920832217719375,0.00012700185136121507,0.07808837950255068,0.07690364154934122,0.07770092835594475,double,1,1,163.84945215490245,163.01918161469467,326.8686337695971,49.182520345350355,21.75365485128127,0.031823778905740625,0.0,0.0,0.0,authored_keyframe,0
158,3.16,horse_stance_hold,0.6869565217391305,hold,nominal,-0.021943720382594466,-5.272558363061646e-05,0.6992440900837962,0.9996872981071356,0.02480735984118873,-4.6145389282517747e-05,0.6229082362279135,0.0026644657339795,0.0006826330656694192,-0.0008743097320188559,0.09622708208812283,0.005273863543882337,0.09637149456075599,0.025478769635579046,0.00012586903012628536,0.07763255369853529,0.07696140330634758,0.07784574974444905,double,1,1,163.88402987968124,162.99170121507473,326.87573109475596,48.95079211880903,21.757756941875467,0.03167854916102187,0.0,0.0,0.0,authored_keyframe,0
159,3.18,horse_stance_hold,0.6913043478260871,hold,nominal,-0.021906779465802845,-3.930515197183219e-05,0.6992146703940751,0.9996859706357759,0.024838739002183627,-3.320703611841647e-05,0.6228894404502148,0.0006812026404968888,0.0006170368165157207,-0.000992571473524092,0.04510268630072996,0.007510382289357712,0.04572371544039648,0.025010390383762182,0.00012227565837392843,0.07715107638633277,0.07697965909741526,0.0779899423804594,double,1,1,163.91470439384773,162.96775825599494,326.88246264984264,48.72418269371269,21.76812616853077,0.03153616182419427,0.0,0.0,0.0,authored_keyframe,0
160,3.2,horse_stance_hold,0.6956521739130436,hold,nominal,-0.021911240806695723,-2.738060744775596e-05,0.699179234648392,0.9996826020447416,0.024831111814486245,-2.1626374248783503e-05,0.6228683229550592,-0.0012413133995505233,0.0005473823512703166,-0.001106915110908998,0.0583779257469453,0.018262505897682864,0.06116781290988554,0.024518327430731075,0.0001163022515781332,0.07664661171334726,0.07695960333763557,0.0781334996809456,double,1,1,163.9412903040378,162.9475513808281,326.8888416848659,48.50270050886792,21.78447734505384,0.03139660340565812,0.0,0.0,0.0,authored_keyframe,0
161,3.22,horse_stance_hold,0.7000000000000001,hold,nominal,-0.02195571954108708,-1.7027130108940215e-05,0.6991379892407091,0.9996772302925797,0.024785754736867675,-1.1476950119752781e-05,0.6228449599591418,-0.003097535127385307,0.00047436634650383755,-0.0012175297139501154,0.11208836695641611,0.028865980408787545,0.11574561258171603,0.02400525688209789,0.00010805096501119012,0.07612186450237032,0.07690254146482232,0.07827641514018402,double,1,1,163.96367103666958,162.93127156047268,326.8949425971423,48.2863580909419,21.806514425083932,0.03125987089002872,0.0,0.0,0.0,authored_keyframe,0
162,3.24,horse_stance_hold,0.7043478260869567,hold,nominal,-0.022038718277708973,-8.303740876217074e-06,0.6990911473436835,0.9996698825195849,0.024704051941692524,-2.8180976962916426e-06,0.6228194244848562,-0.004882211426840601,0.00039870972913868673,-0.001324548324756409,0.16918580080774384,0.03908893381271944,0.17364267891728907,0.023473887544885507,9.76442687531642e-05,0.07557956964121068,0.07680988400382797,0.07841868234441453,double,1,1,163.98178493417169,162.9190850466726,326.9008699808443,48.07516825362511,21.83393033729159,0.03112597009325315,0.0,0.0,0.0,authored_keyframe,0
163,3.2600000000000002,horse_stance_hold,0.7086956521739131,hold,nominal,-0.022158633021981344,-1.2530613844149534e-06,0.6990389296787226,0.9996605772274643,0.024587489204022504,4.305465488262905e-06,0.6227917876102403,-0.006590404095348583,0.0003211503219930872,-0.001428038341231166,0.22508569461858297,0.04887445270747145,0.23033081003067057,0.022926950588956174,8.5223494670554e-05,0.0750224815973256,0.07668314030619444,0.078560294987111,double,1,1,163.99561414208122,162.91112006098518,326.9067342030664,47.86914065664137,21.866407326741466,0.030994913506698935,0.0,0.0,0.0,authored_keyframe,0
164,3.2800000000000002,horse_stance_hold,0.7130434782608696,hold,nominal,-0.022313759566201113,4.098765649111914e-06,0.6989815652925588,0.9996493265816387,0.024437647478406488,9.863896208207595e-06,0.6227621197744511,-0.008217502517216563,0.0002424355835386992,-0.0015280034860826338,0.27879438969985093,0.05818787958031869,0.28480193303095047,0.02236718942543374,7.094726128332638e-05,0.07445336417901853,0.07652391200706717,0.0787012468853662,double,1,1,164.0051777184816,162.90745866906366,326.91263638754526,47.668278794773606,21.903617813249298,0.030866717953331638,0.0,0.0,0.0,authored_keyframe,0
165,3.3000000000000003,horse_stance_hold,0.717391304347826,hold,nominal,-0.02250230034384689,7.742007884838666e-06,0.6989192921504035,0.9996361387805561,0.02425619620410854,1.384233935480867e-05,0.6227304919689859,-0.009759236392278133,0.00016331545248517845,-0.0016243918053587144,0.32990553022995434,0.0670016246723523,0.33664057477529663,0.021797349804756064,5.4989781240685775e-05,0.07387498054440454,0.07633388623868756,0.07884153199801697,double,1,1,164.01052863039422,162.9081335054555,326.91866213584973,47.47257735738979,21.94522563534956,0.030741402268668765,0.0,0.0,0.0,authored_keyframe,0
166,3.3200000000000003,horse_stance_hold,0.7217391304347827,hold,nominal,-0.022722371702693995,9.683136765864401e-06,0.6988523574765549,0.9996210204419604,0.024044886374391485,1.6240899877017154e-05,0.62269697674566,-0.011211686821080119,8.453530646021382e-05,-0.0017171052405142951,0.37817956322098656,0.0752919308391023,0.3856016816450576,0.02122017009479561,3.753905600369603e-05,0.07329008341562197,0.07611482863312181,0.07898114444589222,double,1,1,164.01175337390862,162.91312807129606,326.9248814452047,47.28201985134628,21.990887499882675,0.03061898511110016,0.0,0.0,0.0,authored_keyframe,0
167,3.34,horse_stance_hold,0.7260869565217392,hold,nominal,-0.022972011531119683,9.944490763069435e-06,0.6987810178562942,0.99960397896136,0.023805543399830865,1.707447525910878e-05,0.6226616490428172,-0.01257129599195359,6.829046575228316e-06,-0.0018060080467342332,0.4234445727365792,0.08303790760939189,0.4315096757666159,0.020638371707865286,1.8794963187324085e-05,0.07270140546393357,0.07586857614103044,0.07912007853417818,double,1,1,164.00897274156173,162.9223791013282,326.93135184288997,47.09657639158843,22.040254474602115,0.030499482927186794,0.0,0.0,0.0,authored_keyframe,0
168,3.36,horse_stance_hold,0.7304347826086957,hold,nominal,-0.023249187166992903,8.563814395301189e-06,0.6987055391537431,0.9995850248024848,0.02354005979221116,1.6372451234015385e-05,0.6226245868670427,-0.013834875575488233,-6.908767465890497e-05,-0.0018909329875322024,0.46556482754588907,0.09022118068102981,0.4742261803098944,0.020054649677062386,-1.0327562631078586e-06,0.07211164986355129,0.07559702969041966,0.07925832877654207,double,1,1,164.0023425127019,162.93577973863006,326.93812225133195,46.916201606006496,22.092973412218658,0.03038290805470721,0.0,0.0,0.0,authored_keyframe,0
169,3.38,horse_stance_hold,0.7347826086956523,hold,nominal,-0.023551803521937992,5.593677433071299e-06,0.6986261963071589,0.9995641736831584,0.023250387694987867,1.4178263865014001e-05,0.6225858718749308,-0.01499961379693031,-0.0001425240566221146,-0.001971685436426122,0.5044287483444984,0.09682574688241417,0.5136376031948349,0.019471663415664055,-2.1726601449313163e-05,0.07152348104606963,0.07530214670954155,0.07939588992042027,double,1,1,163.99205330023335,162.95318270504862,326.9452360052819,46.74083264975448,22.148688251737294,0.030269266934519524,0.0,0.0,0.0,authored_keyframe,0
170,3.4,horse_stance_hold,0.7391304347826088,hold,nominal,-0.023877711360388788,1.1007777175791476e-06,0.6985432730490103,0.9995414486230565,0.022938531287901992,1.0548831738141762e-05,0.6225455898889237,-0.01606308107455531,-0.000212820550330616,-0.0020480461532876573,0.5399436689837642,0.10283790741761542,0.5496497074298164,0.018892027715533458,-4.3063492895544134e-05,0.07093951571031781,0.07498593354039873,0.07953275697278711,double,1,1,163.97832925015655,162.9744031115632,326.95273236171977,46.57038736334785,22.207041189583975,0.030158558411015564,0.0,0.0,0.0,authored_keyframe,0
171,3.42,horse_stance_hold,0.7434782608695653,transition,nominal,-0.02422471567967212,-4.8348693466859735e-06,0.698457061575988,0.9995168818225104,0.02260653909587621,5.553862808572058e-06,0.6225038313635503,-0.017023234093301632,-0.0002793550103119539,-0.0021197736548709952,0.5720333222097151,0.1082462336558937,0.5821849953571202,0.01831830404769183,-6.481701616424313e-05,0.07036231415002821,0.07465043777224654,0.07966892522574578,double,1,1,163.96142564054617,162.99922089751476,326.9606465380609,46.41732212590561,22.314944327362483,0.0300913750294768,0.0,0.0,0.0,authored_keyframe,0
172,3.44,horse_stance_hold,0.7478260869565218,transition,nominal,-0.024590360239166248,-1.2123875800627252e-05,0.6983805678058627,0.9994891459752313,0.022255192610141434,-7.206802197390121e-07,0.6224698712315413,-0.017985558120222633,-0.00034119838359234877,-0.0014487989559504432,0.601709000244836,0.11206756770511528,0.6120562561619485,0.017724667067039533,-8.666785971772403e-05,0.06976501095027784,0.0742954011537458,0.07980437852911806,double,1,1,164.3221502201759,163.4077825633039,327.7299327834798,46.2500901404998,22.470449640856945,0.030101429316952723,0.0,0.0,0.0,authored_keyframe,0
173,3.46,horse_stance_hold,0.7521739130434784,transition,nominal,-0.024968920030828644,-2.0670788350528938e-05,0.6983494287758321,0.9994565944360094,0.021882552219109973,-8.169376002305086e-06,0.622470561611187,-0.019102589474013124,-0.0003973676875501387,0.0008938848109634711,0.637736702666223,0.1127717237628819,0.6476307309015209,0.01707064607940737,-0.00010826554453710626,0.06910465043614221,0.07391639942442772,0.07993882778874928,double,1,1,165.06816001159862,164.2067880514333,329.27494806303196,45.99747307226115,22.595391930524592,0.030165494752033208,0.0,0.0,0.0,authored_keyframe,0
174,3.48,horse_stance_hold,0.7565217391304349,transition,nominal,-0.025352618685842668,-3.0367505978849933e-05,0.6984083159431934,0.9994194709021662,0.02148490106586741,-1.6672463043532156e-05,0.6225409505245032,-0.0204157971945485,-0.0004473398788939359,0.004955564702434799,0.7006103808704893,0.10974087440374011,0.7091529914612147,0.016341909626573538,-0.00012936290298484396,0.06836440359400019,0.07350721835767796,0.08007161615785414,double,1,1,165.62271189161356,164.81855752362713,330.4412694152407,45.62243717479837,22.648812268495043,0.030251080847144455,0.0,0.0,0.0,authored_keyframe,0
175,3.5,horse_stance_hold,0.7608695652173914,transition,nominal,-0.025736366174264756,-4.108802402782883e-05,0.6985947388744369,0.999379092131815,0.02105867448950402,-2.6103525092588023e-05,0.6227110804577521,-0.02188217143588726,-0.0004909149580770525,0.010298033483388484,0.8064972901152426,0.10323921106561369,0.8130782334220246,0.01554553209974074,-0.0001497879625842332,0.06754965602846864,0.0730626045917086,0.08020196144136635,double,1,1,165.71620961270153,164.97282910083584,330.6890387135374,45.11619182474346,22.619672935803933,0.030329173730226547,0.0,0.0,0.0,authored_keyframe,0
176,3.52,horse_stance_hold,0.7652173913043478,transition,nominal,-0.026117933652860664,-5.269257038657893e-05,0.6989321842499006,0.9993369686184588,0.020601764786727324,-3.633438898744663e-05,0.622999967407433,-0.023410272035283414,-0.0005280756281949738,0.016318719708639778,0.9516080105425221,0.09412149075369988,0.9562513585613333,0.014702254419484528,-0.00016941219511157286,0.0666801780077902,0.07257947980177158,0.0803290827744006,double,1,1,165.3096366464049,164.63008935435585,329.93972600076074,44.4891977429184,22.516746349335165,0.030380798063911568,0.0,0.0,0.0,authored_keyframe,0
177,3.54,horse_stance_hold,0.7695652173913045,transition,nominal,-0.02649659110228047,-6.503391175518876e-05,0.6994296314566215,0.9992942629793391,0.02011407446751465,-4.7237429620718356e-05,0.6234148769599837,-0.024897140648871625,-0.0005588710095740574,0.022466978919419248,1.1182686088669167,0.08345098974362743,1.1213780581348738,0.013837776551363147,-0.0001881227225246694,0.06578117708575708,0.07205725409718151,0.0804522602881744,double,1,1,164.50260502027334,163.8895259375514,328.39213095782475,43.76134167725356,22.358252260218094,0.030399064790618546,0.0,0.0,0.0,authored_keyframe,0
178,3.56,horse_stance_hold,0.773913043478261,transition,nominal,-0.02687170131670715,-7.796285951241332e-05,0.7000847093620001,0.9992515795129562,0.019597423855579693,-5.868602380586282e-05,0.6239537333516043,-0.02625573607650382,-0.0005833447060567801,0.028353801624208166,1.2885572980993418,0.07218108854503977,1.290577397922582,0.012975778936658515,-0.00020580440957822612,0.06487608752152357,0.07149750163077392,0.08057085829851574,double,1,1,163.45023405510432,162.90583363513394,326.35606769023826,42.95386421157616,22.163567879437412,0.030387530331352976,0.0,0.0,0.0,authored_keyframe,0
179,3.58,horse_stance_hold,0.7782608695652175,transition,nominal,-0.027241842997278908,-9.133197818927132e-05,0.7008881740500511,0.9992090092367938,0.01905505605255738,-7.055406618027667e-05,0.6246087332535086,-0.0274289937874975,-0.0006015070367893826,0.03377580234273797,1.4508248961131023,0.06097084298081085,1.4521054792525867,0.012133887934790508,-0.0002223325585993719,0.06398237034819065,0.07090330019544193,0.08068432548638987,double,1,1,162.3026353920822,161.82865686787684,324.1312922599591,42.084297904471654,21.948063573947664,0.03035642972471653,0.0,0.0,0.0,authored_keyframe,0
180,3.6,horse_stance_hold,0.782608695652174,transition,nominal,-0.02760453936355256,-0.00010499761825364354,0.7018280731150175,0.9991663180955795,0.018490999189783183,-8.271560098357822e-05,0.6253697782481974,-0.02839172962266998,-0.0006133942234446604,0.038683795478172744,1.5999936392595036,0.05013647185268846,1.6007789702144095,0.011322540420767984,-0.00023758785633233985,0.06311029144533975,0.07027850692699554,0.08079218158419813,double,1,1,161.17049055784284,160.76730248768962,321.93779304553243,41.16428968259891,21.7209475523117,0.03031847697695826,0.0,0.0,0.0,authored_keyframe,0
181,3.62,horse_stance_hold,0.7869565217391306,transition,nominal,-0.02795641382619626,-0.00011882543023304819,0.7028926779847737,0.9991231683145058,0.017909502793087523,-9.504766630920826e-05,0.6262269229108649,-0.029142782070164127,-0.0006192225282592779,0.04312281992243493,1.7354257489541576,0.039710260714710816,1.7358800174375901,0.010546374417077413,-0.0002514985829688933,0.06226429189071281,0.06962717433077792,0.08089400973787811,double,1,1,160.11049480955924,159.7776503083681,319.8881451179273,40.20069831296899,21.48601597428449,0.030285395593975133,0.0,0.0,0.0,authored_keyframe,0
182,3.64,horse_stance_hold,0.791304347826087,transition,nominal,-0.028293538481963674,-0.0001326880102848658,0.7040719250711264,0.9990792930708454,0.017314677630622274,-0.00010742907789741788,0.627171607930032,-0.029694574115991267,-0.0006189532095434568,0.047176025880650646,1.8586687171240022,0.0295458019616081,1.8589035355361876,0.009806478332328656,-0.000263929859333718,0.06144525628353705,0.06895320938380546,0.08098943796178877,double,1,1,159.14001744249376,158.8784058689621,318.0184233114559,39.197174000417505,21.243275811085248,0.030266036086684565,0.0,0.0,0.0,authored_keyframe,0
183,3.66,horse_stance_hold,0.7956521739130435,transition,nominal,-0.02861186769910316,-0.00014645688188451,0.7053577657009278,0.9990345981412841,0.016710300253763365,-0.00011973677325889147,0.6281970037828442,-0.030066468705533384,-0.0006124677260908179,0.050928747551569196,1.971954504946768,0.01942404900888538,1.9720501675311792,0.009101856226014704,-0.0002747242597643114,0.06065200251321527,0.06826020251531606,0.08107809289511064,double,1,1,158.25194582111203,158.061999417842,316.31394523895403,38.15554004335992,20.990414903229137,0.03026595771612959,0.0,0.0,0.0,authored_keyframe,0
184,3.68,horse_stance_hold,0.8,transition,nominal,-0.028907618418241667,-0.00016000238554462215,0.7067438361866564,0.9989891975826095,0.016099741196838095,-0.00013184560978614937,0.6292977694733665,-0.030278753611411975,-0.0005996879395756198,0.05444449140789804,2.077173267642708,0.009244904889595533,2.077193840756298,0.008430867476712336,-0.00028373201631097116,0.059882747654390334,0.06755138198775765,0.08115957916271838,double,1,1,157.42423753682255,157.30554831242318,314.72978584924573,37.07741583395384,20.724397838444993,0.03028769713653734,0.0,0.0,0.0,authored_keyframe,0
185,3.7,horse_stance_hold,0.8043478260869567,transition,nominal,-0.029177501309917035,-0.0001731944415266229,0.7082247523232686,0.9989433949878008,0.0154860006651361,-0.00014362991347307685,0.6304694780017961,-0.03034801830971635,-0.0005806361996064117,0.05775440624544308,2.1753430077043654,0.0038077279589714273,2.1753463402319375,0.007792431419289568,-0.00029082782151199717,0.059136341165587615,0.0668296781239583,0.0812334814530391,double,1,1,156.63104441186675,156.58227422152362,313.2133186333904,35.96563316575433,20.44698834527756,0.030331510419579065,0.0,0.0,0.0,authored_keyframe,0
186,3.72,horse_stance_hold,0.8086956521739131,transition,nominal,-0.029418791432899292,-0.00018590406963477877,0.7097953322745896,0.9988976294412147,0.014871812210921613,-0.00015496568700420666,0.6317079679326798,-0.030284820701150666,-0.0005554491981341965,0.06085869870583323,2.266525855629096,0.01406987943597587,2.2665695259008825,0.007186727118972526,-0.0002959166404220686,0.05841298459097879,0.06609784690613923,0.08129937610410132,double,1,1,155.85130357341058,155.87021238024755,311.7215159536581,34.82520655626239,20.155367787909462,0.030396322685605277,0.0,0.0,0.0,authored_keyframe,0
187,3.74,horse_stance_hold,0.8130434782608696,transition,nominal,-0.029629272365665944,-0.00019800535539484527,0.7114499758096496,0.9988524083677146,0.014259767455821538,-0.00016573282940277235,0.6330088164735024,-0.03009362744920397,-0.0005243702660036974,0.06373579706603519,2.350054647736695,0.026033164195795357,2.3501988369044193,0.006615340839198952,-0.00029893412011357907,0.05771438530644346,0.06535860097962229,0.08135684414179704,double,1,1,155.07333713931882,155.15684124597996,310.23017838529876,33.66380113078854,19.846446328672506,0.030480610631689307,0.0,0.0,0.0,authored_keyframe,0
188,3.7600000000000002,horse_stance_hold,0.8173913043478261,transition,nominal,-0.029807108516601333,-0.00020937757545908236,0.7131823149237669,0.9988082465007814,0.013652422817728342,-0.00017581712330088717,0.6343670345864202,-0.029774369886632405,-0.00048773603510390633,0.06635432380739185,2.4248999701470257,0.03866958150281146,2.425208280076713,0.006080984671007499,-0.00029984538101975337,0.05704346961324398,0.06461471084884544,0.08140548241677126,double,1,1,154.29544668460716,154.4396685157404,308.73511520034754,32.491799079084984,19.521445505097596,0.030583026882350192,0.0,0.0,0.0,authored_keyframe,0
189,3.7800000000000002,horse_stance_hold,0.8217391304347826,transition,nominal,-0.029950700314335426,-0.00021990733671239127,0.7149851414942783,0.9987656231327668,0.01305236602362296,-0.00018511196619322277,0.635776992448321,-0.02932468797259485,-0.00044596466110383257,0.06868373656754023,2.490025748232631,0.05182085039902101,2.4905649213376377,0.005586996665584723,-0.0002986439812272385,0.056403870927499884,0.06386905945109497,0.08144491258919455,double,1,1,153.52362607878752,153.7239310308014,307.24755710958897,31.322147460296293,19.18229044568306,0.030702697808632048,0.0,0.0,0.0,authored_keyframe,0
190,3.8000000000000003,horse_stance_hold,0.8260869565217391,transition,nominal,-0.030058563345520074,-0.00022949063854192281,0.7168505416047636,0.9987249613823554,0.012462238111556565,-0.00019351990144090786,0.6372325190618917,-0.028742039577122888,-0.00039954729673835843,0.07070124114619278,2.544636931000529,0.06536114698550813,2.545476220699587,0.005136826296036431,-0.00029535152269843034,0.05579940247280908,0.06312465139204922,0.0814747887960248,double,1,1,152.76800449854346,153.01903335400297,305.78703785254646,30.170164775362824,18.83116217343467,0.030839238409301535,0.0,0.0,0.0,authored_keyframe,0
191,3.8200000000000003,horse_stance_hold,0.8304347826086956,transition,nominal,-0.030129253318785076,-0.00023803478589161085,0.7187701353518539,0.998686626149947,0.011884719731868049,-0.00020095400824710107,0.6387270929008754,-0.028025174792617225,-0.00034904205754971823,0.0723944543973912,2.588288398133612,0.079173483090988,2.589499038875631,0.004733642058271909,-0.0002900177476656822,0.05523365496828857,0.06238458933602864,0.0814948047314358,double,1,1,152.03946565948047,152.3351716977617,304.37463735724214,29.053415360209005,18.470174517122164,0.030992593098893545,0.0,0.0,0.0,authored_keyframe,0
192,3.84,horse_stance_hold,0.8347826086956522,transition,nominal,-0.030161340589266582,-0.00024546010073826227,0.7207353294805157,0.9986509334501498,0.011322496556837916,-0.00020733918655965278,0.6402540464182763,-0.027174832920791103,-0.00029506916619487017,0.07376068294224042,2.620876100778242,0.09315317383537887,2.622531038791756,0.004380113947962134,-0.00028272081093900554,0.05470977328718853,0.06165203359888715,0.08150470039755303,double,1,1,151.34733739972887,151.68103390602695,303.02837130575585,27.991664207768565,18.101216371423988,0.031162821497527308,0.0,0.0,0.0,authored_keyframe,0
193,3.86,horse_stance_hold,0.8391304347826087,transition,nominal,-0.03015342499654114,-0.00025170140584791306,0.7227375220615958,0.9986181632155595,0.010778218279472434,-0.00021261334837809214,0.6418067329424225,-0.02619378935098942,-0.00023830619670965478,0.0748043318811016,2.6425583116983065,0.10720894692191074,2.6447321582772627,0.004078354676770554,-0.0002735674544159427,0.05423039526530326,0.060930158740631554,0.08150426839057454,double,1,1,150.6984137701848,151.0628342922355,301.7612480624203,27.006830314235525,17.725935311412158,0.031349918015400914,0.0,0.0,0.0,authored_keyframe,0
194,3.88,horse_stance_hold,0.8434782608695652,transition,nominal,-0.030104175455522245,-0.0002567092783665748,0.7247682359798135,0.9985885696024169,0.01025446144952977,-0.0002167285093994449,0.6433786353851162,-0.025086511751609405,-0.00017948272061340883,0.07553392714223321,2.6536573802958614,0.1212602571861558,2.6564264608627033,0.0038299650312748562,-0.0002626928948483512,0.053797696421263246,0.06022211576473437,0.08149335943347114,double,1,1,150.09708008235123,150.48445179460856,300.5815318769598,26.122785180084634,17.34580501574898,0.03155370700259558,0.0,0.0,0.0,authored_keyframe,0
195,3.9,horse_stance_hold,0.8478260869565218,transition,nominal,-0.030012378440772425,-0.00026045108350119834,0.7268191879781978,0.9985623858938906,0.00975370096820856,-0.00021965176414614614,0.6449634212317048,-0.023858690411170825,-0.00011937393949926182,0.07595977184548956,2.654578574139759,0.13523293528431382,2.6580209466946436,0.0036361212068865764,-0.000250260300646877,0.05341347672078294,0.059531003045415,0.08147188691949428,double,1,1,149.54606178163655,149.9481915967629,299.4942533783995,25.36481060075241,16.9622158099123,0.0317738127855236,0.0,0.0,0.0,authored_keyframe,0
196,3.92,horse_stance_hold,0.8521739130434783,transition,nominal,-0.029876983232150957,-0.0002629117975189401,0.728882316109951,0.99853982396619,0.009278290516927164,-0.00022136612127699061,0.6465549620807639,-0.022516831281839563,-5.879305201235512e-05,0.07609265571692152,2.645762665442956,0.14905528116980815,2.6499580296103606,0.0034976562296018697,-0.00023645976958234637,0.05307924029187592,0.05885984505255717,0.08143983036597943,double,1,1,149.04730544629038,149.4556784862349,298.5029839325253,24.758547141210208,16.577954322985256,0.03200967829586212,0.0,0.0,0.0,authored_keyframe,0
197,3.94,horse_stance_hold,0.8565217391304348,transition,nominal,-0.029697191588299088,-0.0002640683094972913,0.7309498546993751,0.9985210735167431,0.008830447359662994,-0.00022189002699121968,0.6481473929069024,-0.021068843066329057,-3.1832062760512304e-06,0.07596348426171011,2.6283199098910788,0.16260817236418454,2.633345204573352,0.0034148910759468727,-0.00022270824148436306,0.052795892141608694,0.058211440959682774,0.08139707481665465,double,1,1,148.72699034619447,149.10779299149846,297.8347833376929,24.315909755442437,16.19363236094336,0.03226079357267241,0.0,0.0,0.0,authored_keyframe,0
198,3.96,horse_stance_hold,0.8608695652173913,transition,nominal,-0.02947295703408555,-0.0002639257043985103,0.7330155600701158,0.9985063356396042,0.008411961120667787,-0.00022131942445619994,0.6497361543501498,-0.01954746308342697,5.0400305818725024e-05,0.07566283830929679,2.6055139255701376,0.17590400555259303,2.6114450090915864,0.0033813075096040127,-0.00020834861185593708,0.05255608942402116,0.0575867569241497,0.08134170804350009,double,1,1,148.5495343661774,148.91229606088194,297.46183042705934,24.046300901271994,15.800576157664864,0.03252512076650775,0.0,0.0,0.0,authored_keyframe,0
199,3.98,horse_stance_hold,0.8652173913043479,transition,nominal,-0.029204748670821647,-0.0002626038266014645,0.7350744236571295,0.9984958829191343,0.008023994801085435,-0.00021970039283723805,0.6513176474007267,-0.01797717974601919,0.00010212693901479301,0.07518141240203995,2.5773013745682625,0.1890415311953357,2.5842250435804024,0.0033918355707985353,-0.00019338546191359997,0.052353894102018565,0.05698608795457783,0.08127159737723316,double,1,1,148.34424462531967,148.68519656571272,297.0294411910324,23.967914802654704,15.400526951727606,0.03279753528651377,0.0,0.0,0.0,authored_keyframe,0
200,4.0,horse_stance_hold,0.8695652173913044,transition,nominal,-0.028893090199647375,-0.0002602165893311174,0.737120239422806,0.9984899475785217,0.007667662444999704,-0.00021708144093224465,0.6528872506715492,-0.016348622027446493,0.00015119779117554407,0.0744493632588537,2.5413754856979014,0.20182525728946343,2.5493769422716213,0.0034500589977643327,-0.00017807556482808283,0.052193338443486725,0.05641099632855869,0.08118598160205312,double,1,1,148.11279663946368,148.424471401261,296.5372680407247,24.096192376124865,14.998964064472597,0.03307422746125542,0.0,0.0,0.0,authored_keyframe,0
201,4.0200000000000005,horse_stance_hold,0.8739130434782608,transition,nominal,-0.028538537300847013,-0.00025686504661964147,0.7391455707935154,0.9984885631334334,0.007344289578725995,-0.0002135394937690001,0.6544393598466001,-0.01465122854454889,0.0001963034255789745,0.07342966575972923,2.496495314801595,0.21401838909557258,2.5056521561656115,0.003560088154275941,-0.00016283714478566077,0.05207959654280919,0.05586387079867063,0.0810847529837794,double,1,1,147.8887505128878,148.16418820432835,296.0529387172162,24.440106992779377,14.602132809065811,0.033354099591999815,0.0,0.0,0.0,authored_keyframe,0
202,4.04,horse_stance_hold,0.8782608695652174,transition,nominal,-0.028141474022317148,-0.0002526842720070493,0.7411424223318528,0.9984915816578949,0.007055381447142376,-0.00020912831522649402,0.6559679110879303,-0.012877234485826661,0.00023828189358237462,0.0721141835198269,2.442414549260474,0.2254252284687356,2.4527954183073293,0.00372549520007041,-0.00014751170016527663,0.0520178865649331,0.05534786292957123,0.08096862207660008,double,1,1,147.71070681168013,147.9445727245803,295.6552795362604,24.999167384664037,14.215372102960494,0.03363768995230907,0.0,0.0,0.0,authored_keyframe,0
203,4.0600000000000005,horse_stance_hold,0.8826086956521739,transition,nominal,-0.027702080156013706,-0.0002477837830928255,0.7431029572451864,0.998498735907607,0.0068025306124962935,-0.00020391970684591074,0.657466964540403,-0.011025960322771054,0.00027630681735004077,0.07052632087244888,2.380008814943476,0.23593137668690872,2.391674219812144,0.003948103948465578,-0.00013238874502405606,0.05201205099118108,0.05486658360126583,0.08083899250495068,double,1,1,147.61158836210407,147.79879746887957,295.41038583098367,25.761339874443856,13.841383847732509,0.03392619213562102,0.0,0.0,0.0,authored_keyframe,0
204,4.08,horse_stance_hold,0.8869565217391305,transition,nominal,-0.027220507378397287,-0.0002422647890981007,0.7450203385438223,0.9985097319523925,0.0065872192205832895,-0.00019800195453032954,0.6589313956809151,-0.009107658480300053,0.0003096070997435083,0.06871657774436159,2.3111480722696927,0.24552850038497054,2.3241535354741965,0.004226782655223535,-0.00011776092213871037,0.0520628773542644,0.05442343389828665,0.08069746351251858,double,1,1,147.6015813217743,147.73799636403103,295.3395776858053,26.705005650380905,13.480187484380853,0.03422016356787288,0.0,0.0,0.0,authored_keyframe,0
205,4.1,horse_stance_hold,0.8913043478260869,transition,nominal,-0.02669711522566452,-0.00023622784338491192,0.7468891605572335,0.9985243334500751,0.006410630957172957,-0.00019147708336796093,0.6603572423653454,-0.0071403817428739485,0.0003375688720677435,0.06674204267323318,2.237982841857945,0.2542816033963165,2.2523823685769617,0.004558053394541706,-0.00010389457857267347,0.05216841093559997,0.05402112043354888,0.08054545234113836,double,1,1,147.66920880929743,147.7514344766294,295.4206432859269,27.805373577000967,13.131454044745757,0.03451862642909941,0.0,0.0,0.0,authored_keyframe,0
206,4.12,horse_stance_hold,0.8956521739130435,transition,nominal,-0.026132587351322525,-0.0002297810799879938,0.7487050579331694,0.9985423845457992,0.006273622312458928,-0.000184451791305362,0.6617413678494558,-0.005138964536422607,0.00036000204517008723,0.06463568423661384,2.1618614083225665,0.2622403234840067,2.17770859759873,0.004938917398572745,-9.095114632288472e-05,0.052327051639979416,0.053661898256226415,0.08038443854509011,double,1,1,147.80408060312533,147.82955856056097,295.63363916368627,29.03610996227248,14.239983669957606,0.03481933904510006,0.0,0.0,0.0,authored_keyframe,0
207,4.14,horse_stance_hold,0.9,transition,nominal,-0.025528034819132836,-0.0002230331496151373,0.7504643603484159,0.9985637681728691,0.006176773016886194,-0.00017704069710017446,0.6630811863293039,-0.0031167950083647545,0.0003765579944608986,0.062421110772620386,2.0838217168991156,0.2694336606983772,2.1011681144872028,0.005366452026593317,-7.914114125663987e-05,0.05253706382813142,0.053347533927240315,0.08021580425905382,double,1,1,147.99838333512935,147.96527624235802,295.9636595774873,30.371084924923522,15.551297142464938,0.03511944335893963,0.0,0.0,0.0,authored_keyframe,0
208,4.16,horse_stance_hold,0.9043478260869566,transition,nominal,-0.024884986887973946,-0.00021609445578589019,0.7521639108299865,0.9985883755314001,0.006120417380300887,-0.00016936443143900968,0.6643745052237426,-0.0010855466853112725,0.0003869810480459949,0.06011507629038393,2.004673577310079,0.2758698255011135,2.0235662361749376,0.005837916060505729,-6.86569646041225e-05,0.05279668300900075,0.05307933835636773,0.08004080307596156,double,1,1,148.2461715223264,148.15350431409573,296.3996758364221,31.785488185519917,16.856459230728916,0.03541571414528026,0.0,0.0,0.0,authored_keyframe,0
209,4.18,horse_stance_hold,0.908695652173913,transition,nominal,-0.02420532808385597,-0.00020907750410288184,0.7538009485084489,0.998616083195379,0.006104679924871538,-0.0001615476187436989,0.6656194209204491,0.0009448599405240422,0.00039112220296929533,0.057730462020108904,1.9251014822388877,0.2815393251178958,1.9455796330415784,0.0063507993688489825,-5.966714419564412e-05,0.053104201707652114,0.052858238645900356,0.07986057237767,double,1,1,148.54390527596075,148.39157592188099,296.93548119784174,33.25631965763735,18.15019231246043,0.03570474744835304,0.0,0.0,0.0,authored_keyframe,0
210,4.2,horse_stance_hold,0.9130434782608696,transition,nominal,-0.02349121697885243,-0.00020209663774049694,0.7553730614481616,0.9986467403459254,0.0061295060172522,-0.0001537166857355228,0.6668142754840586,0.0029658370783152864,0.0003889425814224422,0.05527909578903231,1.8457645071896325,0.2864224004863648,1.8678555638756866,0.006902747653341847,-5.231307182735232e-05,0.053457933223966116,0.052684847736746844,0.07967615854539625,double,1,1,148.88966597817463,148.67846932855247,297.56813530672713,34.76250662973138,19.427052211859536,0.035983077015741154,0.0,0.0,0.0,authored_keyframe,0
211,4.22,horse_stance_hold,0.9173913043478261,transition,nominal,-0.022745010256157022,-0.00019526683130742997,0.7568781889257972,0.9986801662647761,0.006194682685388751,-0.00014599764136953786,0.6679576566724796,0.004969634769724989,0.00038051455962484547,0.05277330040612839,1.767352046786832,0.29049675005276104,1.7910671732441585,0.007491457105442344,-4.670633119408935e-05,0.05385613536436081,0.05255951430049686,0.07948853922160551,double,1,1,149.2819733312947,149.01361869607726,298.2955920273719,36.28484838532304,20.681485033878673,0.036247222321550226,0.0,0.0,0.0,authored_keyframe,0
212,4.24,horse_stance_hold,0.9217391304347827,transition,nominal,-0.021969204801495543,-0.000188701873090464,0.7583146407672299,0.9987161547476064,0.006299850943440542,-0.0001385138225019232,0.6690484138532486,0.006948995043017893,0.0003660238268468099,0.05022613358503857,1.690592187605932,0.2937429468311941,1.7159215785132154,0.008114598711360537,-4.292576715524554e-05,0.054296952240106895,0.05248235255750057,0.07929863659889014,double,1,1,149.71890032315102,149.3960120416689,299.11491236481993,37.805897850458265,21.90949028409137,0.03649370124360035,0.0,0.0,0.0,authored_keyframe,0
213,4.26,horse_stance_hold,0.9260869565217391,transition,nominal,-0.021166400218088167,-0.00018251220653066707,0.7596811091642751,0.9987544812422564,0.006444513307878219,-0.00013138360505528772,0.6700856688887213,0.008896998809796716,0.0003457704938528482,0.047650840571708264,1.6162301297965216,0.2961470155840976,1.6431381217966579,0.008769787618909671,-4.101478922681205e-05,0.05477839298246719,0.052453259140211705,0.07910732262420633,double,1,1,150.19770738245424,149.82380484265883,300.02151222511304,39.30982669207013,23.105614445604996,0.036719038474277044,0.0,0.0,0.0,authored_keyframe,0
214,4.28,horse_stance_hold,0.9304347826086958,transition,nominal,-0.020339277387573806,-0.0001768025955159932,0.7609766625312556,0.9987949096055474,0.006628039832228038,-0.00012471812209572105,0.6710688128033824,0.010807050661313098,0.00032016735383260563,0.045060097477559465,1.544996732330486,0.29770089801043437,1.5734168956726309,0.009454586834160453,-4.0979449773976827e-05,0.05529834085823177,0.05247192454422746,0.07891541968294172,double,1,1,150.7148972526676,150.294352732062,301.00924998472965,40.782289777282394,24.262144329049622,0.03691978545905522,0.0,0.0,0.0,authored_keyframe,0
215,4.3,horse_stance_hold,0.9347826086956522,transition,nominal,-0.019490586353458364,-0.00017166973852446925,0.7622007222604145,0.9988371970740259,0.006849674543930111,-0.00011861905833022015,0.6719974885619058,0.012672923788967793,0.000289734309760008,0.04246541579846516,1.4775801407007219,0.2984018743545703,1.5074106112176222,0.010166526933457576,-4.278762797851543e-05,0.05585457744838743,0.05253784402744592,0.07872370011433982,double,1,1,151.26647507095996,150.80444846298923,302.0709235339492,42.21029478969311,25.373446226447566,0.037092553723366506,0.0,0.0,0.0,authored_keyframe,0
216,4.32,horse_stance_hold,0.9391304347826088,transition,nominal,-0.018623137711723827,-0.00016719994808933822,0.763353028503049,0.9988810973976778,0.007108542809382397,-0.00011317660144955458,0.6728715648542279,0.01448880833130457,0.00025508874135767945,0.0398768276142577,1.4146045878135327,0.2982517584348423,1.4457040676682662,0.010903127510735793,-4.6369462221135433e-05,0.05644480897303493,0.05265032984670938,0.07853288650524715,double,1,1,151.84822871013588,151.35057904026817,303.1988077504041,43.582081074196495,26.434016005146752,0.0372340562971319,0.0,0.0,0.0,authored_keyframe,0
217,4.34,horse_stance_hold,0.9434782608695652,transition,nominal,-0.017739793974653528,-0.00016346700839336143,0.7644336013233786,0.9989263627391587,0.007403659388416318,-0.00010846762937359314,0.6736911061213179,0.01624933912761505,0.00021693208002039366,0.03730280270607823,1.3566146344992427,0.29725624953912316,1.3887996775732556,0.011661913808522557,-5.1619041172254836e-05,0.05706668842108263,0.052808524803648185,0.07834365332693327,double,1,1,152.45593501733347,151.92910978535775,304.3850448026912,44.88701152272296,27.438528475683988,0.037341150911977324,0.0,0.0,0.0,authored_keyframe,0
218,4.36,horse_stance_hold,0.9478260869565219,transition,nominal,-0.016843459525160812,-0.0001605303156838345,0.765442701329398,0.9989727450050735,0.007733936751557941,-0.00010455420357942285,0.6744563422642502,0.0179496030143165,0.0001760331479084793,0.03475029025285103,1.3040614919365725,0.29542448712469593,1.3371058306449526,0.012440428110202049,-5.839727805826385e-05,0.05771783276780337,0.05301141637900705,0.07815662966491886,double,1,1,153.08547902330858,152.536383662879,305.62186268618757,46.115480181065124,28.38188197590975,0.03741088076858948,0.0,0.0,0.0,authored_keyframe,0
219,4.38,horse_stance_hold,0.9521739130434783,transition,nominal,-0.015937069103227286,-0.00015843339162837237,0.7663807914330323,0.9990199970463413,0.008098193368527,-0.00010148242561670399,0.6751676394438918,0.019585135667500846,0.00013320897505823937,0.032224795153691484,1.2572894287806615,0.2927687053015065,1.290926110405829,0.013236238206115112,-6.653583661992086e-05,0.058395837260679366,0.05325785083218042,0.0779724025572069,double,1,1,153.73291538217842,153.16876632788288,306.9016817100613,47.2588363956724,29.25923815689867,0.037440511280500105,0.0,0.0,0.0,authored_keyframe,0
220,4.4,horse_stance_hold,0.9565217391304349,transition,nominal,-0.015023575256948016,-0.00015720283957317008,0.7672484998575674,0.9990678739014668,0.00849516188007434,-9.928169853172633e-05,0.6758254720727872,0.0211519171890697,8.930389698122689e-05,0.029730443712739012,1.2165226762907815,0.28930388428476955,1.2504495829068603,0.014046945255189527,-7.584193720126979e-05,0.05909828891765703,0.05354654700087436,0.07779152056027142,double,1,1,154.3945068915859,153.8226727624408,308.2171796540267,48.30932454405188,30.06605743312464,0.03742756292618306,0.0,0.0,0.0,authored_keyframe,0
221,4.42,horse_stance_hold,0.9608695652173913,transition,nominal,-0.014105935177232708,-0.00015684778990906258,0.7680465840074948,0.99911613408993,0.008923497195822905,-9.796441822648387e-05,0.6764303956524119,0.022646370602594886,4.516778522948523e-05,0.02727003108096268,1.1818551845405791,0.2850473600789652,1.2157440827384,0.014870192184947074,-8.610384035255119e-05,0.05982278035244064,0.053876109815680556,0.07761449735221831,double,1,1,155.06676144389067,154.49459760937552,309.5613590532662,49.26003725570874,30.79813052522258,0.03736984098566636,0.0,0.0,0.0,authored_keyframe,0
222,4.44,horse_stance_hold,0.965217391304348,transition,nominal,-0.013187097162188214,-0.00015735985557410902,0.7687758949494136,0.9991645409070545,0.009381784592092544,-9.752610245987769e-05,0.6769830202046578,0.024065363024477274,1.634279133442804e-06,0.024845061125453295,1.1532463241310826,0.2800184133900902,1.1867549856475672,0.015703672652982746,-9.709678295485441e-05,0.06056692399012856,0.054245043644029045,0.0774418153152169,double,1,1,155.74647280692704,155.1811550449193,310.9276278518463,50.10487962478417,31.451606318546343,0.03726546289216341,0.0,0.0,0.0,authored_keyframe,0
223,4.46,horse_stance_hold,0.9695652173913044,transition,nominal,-0.012269986825892074,-0.00015871359401594003,0.7694373425768056,0.9992128636829372,0.00986854785394531,-9.794594801029295e-05,0.677483984315342,0.025406207418136453,-4.050013814773441e-05,0.02245579146422848,1.1305251122010138,0.27423788523826714,1.163311414461782,0.01654514007594126,-0.0001085891307135049,0.061328366217230534,0.05465176554598831,0.07727392908422848,double,1,1,156.4307608240189,155.87912388275038,312.3098847067693,50.838542039497895,32.02301610564077,0.03711288365579569,0.0,0.0,0.0,authored_keyframe,0
224,4.48,horse_stance_hold,0.973913043478261,transition,nominal,-0.011357493125523947,-0.0001608674491836641,0.7700318617769584,0.9992608789976309,0.010382257464860614,-9.918779033123944e-05,0.6779339300180173,0.026666663234386653,-8.04954459082935e-05,0.020101290829638782,1.113404112986481,0.2677278623617555,1.1451405708907563,0.017392416294960723,-0.00012034851283922923,0.062104801040589616,0.05509461845103468,0.07711126903752955,double,1,1,157.11710392643158,156.5854905643269,313.70259449075843,51.456479636402456,32.5092942397344,0.036910919598160064,0.0,0.0,0.0,authored_keyframe,0
225,4.5,horse_stance_hold,0.9782608695652175,transition,nominal,-0.010452454292749994,-0.00016376512744632895,0.7705603800090374,0.9993083718641713,0.010921338828482409,-0.00010120142571013813,0.6783334788278474,0.027844935763773282,-0.00011768511190329885,0.01777950964566305,1.1015023554852608,0.2605114556548345,1.1318894193634725,0.01824339982823214,-0.00013214771969438966,0.06289398318124133,0.055571884215721304,0.07695424467805256,double,1,1,157.80335843297885,157.2974839594695,315.1008423924484,51.95476868052184,32.90768729662576,0.03665877055620547,0.0,0.0,0.0,authored_keyframe,0
226,4.5200000000000005,horse_stance_hold,0.9826086956521739,transition,nominal,-0.009557647875979063,-0.00016733578467608275,0.7710238149614665,0.9993551378910284,0.011484174361728173,-0.00010392952783960356,0.6786832338853752,0.028939200916161666,-0.00015173950344051935,0.015488244012549335,1.0943749684828696,0.2526162803000819,1.1231525082171752,0.019095943214899797,-0.00014384099704120262,0.06369357631891653,0.05608175651379064,0.07680320822548806,double,1,1,158.48614749997813,158.01088423839556,316.4970317383737,52.32985792627839,33.21539782595871,0.036356007599383344,0.0,0.0,0.0,authored_keyframe,0
227,4.54,horse_stance_hold,0.9869565217391305,transition,nominal,-0.008675796396359523,-0.00017150251062287967,0.7714231142171686,0.9994009881492497,0.012069090644316771,-0.00010730161643128297,0.6789838183828943,0.02994684139099128,-0.000182032715598205,0.013225752720177932,1.091517386531339,0.24407887917615465,1.1184742752339423,0.019947639470907035,-0.00015519159651808788,0.06450086824884718,0.05662225693762343,0.07665836225483685,double,1,1,159.15798925442377,158.71750527418655,317.8754945286103,52.576737287486864,33.42564867268412,0.03600250090936448,0.0,0.0,0.0,authored_keyframe,0
228,4.5600000000000005,horse_stance_hold,0.9913043478260869,transition,nominal,-0.007809630613228442,-0.00017617571436025355,0.7717595356608035,0.9994457569693628,0.012674302827455323,-0.00011124433182828152,0.6792361290704179,0.030858542279862827,-0.00020916154132487785,0.01101781094623852,1.0924939062093193,0.23497180234951726,1.1174769272803253,0.020794214258095786,-0.00016628170769818936,0.06531072396953048,0.05719073972589049,0.07651924665399185,double,1,1,159.8499026934599,159.44127731534095,319.29118000880084,52.6882064633795,33.52370152361678,0.03559810535118934,0.0,0.0,0.0,authored_keyframe,0
229,4.58,horse_stance_hold,0.9956521739130436,transition,nominal,-0.006962046576884852,-0.0001812747812751977,0.7720348962402742,0.9994893236683086,0.013297790377152683,-0.00011567028070546176,0.6794415584438368,0.03165713648224123,-0.00023075807977989782,0.008915371657189426,1.0965695273157603,0.22539551236545613,1.1194944686026798,0.021629098153018674,-0.00017639960742434063,0.06611485307957905,0.057783464282946104,0.07638430809735292,double,1,1,160.59301365721203,160.22792688860648,320.8209405458185,52.66275104514962,33.51625974437441,0.035142236852277506,0.0,0.0,0.0,authored_keyframe,0
230,4.6000000000000005,horse_stance_hold,1.0,transition,nominal,-0.006136200268264144,-0.00018670757255490118,0.772250824086326,0.999531624768736,0.013937206937836935,-0.00012047015480654679,0.679601314446557,0.032342579163362126,-0.000246925429769463,0.006827626303149636,1.102135252053661,0.21534131161723352,1.122975509220222,0.02244990542339551,-0.00018546193302643497,0.06690981143536245,0.058397025806404886,0.07625237266137842,double,1,1,161.2597938032327,160.93968937841004,322.19948318164273,52.502297077406475,33.40758619653711,0.034634287794868795,0.0,0.0,0.0,authored_keyframe,0
231,4.62,horse_stance_hold,1.0,transition,nominal,-0.0053352931301326135,-0.00019236464176781051,0.7724071338224271,0.9995725005554096,0.014590484863318329,-0.0001255365507797278,0.679715053521692,0.03293027724856186,-0.00025779057987847476,0.0047083462362576605,1.1091321352451469,0.2046331542698881,1.1278514180777106,0.023258593139751683,-0.00019339375836302408,0.067697763821864,0.05902956432162669,0.0761235895980316,double,1,1,161.9124443956673,161.63779127149115,323.55023566715846,52.280307705082095,33.251670153198184,0.0341625849641566,0.0,0.0,0.0,authored_keyframe,0
232,4.64,horse_stance_hold,1.0,transition,nominal,-0.0045571351060914285,-0.00019814071643523305,0.7725134453323743,0.9996108639642172,0.015253590920573712,-0.00013076233221948107,0.6797895081549272,0.03328537905760813,-0.0002633413277200998,0.00305304914069509,1.1144657215266043,0.19554764233033448,1.131491371986003,0.024015651109301664,-0.00020008443787041961,0.06843818178613989,0.05967602830238219,0.07599807036556974,double,1,1,162.61631885937197,162.38655599704077,325.00287485641275,52.06107035911546,33.10229629591199,0.03379285962829789,0.0,0.0,0.0,authored_keyframe,0
233,4.66,horse_stance_hold,1.0,transition,nominal,-0.00379429838806421,-0.000203941545101706,0.7725908150584483,0.9996460508194043,0.015919904202091172,-0.00013604086970463877,0.6798404746040756,0.0332916980542921,-0.00026364153953635483,0.0022454445751956408,1.112539848454325,0.1900285419245134,1.1286521878527187,0.024683956325707412,-0.0002054446048544341,0.06909200738811362,0.06032786184902914,0.07587545377556815,double,1,1,163.21343589186182,163.02686351910984,326.24029941097166,51.83564460955558,32.95745075008717,0.03349165044601729,0.0,0.0,0.0,authored_keyframe,0
234,4.68,horse_stance_hold,1.0,transition,nominal,-0.003042878751453842,-0.00020966943986419146,0.7726567337742865,0.9996787208730645,0.016583114830604265,-0.0001412711030833802,0.679881895547594,0.03301758419247999,-0.00025907135302953815,0.0019847804732573988,1.1028649751342865,0.18696589455158238,1.118600643260777,0.025275271159606205,-0.00020947381251757558,0.06967003145656701,0.06097778341383988,0.07575515370028525,double,1,1,163.51763144483124,163.37175700462302,326.8893884494543,51.605009385523985,32.81572725446684,0.03323390825517309,0.0,0.0,0.0,authored_keyframe,0
235,4.7,horse_stance_hold,1.0,transition,nominal,-0.0023041224862570993,-0.00021522467250966717,0.7727200182058033,0.999709459709224,0.017238559462090287,-0.00014636078616363606,0.6799211101658056,0.03254756578800739,-0.00025010972061509216,0.001959425606966577,1.0871696964135196,0.18503291445966105,1.1028033044171115,0.025807226602338383,-0.000212206169454353,0.07018958862813106,0.061620833135895996,0.07563666656941245,double,1,1,163.60715004914596,163.49888170814478,327.1060317572907,51.3722571392761,32.67620002555864,0.03300428195119078,0.0,0.0,0.0,authored_keyframe,0
236,4.72,horse_stance_hold,1.0,transition,nominal,-0.0015809787102262478,-0.0002205141849118874,0.7727834942009238,0.9997384886836654,0.01788308785654159,-0.00015122781437111536,0.6799605695103175,0.03194781485599496,-0.00023728135773653684,0.001984072300114484,1.0672580905011129,0.1832369940041045,1.0828737819855747,0.026294105030545772,-0.00021369773865197856,0.07066483878310112,0.062253738093651124,0.0755196080113478,double,1,1,163.59163541062665,163.51737348128802,327.10900889191464,51.14001789995032,32.538271974181065,0.032793972604160324,0.0,0.0,0.0,authored_keyframe,0
237,4.74,horse_stance_hold,1.0,transition,nominal,-0.0008760493045570772,-0.00022545698193246428,0.7728471458274522,0.9997657811462338,0.01851460593861134,-0.0001558008118693549,0.6800003047975616,0.031260439485292967,-0.00022112952842770695,0.0019835285051332282,1.0443807982043571,0.18099084604718135,1.059947610974639,0.02674489577268837,-0.00021402008644766135,0.07110466493093194,0.06287429769325227,0.07540370549275781,double,1,1,163.54503357179482,163.50073943240443,327.04577300419925,50.90985624294613,32.40151775374739,0.03259802070998027,0.0,0.0,0.0,authored_keyframe,0
238,4.76,horse_stance_hold,1.0,transition,nominal,-0.00019100153692235165,-0.00022998631912371238,0.7729101173668289,0.9997912261691985,0.019131637688045076,-0.00016001934620048355,0.6800395964816275,0.03050820662567222,-0.00020220338190747006,0.0019440482948501904,1.0192637860803508,0.17802544334603193,1.0346940243827654,0.027164110715956535,-0.00021325725792871664,0.07151345161243107,0.06348090836039301,0.0752887688200091,double,1,1,163.50197017749184,163.48324448488574,326.9852146623776,50.68245908638983,32.2656005881477,0.03241348203502564,0.0,0.0,0.0,authored_keyframe,0
239,4.78,horse_stance_hold,1.0,transition,nominal,0.0004732789911339731,-0.00023404995923852884,0.7729716110070403,0.9998147311108295,0.01973301578167235,-0.00016383397427990065,0.6800777559526979,0.029701559373867408,-0.00018105188961817077,0.0018754283172403435,0.9922744207828984,0.17427258554585157,1.0074618902037302,0.027553326922790083,-0.00021150426969028733,0.07189263223925595,0.06407225890964158,0.07517465960988406,double,1,1,163.47248039987912,163.47465812171743,326.9471385215965,50.45798727429495,32.13024018447201,0.032238395357499346,0.0,0.0,0.0,authored_keyframe,0
240,4.8,horse_stance_hold,1.0,transition,nominal,0.0011163325000985128,-0.0002376095391468342,0.7730311278205683,0.9998362598765913,0.020317701802607266,-0.00016720618283557295,0.6801143509197646,0.028844381087279554,-0.00015821865590429825,0.0017911284730632827,0.9635714031988368,0.16977024974664529,0.978412891759718,0.02791252538971861,-0.00020886569274660186,0.0722420437170861,0.06464716662170955,0.07506127011891206,double,1,1,163.45574012121077,163.47399640963732,326.9297365308481,50.236348165516965,31.995201278207883,0.03207128315772723,0.0,0.0,0.0,authored_keyframe,0
241,4.82,horse_stance_hold,1.0,transition,nominal,0.0017378219433888224,-0.00024063963434861073,0.7730884314314476,0.99985583330575,0.02088469919003691,-0.00017010821306736253,0.6801491851093523,0.027937715213211856,-0.00013423554366733624,0.0017011468432890024,0.933211269784805,0.16460201599532073,0.9476165351676236,0.02824098295093486,-0.0002054537931364282,0.07256083195787075,0.06520450380555598,0.07494851134161315,double,1,1,163.44805979029002,163.47751811925298,326.925577909543,50.0173544366424,31.86029030060205,0.03191094150200777,0.0,0.0,0.0,authored_keyframe,0
242,4.84,horse_stance_hold,1.0,transition,nominal,0.0023373523732113355,-0.00024312666654618435,0.7731434462280672,0.9998735151714563,0.021433021228462322,-0.00017252276871270892,0.6801822139170027,0.02698180796755965,-0.00010962072255158125,0.0016112386404883486,0.9012142560364897,0.15886414999347637,0.9151092576499013,0.02853777741792013,-0.00020138771756927082,0.07284796471769218,0.06574317348729296,0.07483630704370661,double,1,1,163.44636898722928,163.48235099767587,326.9287199849051,49.80089579463538,31.725475974129555,0.03175635916275031,0.0,0.0,0.0,authored_keyframe,0
243,4.86,horse_stance_hold,1.0,transition,nominal,0.0029143947901148506,-0.00024506623840724046,0.7731961884943801,0.9998893969248301,0.02196168281457791,-0.00017444277243419034,0.6802134866008427,0.02597651398595193,-8.486481393185894e-05,0.0015258830929263563,0.8675841809362174,0.1526551954165981,0.8809119818111495,0.028801885716178324,-0.00019678959490676732,0.0731023424648288,0.06626211391393091,0.07472460087950902,double,1,1,163.4508505139867,163.48907204721294,326.93992256119964,49.58680673558347,31.590796512509378,0.031606703359390614,0.0,0.0,0.0,authored_keyframe,0
244,4.88,horse_stance_hold,1.0,transition,nominal,0.003468266162161937,-0.0002464639357672351,0.7732467572694598,0.9999035869667495,0.022469689758460254,-0.00017586982674781373,0.6802431381176627,0.024921318943543005,-6.036519448318865e-05,0.0014485577122779947,0.8323101089835657,0.14606926620386118,0.8450303829126912,0.029032178999831012,-0.0001917656924620888,0.07332296551410657,0.06676045989572438,0.07461376426447427,double,1,1,163.4589971050051,163.4950663593114,326.9540634643165,49.37485869808076,31.456224322529856,0.031461293156241216,0.0,0.0,0.0,authored_keyframe,0
245,4.9,horse_stance_hold,1.0,transition,nominal,0.003998137954005119,-0.00024733517491579463,0.7732952796500567,0.9999162025611336,0.022956047812225447,-0.00017681336081457695,0.6802713338802199,0.02381676555364856,-3.651098268056872e-05,0.0013793206217090044,0.7954096542573879,0.13918044903031848,0.8074947154490476,0.029227806833295445,-0.00018642793608002092,0.07350994927344966,0.06723818288805093,0.07450394461056782,double,1,1,163.46844503684463,163.49820830584554,326.96665334269017,49.164868669260564,31.32173765572539,0.031319538017105776,0.0,0.0,0.0,authored_keyframe,0
246,4.92,horse_stance_hold,1.0,transition,nominal,0.0045030799467573246,-0.0002477028850987187,0.7733418603719233,0.9999273627637871,0.023419787539425002,-0.00017729033603508803,0.6802982214091925,0.022664632872459553,-1.366541816724979e-05,0.0013168076690597285,0.7569392062704845,0.13204352753011672,0.7683699988625192,0.029388269048430844,-0.00018088897344091032,0.07366155634597735,0.06769307614184987,0.07439451547177178,double,1,1,163.47855330432137,163.49818747051899,326.9767407748403,48.9566864499921,31.187324723131418,0.03118093647518602,0.0,0.0,0.0,authored_keyframe,0
247,4.94,horse_stance_hold,1.0,transition,nominal,0.00498212290718326,-0.000247596474268615,0.7733865728547537,0.9999371845532938,0.023859986239754213,-0.00017732455937453226,0.680323919499238,0.02146767289263767,7.84754352236419e-06,0.0012596400614545802,0.7169878551886246,0.12469889003158613,0.7277509173220559,0.029513368292178217,-0.0001752579561648213,0.07377760107742465,0.06812422851708015,0.07428547571006194,double,1,1,163.48936280244735,163.49542877200543,326.98479157445274,48.75017947696461,31.05298133565019,0.031045071876147964,0.0,0.0,0.0,authored_keyframe,0
248,4.96,horse_stance_hold,1.0,transition,nominal,0.005434315883919636,-0.0002470509787926748,0.7734294675381049,0.9999457812397323,0.02427578456913826,-0.00017694583210996288,0.680348523426868,0.02022935967063517,2.7748516656961774e-05,0.0012068210593522855,0.6756697225022507,0.11717668903286302,0.6857550221172082,0.029603160640163547,-0.00016963829563567054,0.0738581576123934,0.06853079861748419,0.0741771228283184,double,1,1,163.50099554064244,163.49047861143558,326.991474152078,48.54522640862937,30.91870914983338,0.030911599040847934,0.0,0.0,0.0,authored_keyframe,0
249,4.98,horse_stance_hold,1.0,transition,nominal,0.005858769328256765,-0.0002461061554829068,0.773470581915334,0.9999532618543536,0.02466639866352868,-0.000176189030731433,0.6803721125295616,0.018953684793717923,4.580490359862408e-05,0.0011576982608894355,0.6331170612289171,0.10950001835816593,0.6425165112583325,0.029657913913442732,-0.0001641261586660943,0.07390432091769658,0.06891282952704407,0.07406967205450272,double,1,1,163.51346133251963,163.48380121139704,326.99726254391663,48.34171578722296,30.784514481852973,0.03078022986727733,0.0,0.0,0.0,authored_keyframe,0
250,5.0,horse_stance_hold,1.0,transition,nominal,0.006254683842500766,-0.0002448055361467823,0.7735099473542324,0.9999597308139769,0.025031128572268208,-0.0001750931616021707,0.6803947556121543,0.017644987384991068,6.183159337438733e-05,0.0011118282227466742,0.5894743751639218,0.10168739562627252,0.5981808801726699,0.029678071378069038,-0.00015880933709534707,0.07391573852699027,0.06926882554029408,0.07396256431369279,double,1,1,163.52664996740594,163.47576054374304,327.002410511149,48.13954645207052,30.650407394975293,0.030650721399712512,0.0,0.0,0.0,authored_keyframe,0
251,5.0200000000000005,horse_stance_hold,1.0,transition,nominal,0.006621367100451549,-0.00024319548237327493,0.7735475926026266,0.9999652875839903,0.025369363583645933,-0.00017370041276777446,0.680416513863305,0.01630780994647085,7.569069919039699e-05,0.0010688693290364076,0.5448934955128653,0.09375476057867949,0.5529004219417764,0.029664219122414178,-0.00015376636768641956,0.07389298464642949,0.06959816401477514,0.07385578521318827,double,1,1,163.54037657984875,163.4666556161181,327.0070321959669,47.93862802204494,30.51640091648085,0.03052286686951878,0.0,0.0,0.0,authored_keyframe,0
252,5.04,horse_stance_hold,1.0,transition,nominal,0.006958241831821823,-0.00024132426419309436,0.773583545194022,0.9999700262737513,0.025680584929286838,-0.00017205521932786357,0.6804374421883098,0.014946778077611304,8.7290562039317e-05,0.0010285246786877183,0.4995296005100755,0.08571707004552716,0.5068305810455259,0.02961705708976633,-0.00014906585897500726,0.0738367894914314,0.06990035642025205,0.0737493359197014,double,1,1,163.55442488766138,163.4567540947808,327.0111789824422,47.73888092056177,30.38251033636721,0.03039648912010694,0.0,0.0,0.0,authored_keyframe,0
253,5.0600000000000005,horse_stance_hold,1.0,transition,nominal,0.007264847403602927,-0.0002392411754563406,0.7736178318634582,0.9999740351755024,0.025964366355629345,-0.00017020335575330782,0.6804575898271917,0.013566505207700906,9.65841282419648e-05,0.000990520858674315,0.4535382247503209,0.07758950022607009,0.46012721268688717,0.029537374560222263,-0.00014476601007299921,0.07374797262841884,0.07017500677316642,0.07364321744366652,double,1,1,163.56857415881285,163.44631035641925,327.0148845152321,47.54023598457764,30.248752579987784,0.030271435696596107,0.0,0.0,0.0,authored_keyframe,0
254,5.08,horse_stance_hold,1.0,transition,nominal,0.007540837082078297,-0.00023699569341253875,0.7736504786359908,0.9999773962770108,0.026220373074338898,-0.00016819106688890827,0.6804770007673706,0.012171523173278792,0.00010356676913563463,0.0009546041990279765,0.4070733230371137,0.06938825712375471,0.4129448153871781,0.029426030815946993,-0.00014091431520167055,0.07362742312460091,0.07042181007065813,0.07353743071241567,double,1,1,163.5826121201606,163.43557032860613,327.01818244876677,47.342633877403266,30.115145657099905,0.030147575066545227,0.0,0.0,0.0,authored_keyframe,0
255,5.1000000000000005,horse_stance_hold,1.0,transition,nominal,0.007785972664842799,-0.0002346366879472359,0.7736815108752215,0.9999801847786015,0.026448359600019775,-0.00016606424814890483,0.6804957141513072,0.010766237529241626,0.00010827360161825845,0.0009205420444366834,0.3602864716021822,0.06113101814743574,0.3654358261026033,0.029283941207001233,-0.0001375474489944654,0.07347608526532412,0.0706405497787024,0.07343197661986252,double,1,1,163.59633970915945,163.42476910853975,327.0211088176992,47.14602451025247,29.981708188595743,0.030024793647369295,0.0,0.0,0.0,authored_keyframe,0
