step,t,motion_id,phase,phase_label,mode,base_x,base_y,base_z,upright_cos,com_x,com_y,com_z,com_vx,com_vy,com_vz,lin_momentum_norm,ang_momentum_norm,momentum_norm,cp_x,cp_y,cp_margin,com_margin,support_area,support_mode,contact_left,contact_right,grf_left,grf_right,grf_total,torque_norm,torque_max,tracking_err_rms,head_force,torso_force,push_force,source,trial
0,0.0,single_leg_front_kick,0.0,weight_shift,nominal,0.0028579987691578785,1.0371512553768548e-05,0.7754281258656032,0.9999682222762024,0.021578626937179664,0.00010528226912702852,0.6816920700518175,0.005565958965903974,0.00014190993277394146,-1.3366361876247127e-05,0.18563626997900998,0.046298741638296934,0.19132275925516454,0.023045861732014877,0.00014269095150757431,0.07128640823726459,0.0698191734583037,0.04965071613412247,double,1,1,163.6427764265791,163.33306560657186,326.975842033151,11.720257122596607,7.592852428479564,0.00902208596594895,0.0,0.0,0.0,authored_keyframe,0
1,0.02,single_leg_front_kick,0.004,weight_shift,nominal,0.0029744920349706965,1.3843464915249785e-05,0.7754328568155521,0.9999699288571158,0.02169486556797744,0.0001080470068718648,0.6816912492260826,0.005997968283176297,0.00013477034529565973,-5.996727132119066e-05,0.2000395798557237,0.04139076993947104,0.20427684485774858,0.02327598079340452,0.00014357361101892597,0.07151814092101817,0.06993702570869169,0.04965159279825144,double,1,1,163.67221480120293,163.34516179806718,327.01737659927005,11.726964774277635,7.583833862776121,0.009044835025847612,0.0,0.0,0.0,authored_keyframe,0
2,0.04,single_leg_front_kick,0.008,weight_shift,nominal,0.0031085364775901127,1.646268144551546e-05,0.7754353764927611,0.9999715871437984,0.0218188310993905,0.00010998263298499597,0.6816884754761717,0.006337282332989415,7.333929710554172e-05,-0.00016242050852762784,0.211375757772675,0.03734148711768284,0.21464877738792887,0.023489388982690443,0.0001293154533483181,0.07173296145917434,0.07006240355709979,0.049652554700411806,double,1,1,163.76679432318227,163.29357464515533,327.06036896833757,11.740385131906319,7.590853517368483,0.009044827873703722,0.0,0.0,0.0,authored_keyframe,0
3,0.06,single_leg_front_kick,0.012,weight_shift,nominal,0.003252540645195502,1.4552176737734728e-05,0.7754325124997538,0.9999733297732283,0.0219487760430101,0.00010908260741925583,0.6816815714200887,0.006587239742527457,-0.00011591944988410824,-0.0003764257685516028,0.22001834802531736,0.03423929940746587,0.2226665738086967,0.02368521588856019,7.85254758253508e-05,0.07193007437247748,0.07019363462268255,0.049653683026993835,double,1,1,164.04244062051293,163.11704839711055,327.1594890176235,11.76310341502374,7.6175345786948325,0.009034299494881392,0.0,0.0,0.0,authored_keyframe,0
4,0.08,single_leg_front_kick,0.016,weight_shift,nominal,0.0033994183717406517,9.327466580130804e-07,0.775421902793897,0.999975170888633,0.022082799016439846,0.00010237851347259065,0.6816688721934052,0.006738504500504104,-0.00046735984530072263,-0.0006489889096594277,0.22624625541771998,0.033077809141664936,0.2286515023964474,0.023859096704143212,-2.081947689321992e-05,0.07210519018214277,0.07032889309285516,0.049655073243127,double,1,1,164.5477284148,162.79998804285128,327.34771645765125,11.793149172899932,7.661392250960545,0.009023007196498603,0.0,0.0,0.0,authored_keyframe,0
5,0.1,single_leg_front_kick,0.02,weight_shift,nominal,0.003543613369314082,-3.306283408758022e-05,0.7754025377406029,0.9999770585359333,0.02221890356565948,8.641135040934184e-05,0.6816497126713448,0.0067908171352809256,-0.0009989855411418694,-0.0009384196611350885,0.2309792912402251,0.035102083252398414,0.23363131046693,0.024008965923513714,-0.00017692167382246524,0.07225628895760294,0.07046622783462284,0.04965680176286079,double,1,1,165.27019049462567,162.31423861654415,327.5844291111698,11.829212388147761,7.719884657487061,0.009016462328255388,0.0,0.0,0.0,authored_keyframe,0
6,0.12,single_leg_front_kick,0.024,weight_shift,nominal,0.003680875267385025,-9.62776332423635e-05,0.7753741687620963,0.9999788910437385,0.02235518989918501,5.748814761557842e-05,0.6816239881375773,0.0067528122149671885,-0.001717849704738019,-0.0012274020825976892,0.2358941671141243,0.0408360521645012,0.23940267591413483,0.024135200554931076,-0.0003953292389876658,0.07238381509311785,0.07060380506507086,0.04965893291787373,double,1,1,166.18591343376875,161.64739202068853,327.8333054544573,11.871708252582637,7.791353213254754,0.009017412810003598,0.0,0.0,0.0,authored_keyframe,0
7,0.14,single_leg_front_kick,0.028000000000000004,weight_shift,nominal,0.003808045942060757,-0.00019700612491023453,0.7753368067398164,0.9999805213866902,0.02248999242054861,1.1878931109377914e-05,0.6815917512152776,0.006638177154278883,-0.0026218582175406655,-0.0015143110435166523,0.24325939045201328,0.04971413398354186,0.24828738622978536,0.02423974441640219,-0.0006792146541273129,0.07248980595717885,0.07074004972773526,0.04966152554154646,double,1,1,167.2719548223949,160.80392519742847,328.07588001982333,11.922614137413966,7.874791903702793,0.009027066253357774,0.0,0.0,0.0,authored_keyframe,0
8,0.16,single_leg_front_kick,0.032,weight_shift,nominal,0.00392291842003646,-0.000342568934764736,0.7752904741778939,0.9999817619829169,0.02262193646989962,-5.401465447033417e-05,0.6815530078545938,0.006461724198166709,-0.0037010858285341486,-0.0018037395576805243,0.25545797710034707,0.06071238525204626,0.2625733645806336,0.02432512895825527,-0.0010295532860490938,0.07257690279903453,0.07087369194666705,0.049664635390201994,double,1,1,168.5066245329534,159.79998126962352,328.30660580257694,11.984960073766958,7.969469365298329,0.009045852687008919,0.0,0.0,0.0,authored_keyframe,0
9,0.18,single_leg_front_kick,0.036,weight_shift,nominal,0.0040240982554133374,-0.0005390606588296431,0.7752351320396172,0.9999823923664034,0.0227499273731887,-0.0001435190752628495,0.6815076594795159,0.006236537950640901,-0.004939296209580051,-0.0021010821424262494,0.2743422923788954,0.07287812116751215,0.28385720694147243,0.02439371019049023,-0.0014453840367413414,0.07264757741650543,0.07100374560841383,0.0496683162070769,double,1,1,169.86756597447345,158.65836761141233,328.5259335858858,12.062311011223485,8.07467754664011,0.00907389373447527,0.0,0.0,0.0,authored_keyframe,0
10,0.2,single_leg_front_kick,0.04,weight_shift,nominal,0.004110833842914819,-0.0007912213760108833,0.775170684883368,0.9999821686082475,0.022873096910753433,-0.0002595809755379973,0.6814555141662288,0.005972426692337566,-0.006315610282245082,-0.002410437603322357,0.3007493417609906,0.08545041898868456,0.31265306759251676,0.024447206915152103,-0.001924141436685167,0.07270366391077408,0.07112944832802963,0.049672620412297225,double,1,1,171.33083266658187,157.4052458296842,328.7360784962661,12.158327941216546,8.189620150342547,0.009111305894344656,0.0,0.0,0.0,authored_keyframe,0
11,0.22,single_leg_front_kick,0.044,weight_shift,nominal,0.004182823433178126,-0.0011024074466399448,0.7750970074549199,0.9999808327401042,0.022990731223257857,-0.0004046925039349486,0.6813963190987601,0.005675451888137585,-0.007806138285289015,-0.0027341755628010806,0.3344471628393602,0.09784022338154759,0.34846465250100855,0.0244865047218503,-0.00246201146348563,0.07274616009891254,0.07125018692620254,0.04967759965864919,double,1,1,172.87112357078843,156.06812610476794,328.93924967555637,12.276408923691273,8.313390227641781,0.009158389156014643,0.0,0.0,0.0,authored_keyframe,0
12,0.24,single_leg_front_kick,0.048,weight_shift,nominal,0.004240023862857714,-0.0014746418427583356,0.7750139701766664,0.9999781209930345,0.023102197872480634,-0.0005808475601643046,0.6813297940785059,0.005348183711888519,-0.009385439971902493,-0.0030730912437663314,0.3744515179840412,0.1096021017984075,0.3901622227217561,0.024511650565282928,-0.003054272998435409,0.07277522223896528,0.07136542494459121,0.04968330529167678,double,1,1,174.46258859628853,154.67454732503847,329.137135921327,12.4194021017264,8.444991873752242,0.00921571107389405,0.0,0.0,0.0,authored_keyframe,0
13,0.26,single_leg_front_kick,0.052000000000000005,weight_shift,nominal,0.004282484606076864,-0.0019087239160710133,0.7749214582681706,0.9999737703908842,0.02320688296264819,-0.0007895247038425012,0.6812556600885791,0.004990364744793469,-0.011027747708833309,-0.0034266955940361033,0.4194326300680404,0.12041614123342814,0.4363757305755472,0.02452196500476538,-0.003695603461315339,0.07279027891409512,0.07147464182971879,0.04968978873016856,double,1,1,176.07973751756236,153.2510880868887,329.3308256044511,12.589390897691999,8.583379070537944,0.00928409146758402,0.0,0.0,0.0,authored_keyframe,0
14,0.28,single_leg_front_kick,0.05600000000000001,weight_shift,nominal,0.004310221506121255,-0.002404378657181351,0.7748193850193952,0.999967523740148,0.023304143729462552,-0.0010316917778600801,0.6811736619075781,0.004599743574654099,-0.012707939895579931,-0.0037935138355092756,0.4680128830743704,0.13007487101942036,0.4857525406977334,0.024516214676280932,-0.004380340347363201,0.07279020572304208,0.07157728822042356,0.0496971017988308,double,1,1,177.6982283592144,151.8225911828639,329.52081954207836,12.787553835126657,8.72749787628359,0.00936450485393096,0.0,0.0,0.0,authored_keyframe,0
15,0.3,single_leg_front_kick,0.06,weight_shift,nominal,0.004323134711229132,-0.002960427254536749,0.7747077006144393,0.9999591333024749,0.023393278095544666,-0.0013078274357787968,0.6810835848601426,0.004172915896883546,-0.014402285009331875,-0.004171374450834708,0.5189229368735072,0.13847056849779532,0.5370801734876541,0.024492803668580705,-0.005102699191938695,0.07277351885776154,0.07167275819763594,0.049705297059529474,double,1,1,179.29545973517153,150.41159552703897,329.7070552622105,13.01409916611182,8.876328501412281,0.00945792991923528,0.0,0.0,0.0,authored_keyframe,0
16,0.32,single_leg_front_kick,0.064,weight_shift,nominal,0.004320966959811208,-0.00357496324121165,0.7745864026617835,0.9999483631653344,0.02347350933402238,-0.001617957834510876,0.6809852713403708,0.0037059216087903303,-0.016089367811330427,-0.004556854006800646,0.5710652760082219,0.14558735535233258,0.5893311696328585,0.02444991565943056,-0.005857054653380106,0.07273851881836763,0.07176037595573283,0.049714428254182534,double,1,1,180.8509425181642,149.04134290785225,329.8922854260165,13.2679811602089,9.028829248789213,0.009565182337698633,0.0,0.0,0.0,authored_keyframe,0
17,0.34,single_leg_front_kick,0.068,weight_shift,nominal,0.004303290208715831,-0.00424554070991404,0.7744555695628941,0.9999349887311006,0.023543974098659888,-0.0019617160311801237,0.680878655630104,0.003194201338782798,-0.01775093583677705,-0.004945323815534958,0.623537185633683,0.15148358248149296,0.6416742924797606,0.02438549061392806,-0.006638223265318904,0.07268326296681807,0.07183938013968634,0.04972454992208012,double,1,1,182.3445993739195,147.72877012529207,330.0733694992116,13.547158371911046,9.184013429588703,0.009686706433626588,0.0,0.0,0.0,authored_keyframe,0
18,0.36,single_leg_front_kick,0.072,weight_shift,nominal,0.004269509172417548,-0.004969363801124321,0.7743153327599177,0.9999187996910404,0.02360372545631369,-0.002338393542665929,0.6807637357957361,0.0026341695393034747,-0.019370875605271638,-0.005335270855992422,0.6756290892535496,0.15625304123309777,0.6934620963976135,0.024297642294808627,-0.007441245336496576,0.07260597982813878,0.07190892422450647,0.049735715787766185,double,1,1,183.75936075979405,146.48467759774593,330.24403835754,13.849065150802176,9.341128755895362,0.009822409973013155,0.0,0.0,0.0,authored_keyframe,0
19,0.38,single_leg_front_kick,0.076,weight_shift,nominal,0.0042188951998356795,-0.005743407687675208,0.7741658207265285,0.9998996050568406,0.023651764572369803,-0.002746984355891959,0.680640522212642,0.002024024641074537,-0.020935430583694504,-0.005726788625616733,0.7267948646672676,0.16001848357515444,0.7442020494411473,0.024184903252466795,-0.008261486305200027,0.07250531788490559,0.07196811220575437,0.049747980706046975,double,1,1,185.0822493188974,145.31966427132448,330.4019135902219,14.17055582406099,9.499612319918585,0.009971708609448097,0.0,0.0,0.0,authored_keyframe,0
20,0.4,single_leg_front_kick,0.08,weight_shift,nominal,0.004150654719135609,-0.006564510985280691,0.7740071448763036,0.9998772359049988,0.023687075235468456,-0.003186234866741745,0.6805090220793617,0.0013636274940116873,-0.022433410795989987,-0.006120383618754629,0.7766242720125268,0.16292147388834297,0.7935292474338531,0.024046227152645833,-0.009094741795202404,0.07238034770356667,0.07201603300883841,0.04976140307223207,double,1,1,186.30249798742935,144.24259468462893,330.54509267205833,14.507890920946595,9.659063074464058,0.010133555238990875,0.0,0.0,0.0,authored_keyframe,0
21,0.42,single_leg_front_kick,0.08399999999999999,weight_shift,nominal,0.004064001891143216,-0.007429457806365084,0.7738393937179672,0.9998515476282811,0.02370865677361726,-0.0036546964694538484,0.6803692291102843,0.0006544799549194719,-0.023856279552506812,-0.006517231911242088,0.8248309658693336,0.165109056395334,0.8411938675244224,0.023881015857818422,-0.00993731286619732,0.07223058647910342,0.07205179081506452,0.04977604738485928,double,1,1,187.4112391326791,143.26021444772863,330.67145358040773,14.859034525630314,9.8194327271158,0.010306445495880126,0.0,0.0,0.0,authored_keyframe,0
22,0.44,single_leg_front_kick,0.088,weight_shift,nominal,0.003958214901390766,-0.008335048497393511,0.7736626587687571,0.9998224272972087,0.02371554540377131,-0.00415076322520525,0.6802211458678755,-0.00010196945212551694,-0.02519603218354307,-0.006914007833874157,0.8711255906367367,0.16668755402211619,0.8869298367560307,0.02368869439252397,-0.010785484991836078,0.07205557222074253,0.07207452634833827,0.04979198160286483,double,1,1,188.41932188651583,142.37875450124636,330.79807638776214,15.220750774471732,9.979893907047241,0.010488776889338766,0.0,0.0,0.0,authored_keyframe,0
23,0.46,single_leg_front_kick,0.092,weight_shift,nominal,0.00383262434299002,-0.009278058348918374,0.7734774023685423,0.9997897958333322,0.023706690751808184,-0.0046727380065254565,0.6800651422125241,-0.0009170256446249275,-0.02645586638145879,-0.007273486438202728,0.9153084196810789,0.16791946248675566,0.9305839290579411,0.023465243517716085,-0.011638405543474239,0.07185194277193911,0.07208381268865774,0.04980933582937409,double,1,1,189.3331744404167,141.6759840147806,331.0091584551973,15.582833113431876,10.137267907164855,0.01067913491216694,0.0,0.0,0.0,authored_keyframe,0
24,0.48,single_leg_front_kick,0.096,weight_shift,nominal,0.003686433470094851,-0.010255442885021303,0.773285195739385,0.999753512694897,0.023680685289189495,-0.005219157385600727,0.6799026280692351,-0.001808849296728426,-0.02764858672610903,-0.007553669699550894,0.9575203387011814,0.16903771398906506,0.9723265643687176,0.023204483260077517,-0.012497991020257218,0.07161502129198524,0.07207966606778411,0.04982843279817791,double,1,1,190.10583437763125,141.07830561597603,331.1841399936073,15.935191667291111,10.2896838585316,0.01087430403152377,0.0,0.0,0.0,authored_keyframe,0
25,0.5,single_leg_front_kick,0.1,weight_shift,nominal,0.003518296004315713,-0.011264901719810955,0.7730881730435093,0.9997134103378083,0.02363599158277158,-0.005788744108328169,0.6797355724017434,-0.0027767228352368846,-0.028778711961673385,-0.007735332612305075,0.9978752728362188,0.1699469453182496,1.0122435598021664,0.022905074642862053,-0.013364166406380293,0.07134352072675312,0.07206058451537008,0.04984925582276413,double,1,1,190.70611440880742,140.6397473324107,331.3458617412181,16.281348710923954,10.435879367539954,0.01106939121657804,0.0,0.0,0.0,authored_keyframe,0
26,0.52,single_leg_front_kick,0.10400000000000001,weight_shift,nominal,0.0033265995248506026,-0.012304719850869788,0.7728875128078303,0.9996695248595073,0.023571220482510098,-0.00638013219486858,0.679565015151656,-0.0038045417527959443,-0.02983529289344533,-0.00790653087192465,1.0368679577110291,0.17038437896696831,1.0507739996420735,0.022569876350154287,-0.014232693006959347,0.07103915575706118,0.07202408945247542,0.04987150016249367,double,1,1,191.14679113920275,140.21671402800936,331.3635051672121,16.626250791973376,10.579155104010637,0.011261957591198312,0.0,0.0,0.0,authored_keyframe,0
27,0.54,single_leg_front_kick,0.10800000000000001,weight_shift,nominal,0.0031101364637843953,-0.013372422494618017,0.772683017113189,0.9996221229854765,0.02348541435811274,-0.0069916720657676665,0.6793907589822998,-0.004870613242200704,-0.030804952822474214,-0.008097452958623994,1.074307647363325,0.17030012939835587,1.0877219567777507,0.022203647732965327,-0.015098404925395733,0.07070645554439609,0.07196901647260248,0.04989509029223746,double,1,1,191.47488796658075,139.88901434176455,331.36390230834525,16.969741117579666,10.720208011401924,0.011452608072343625,0.0,0.0,0.0,authored_keyframe,0
28,0.56,single_leg_front_kick,0.11200000000000002,weight_shift,nominal,0.0028685248940709617,-0.014464890367409866,0.7724745386934421,0.999571512476514,0.023377931375576786,-0.007621509297339181,0.6792126711217716,-0.005964116543436721,-0.031679304903046004,-0.008290770160377077,1.1097572527224477,0.16972469455868894,1.1226609603585203,0.021808600543379124,-0.015957246797581426,0.0703477425349732,0.07189484960593351,0.049920084876080045,double,1,1,191.69568171039,139.6789246649707,331.3746063753607,17.30860610509235,10.85871779261206,0.01164217966364899,0.0,0.0,0.0,authored_keyframe,0
29,0.58,single_leg_front_kick,0.11599999999999999,weight_shift,nominal,0.002601982626382224,-0.015578824459076879,0.772262503561428,0.9995180282555696,0.023248247269456908,-0.00826763632637277,0.6790311441663535,-0.007083786606037753,-0.032452549424755985,-0.008457105354717963,1.1428138489894573,0.1685516062170812,1.155176669345627,0.021384548093559972,-0.01680569555688681,0.06996302417444081,0.07180128514858777,0.049946725164162695,double,1,1,191.81154947644535,139.57418521252572,331.38573468897107,17.6377048598725,10.993551149928951,0.011830516622049694,0.0,0.0,0.0,authored_keyframe,0
30,0.6,single_leg_front_kick,0.12,weight_shift,nominal,0.00231099340680661,-0.016710790817632118,0.7720479120167177,0.9994619790922329,0.023095855493427252,-0.008928068770091346,0.678847112528099,-0.008228660323814798,-0.03312453356224023,-0.0085748459242268,1.1733399034603196,0.1667923233067511,1.1851355231222864,0.020931240715756996,-0.01764174171691906,0.06955281269850187,0.07168857076701009,0.04997536552384857,double,1,1,191.83474614037397,139.58243370536496,331.41717984573893,17.94617805056275,11.122989465956017,0.01201644121665845,0.0,0.0,0.0,authored_keyframe,0
31,0.62,single_leg_front_kick,0.124,weight_shift,nominal,0.001996116370329556,-0.017857604884201704,0.7718328894988169,0.9994034862875689,0.022920350855492655,-0.009601299947365194,0.6786626910509184,-0.009391641565309472,-0.03373615244662118,-0.008569000400591938,1.2020203903259492,0.16502469073159096,1.21329558117979,0.020450140187346054,-0.018474658571238277,0.06912138715143747,0.0715589716134277,0.050006745687040596,double,1,1,191.69000529527585,139.74763433961675,331.4376396348926,18.23379749018613,11.248481241256291,0.012196808569547433,0.0,0.0,0.0,authored_keyframe,0
32,0.64,single_leg_front_kick,0.128,weight_shift,nominal,0.0016585807023184007,-0.01901708043977265,0.771619020627541,0.999342965818806,0.022721437424352932,-0.010285941145912558,0.6784792595145465,-0.010557610851834721,-0.034280368228455295,-0.008518936476250632,1.2291894123374807,0.16276381338785922,1.2399188160323718,0.019944926193548103,-0.019301222038359035,0.06867417543136418,0.07141392116398076,0.050041033424732526,double,1,1,191.49945206723936,139.92693181357555,331.4263838808149,18.498534713736156,11.375314880451313,0.012370056250363637,0.0,0.0,0.0,authored_keyframe,0
33,0.66,single_leg_front_kick,0.132,weight_shift,nominal,0.0012992473485480063,-0.02018760707436712,0.7714077963798734,0.9992812484412057,0.02249915993989058,-0.01098111321483273,0.6782982547806363,-0.011718635417242648,-0.034802574757914345,-0.0083903061374185,1.2559227442551815,0.15986921461781972,1.2660569123542529,0.01941772580562343,-0.020132506529930434,0.06821341446040563,0.07125353882283855,0.050078118381109885,double,1,1,191.2961486689893,140.091434674092,331.38758334308125,18.74431740103076,11.499313934041412,0.012535148778079513,0.0,0.0,0.0,authored_keyframe,0
34,0.68,single_leg_front_kick,0.136,weight_shift,nominal,0.0009194072708249848,-0.021367724254482138,0.7711982776474324,0.9992192907143989,0.022253027539737617,-0.01168574411280577,0.6781185141605326,-0.012919086199859311,-0.03522327394789602,-0.008415074414463744,1.2819637860707538,0.1549665713296322,1.2912961654967166,0.018856383054598653,-0.02094653371919162,0.06772889525871005,0.07107930194664672,0.05011903057658677,double,1,1,190.93033233868778,140.3183881112854,331.2487204499732,18.957420146610342,11.631973019465017,0.01269284239322567,0.0,0.0,0.0,authored_keyframe,0
35,0.7000000000000001,single_leg_front_kick,0.13999999999999999,weight_shift,nominal,0.0005186450098118801,-0.022553712118177038,0.7709923756690454,0.9991571192771009,0.021983974557567572,-0.012398935284445722,0.6779425184485137,-0.014034201551054209,-0.03570219138760421,-0.008106901087839784,1.3072649493491606,0.1515348558733097,1.3160184118550198,0.0182946263913697,-0.021784422149938892,0.06725333070051545,0.07089117506337371,0.050163964793004286,double,1,1,190.71729428609171,140.7698836829551,331.48717796904685,19.147361033036496,11.7423806672807,0.012838959745984018,0.0,0.0,0.0,authored_keyframe,0
36,0.72,single_leg_front_kick,0.144,weight_shift,nominal,9.924419313175283e-05,-0.02374595479640667,0.7707943270712786,0.9990957374224688,0.02169260808252148,-0.013122488659782184,0.6777741003544171,-0.015144368322745398,-0.03626249972835438,-0.0077411377919674,1.3354140864472555,0.14796115794562442,1.3435859803311316,0.0177119108729127,-0.022654086703742818,0.0667612746381919,0.07068477470099897,0.05021047330108211,double,1,1,190.17984026498908,141.1171216862129,331.29696195120204,19.315686770925993,11.836634687197476,0.012976967035002025,0.0,0.0,0.0,authored_keyframe,0
37,0.74,single_leg_front_kick,0.148,weight_shift,nominal,-0.0003374960248449273,-0.02494414951974285,0.7706037220259023,0.9990356328469628,0.021379115544311288,-0.013857610345621385,0.6776127213155548,-0.016237974497711756,-0.03686826954861241,-0.007446644843179947,1.3659266654402635,0.14421628860499636,1.37351883615033,0.01711147210882951,-0.02354728121798793,0.06625498684134132,0.07045932260214102,0.05025811408408814,double,1,1,189.43678227705496,141.57102695235358,331.00780922940856,19.467042664274043,11.918238941017377,0.013107335979316468,0.0,0.0,0.0,authored_keyframe,0
38,0.76,single_leg_front_kick,0.152,weight_shift,nominal,-0.0007911360044497465,-0.026147110609080388,0.7704189480396701,0.9989773296686753,0.021043993217301073,-0.014604855052166682,0.6774569404819923,-0.017300653788742303,-0.03748851562646995,-0.0072172423264268,1.3974632581002724,0.1406426758734783,1.4045226662525174,0.01649758047876635,-0.024456405581652844,0.06573850076720855,0.07021511650617375,0.0503067577956322,double,1,1,188.5433834219241,142.21753805458593,330.76092147651,19.602351324798807,11.987694740039649,0.01323158651754544,0.0,0.0,0.0,authored_keyframe,0
39,0.78,single_leg_front_kick,0.156,weight_shift,nominal,-0.0012610698609761485,-0.02735288455905109,0.7702390384309802,0.9989213955481716,0.02068794900509689,-0.015364177902547965,0.677305992109506,-0.018324734005017027,-0.03809378819399923,-0.0070068663288005715,1.4286314625561953,0.1376272965339947,1.4352453199912236,0.015872956288548602,-0.025373671772943106,0.06521430100906149,0.06995268697415041,0.05035629261974703,double,1,1,187.50465647561495,143.0721307760202,330.57678725163515,19.720679201468762,12.044052655331278,0.01335108961830543,0.0,0.0,0.0,authored_keyframe,0
40,0.8,single_leg_front_kick,0.16,weight_shift,nominal,-0.0017463347018781448,-0.02855883910294922,0.770063976256447,0.9988683986551663,0.02031180082292839,-0.01613495735720147,0.677160007373261,-0.019305917808900848,-0.03865563951399517,-0.006775151212346182,1.4582241605810502,0.13553797211923455,1.4645095576296194,0.015239539739833212,-0.026290988160284898,0.0646840111097438,0.0696726123966562,0.05040659615269111,double,1,1,186.30923312352832,144.12231305957852,330.43154618310683,19.82089318848643,12.086143074595906,0.013466433667708512,0.0,0.0,0.0,authored_keyframe,0
41,0.8200000000000001,single_leg_front_kick,0.16399999999999998,weight_shift,nominal,-0.002245718502818437,-0.029761742256204798,0.769894409124717,0.9988188848935788,0.019916446178898366,-0.016916016052723186,0.6770197335719714,-0.02024018420284979,-0.039146752177768994,-0.006499123373164025,1.4852241493530967,0.13470603973061385,1.4913203850821377,0.014599275261033884,-0.02720001199477465,0.06414920115332867,0.06937551058331529,0.05045753704190657,double,1,1,184.94732761800458,145.34991486211027,330.29724248011485,19.902364360713698,12.113150369328821,0.013577567787287243,0.0,0.0,0.0,authored_keyframe,0
42,0.84,single_leg_front_kick,0.16799999999999998,weight_shift,nominal,-0.002757869459947264,-0.030957836054013112,0.7697313008478704,0.9987733627677174,0.019502872800731604,-0.017705646214877874,0.6768862058331179,-0.02112257254580569,-0.03954119897279151,-0.00617029551314875,1.5087528171047422,0.13539920923885673,1.5148161634284218,0.013954442451940765,-0.02809224036350482,0.06361174472453242,0.06906207408762727,0.05050897880016636,double,1,1,183.4163493444231,146.7389814726928,330.1553308171159,19.96507930583696,12.124741328787701,0.013684134220701593,0.0,0.0,0.0,authored_keyframe,0
43,0.86,single_leg_front_kick,0.172,weight_shift,nominal,-0.003281340690846889,-0.03214290690397559,0.7695756980492314,0.9987322892603293,0.019072178339104153,-0.01850163964973456,0.6767605243349829,-0.021947219811395524,-0.039814630237272754,-0.0057885688455576135,1.528025945629639,0.13778118741086978,1.5342251940708385,0.013307666721971683,-0.028959087130869483,0.06307384234484169,0.0687331014307073,0.05056078258050356,double,1,1,181.72066003436316,148.27643383056426,329.9970938649274,20.009519411409627,12.120998928621066,0.01378571803990475,0.0,0.0,0.0,authored_keyframe,0
44,0.88,single_leg_front_kick,0.176,weight_shift,nominal,-0.0038145924562878702,-0.03331235087188974,0.7694286182753627,0.9986960569034742,0.01862558311407329,-0.01930132031854843,0.6766437419636736,-0.02270786661698116,-0.039944357930848315,-0.005357504375199257,1.5423303064305378,0.14187797404735555,1.5488421913332227,0.012661799661572019,-0.029791935965843022,0.06253790487280617,0.06838951159356998,0.05061280893993096,double,1,1,179.86965245733768,149.95044730838507,329.8200997657227,20.036502936846464,12.102315271610108,0.013881971229175843,0.0,0.0,0.0,authored_keyframe,0
45,0.9,single_leg_front_kick,0.18,weight_shift,nominal,-0.004355983954723144,-0.03446123136067173,0.7692910142511785,0.9986649835603714,0.018164432138878785,-0.02010157779985459,0.6765368224259938,-0.023398375572277398,-0.03990937489297286,-0.004881754397001745,1.5510167786660793,0.147570697113265,1.5580212316750364,0.012019785348701968,-0.030582177684943125,0.062006418771111335,0.06803234358552793,0.05066491901282567,double,1,1,177.8759887241585,151.74888772166898,329.62487644582745,20.047058814511185,12.06930578505518,0.013972650151670967,0.0,0.0,0.0,authored_keyframe,0
46,0.92,single_leg_front_kick,0.184,weight_shift,nominal,-0.004903772624836879,-0.03558432808779681,0.7691637717555704,0.9986393056031727,0.01769018833822281,-0.020898900841559605,0.6764406312360041,-0.024013099352430844,-0.03969035302891179,-0.004366054988248761,1.5535024178925545,0.15461913860268595,1.5611780297007287,0.011384557273039254,-0.03132124238831514,0.061481841569413255,0.06766274653269279,0.05071697541586009,double,1,1,175.7544596745861,153.65845379831399,329.4129134729001,20.04233907898487,12.022754972390088,0.014057611288111718,0.0,0.0,0.0,authored_keyframe,0
47,0.9400000000000001,single_leg_front_kick,0.188,weight_shift,nominal,-0.005456125299512313,-0.036676178121480225,0.7690477159153185,0.9986191743147899,0.017204420195933056,-0.021689410911464077,0.6763559370069459,-0.024547091805399546,-0.03926964748172665,-0.0038150150067447993,1.5492761849185241,0.1627040616901309,1.5577962988934604,0.010758970897771027,-0.03200063326752702,0.06096653404657437,0.0672819649555977,0.05076884305541354,double,1,1,173.52136163584743,155.66443406212701,329.1857956979744,20.023557261150266,11.963584724686347,0.01413679316781158,0.0,0.0,0.0,authored_keyframe,0
48,0.96,single_leg_front_kick,0.192,weight_shift,nominal,-0.0060111384885017695,-0.037731110919532296,0.768943615410413,0.9986046549975395,0.01670878650617165,-0.022468896007307393,0.67628341330257,-0.024996206997496984,-0.038631317495134654,-0.0032331841938633026,1.537906043257046,0.17147156971030095,1.5474357812540906,0.010145762742811983,-0.0326119651039847,0.06046272029807088,0.06689132217367405,0.05082038990480973,double,1,1,171.19416805996246,157.75081023899946,328.9449782989619,19.991940029398673,11.892834010088114,0.014210196396324353,0.0,0.0,0.0,authored_keyframe,0
49,0.98,single_leg_front_kick,0.196,weight_shift,nominal,-0.006566863217959317,-0.03874327968829359,0.768852182340852,0.9985957282857123,0.01620501995002593,-0.023232845081956142,0.6762236385772467,-0.025357131577275045,-0.03776116484241438,-0.00262515159439998,1.519047133476033,0.18056814996456785,1.5297414979346606,0.009547525782995978,-0.03314700804287753,0.05997246530909186,0.06649220340415421,0.050871487766315227,double,1,1,168.79132554528437,159.90049260325847,328.69181814854284,19.94868482653544,11.811642449567888,0.014277864624868837,0.0,0.0,0.0,authored_keyframe,0
50,1.0,single_leg_front_kick,0.2,lift_off,nominal,-0.0071213305818721324,-0.03970669121559322,0.7687740687393594,0.9985922932903604,0.01569491046743824,-0.023976483402040578,0.6761770946462893,-0.025627381019890344,-0.03664678639947766,-0.0019955970482655465,1.4924517188607898,0.18966304257601152,1.5044547859107351,0.008966694090992752,-0.033597736085086705,0.05949766272609586,0.06608603933015667,0.050922013012146265,double,1,1,166.33208387548297,162.0955701404613,328.4276540159442,19.894921185240676,11.721234298549874,0.014339866000217928,0.0,0.0,0.0,authored_keyframe,0
51,1.02,single_leg_front_kick,0.20400000000000001,lift_off,nominal,-0.0076725755869356226,-0.040615235928680576,0.7687098612650795,0.9985941723142346,0.015180288942636974,-0.02469480907258132,0.6761441646866813,-0.025805276499088026,-0.035277636185680764,-0.0013492966982760813,1.457982069565522,0.19845973022016813,1.471427191434773,0.008405532832971976,-0.033956379329033566,0.05904002875543535,0.06567429053246981,0.050971847292517726,double,1,1,163.83632725869478,164.31753101238985,328.15385827108463,19.79079273917548,11.649902391357019,0.014309723874572347,0.0,0.0,0.0,authored_keyframe,0
52,1.04,single_leg_front_kick,0.20800000000000002,lift_off,nominal,-0.008228285119214584,-0.041465223247991505,0.7686458651719751,0.9986048004954333,0.014663889799537666,-0.02538348990048325,0.6761153347819271,-0.025876302442745254,-0.03373789431559744,-0.001352690661726646,1.4183348122123274,0.2098628334480506,1.4337768474892534,0.007870631814719184,-0.034240637109111995,0.05860569050074521,0.0652590325066614,0.051020877236654646,double,1,1,161.9083225482135,165.81802385678535,327.7263464049989,19.631438738755378,11.649235717500352,0.014160266340511051,0.0,0.0,0.0,authored_keyframe,0
53,1.06,single_leg_front_kick,0.21200000000000002,lift_off,nominal,-0.008812788164934075,-0.0422577774596518,0.7685518897308312,0.9986297796542176,0.014146939017920824,-0.026041410028766882,0.6760690228849228,-0.025994824208627577,-0.03225224016406723,-0.0025126018865281314,1.383657815405903,0.22602703641183997,1.4019975646637033,0.007322799461042556,-0.03450824120004678,0.05815345489526856,0.06483872393341489,0.05106884221355846,double,1,1,161.37764002976553,166.2032519342206,327.58089196398606,19.469517815861348,11.742725653950277,0.014021719344646418,0.0,0.0,0.0,authored_keyframe,0
54,1.08,single_leg_front_kick,0.21600000000000003,lift_off,nominal,-0.009455277058109465,-0.04299976187512667,0.7684020819605406,0.9986716182170776,0.013624773065025245,-0.026672590715145657,0.6759862282936555,-0.026499013836764725,-0.031086891307620424,-0.0044167092392624245,1.3698705815642145,0.245376010695822,1.3916733800932155,0.0066687000435771355,-0.03483299575050637,0.05758612874508389,0.0644038109420782,0.051115303094026156,double,1,1,162.43070156026755,165.80817114601518,328.23887270628273,19.335973098956025,11.923651150698056,0.014019636059819578,0.0,0.0,0.0,authored_keyframe,0
55,1.1,single_leg_front_kick,0.22000000000000003,lift_off,nominal,-0.010181839148320843,-0.043704440686345596,0.7681824884943541,0.9987307375034925,0.01308616146309218,-0.027286175021231446,0.6758569191899955,-0.027696560378330026,-0.03048713633107637,-0.006650193693594852,1.3910849910851641,0.26708932322441886,1.4164936141765303,0.0058164241859011,-0.035288377043192265,0.05680802618880618,0.06393816548870583,0.05115978560102505,double,1,1,164.91313233006463,164.53339490585108,329.4465272359157,19.272501664071108,12.18047884574583,0.01425140440873706,0.0,0.0,0.0,authored_keyframe,0
56,1.12,single_leg_front_kick,0.22400000000000003,lift_off,nominal,-0.011017969584589542,-0.04439061861712323,0.7678868778972119,0.9988066749568518,0.0125144434436125,-0.027895936385992408,0.6756771901282748,-0.02982619466606972,-0.030674310242654115,-0.009001680834420074,1.4577155489318472,0.2915700597316999,1.4865892914082302,0.0046867650619201555,-0.035946196831482466,0.05573690200617115,0.06342095647715032,0.051201811676925536,double,1,1,168.63586198886065,162.21942881636116,330.8552908052218,19.336925706181646,12.50588612818762,0.014784263512389014,0.0,0.0,0.0,authored_keyframe,0
57,1.1400000000000001,single_leg_front_kick,0.22799999999999998,lift_off,nominal,-0.011990230002135916,-0.04508178719113271,0.7675116858767315,0.9988984842095416,0.011888949009186417,-0.02851988984615063,0.6754453162951743,-0.03305692658668662,-0.031854420261332235,-0.01143587649013463,1.5773721269257142,0.32015758491505086,1.6095352453366125,0.0032148761276359523,-0.03687842741986488,0.054305644434159,0.06282817084229554,0.051240916849838156,double,1,1,173.46601367885023,158.76113993380736,332.2271536126576,19.59613720398855,12.898589153970388,0.015652516465826313,0.0,0.0,0.0,authored_keyframe,0
58,1.16,single_leg_front_kick,0.23199999999999998,lift_off,nominal,-0.013126239012645383,-0.04580562154367076,0.767052729268917,0.9990047445540772,0.011186292143261306,-0.02918008264907453,0.6751590656855538,-0.03749792286507461,-0.034226620393773326,-0.014018383072778405,1.7560595693445404,0.3547489778756297,1.791533434907185,0.0013489956874565088,-0.038159177643358626,0.05246069715112758,0.06213367356156439,0.05127666514363789,double,1,1,179.33262136607425,154.11507872437454,333.4477000904488,20.122060589787022,13.361997275872326,0.016857451999370478,0.0,0.0,0.0,authored_keyframe,0
59,1.18,single_leg_front_kick,0.236,lift_off,nominal,-0.014453870602228337,-0.0465936672564075,0.7665040224930166,0.9991233418742324,0.010381333807175467,-0.029902512545804436,0.6748147939949386,-0.0432261597458001,-0.03798723088984714,-0.01680283669237865,1.9987634837445352,0.39724998583278043,2.037857457035387,-0.000955830686104173,-0.0398656341317842,0.05015542830032869,0.061309901792773014,0.05130866346703438,double,1,1,186.19198095484262,148.4503108325351,334.64229178737776,20.97170099913799,13.897095228547082,0.01837422601519279,0.0,0.0,0.0,authored_keyframe,0
60,1.2,single_leg_front_kick,0.24,lift_off,nominal,-0.016000665502474604,-0.04748105334526228,0.7658589786453849,0.9992510428145955,0.009447294240331338,-0.030717028142609723,0.6744085882583655,-0.05033296833054483,-0.04332470416990447,-0.01980281379628203,2.310564987424534,0.44911392515802606,2.3538083776898633,-0.003749838518607605,-0.0420766179231514,0.04733787196206152,0.06032792039762137,0.05133655683343953,double,1,1,193.93703423343754,141.69409563070064,335.6311298641382,22.185580533468478,14.505797099774698,0.02016323954151155,0.0,0.0,0.0,authored_keyframe,0
61,1.22,single_leg_front_kick,0.244,lift_off,nominal,-0.017793910246971762,-0.04850684256665318,0.7651092753265412,0.9993839268087333,0.008355396619858653,-0.031657120931656485,0.673934758955544,-0.05892824785854875,-0.05041691031725821,-0.02321085952918182,2.699015847331864,0.5119952987267862,2.7471486545265202,-0.0070899604399487955,-0.04487161839256098,0.04394703821074487,0.05915504733135131,0.05136000639758969,double,1,1,202.51601108853336,133.5604987342775,336.07650982281086,23.54265665026572,15.121022782378338,0.022182493558519215,0.0,0.0,0.0,authored_keyframe,0
62,1.24,single_leg_front_kick,0.248,lift_off,nominal,-0.01986542724432068,-0.04970710658038343,0.7642686669920691,0.9995122412493913,0.007086826855051821,-0.03275870739746349,0.6734147840051209,-0.06833706939761584,-0.059290408585779046,-0.025468106350767194,3.1337005838763887,0.5898453964474752,3.188729675136715,-0.010817713238277252,-0.04829299218654723,0.04010059489842886,0.05773601628791397,0.05137300702800959,double,1,1,210.54458220290314,124.211857645338,334.75643984824114,24.334465690605743,15.598692425077738,0.024317724385998805,0.0,0.0,0.0,authored_keyframe,0
63,1.26,single_leg_front_kick,0.252,lift_off,nominal,-0.022228736116459636,-0.051105393966813864,0.7634031072646273,0.9996194665833734,0.0056436394277272674,-0.03405391001577957,0.6729292871975434,-0.07706373188728853,-0.06956625021440299,-0.02241107307646571,3.541158618940375,0.683269921585626,3.606475031140426,-0.01454003571919958,-0.05227392818945101,0.03616797555711561,0.056055510171799855,0.05135882695675877,double,1,1,214.93984255618318,119.63660814636366,334.5764507025468,24.580664186297273,15.93732437227453,0.026295804028664403,0.0,0.0,0.0,authored_keyframe,0
64,1.28,single_leg_front_kick,0.256,lift_off,nominal,-0.024828114032185107,-0.05273397105402386,0.7625673383672369,0.9996965958143189,0.004033419711077996,-0.03556843588118865,0.6725329247088252,-0.08529098695195113,-0.08096681938531398,-0.01754638332424973,3.964380099811626,0.782324363898013,4.040834194337955,-0.018298466769666965,-0.05676811809659593,0.032127327741343255,0.0541428661924447,0.051327211425723676,double,1,1,216.04296827657762,118.17712550884875,334.22009378542634,24.577061357955348,16.20247328804353,0.02797408189587735,0.0,0.0,0.0,authored_keyframe,0
65,1.3,single_leg_front_kick,0.26,lift_off,nominal,-0.027593037476857547,-0.05462327793008798,0.7617556214040587,0.9997423495155401,0.002263796837233461,-0.037317826569753416,0.6722141817193453,-0.09315022083062749,-0.09295821127995373,-0.014747290859378762,4.415111936519748,0.8870529555040073,4.503340577600984,-0.022120106071461917,-0.06165146720102828,0.027981450228066446,0.05203690826837184,0.05129232688606607,double,1,1,215.51779498923003,114.18051623892455,329.6983112281546,24.59317794495974,16.534447777328836,0.02937480349593827,0.0,0.0,0.0,authored_keyframe,0
66,1.32,single_leg_front_kick,0.264,lift_off,nominal,-0.030478546506873212,-0.05679584213320635,0.7609121428747888,0.9997568970158559,0.00034183507064419283,-0.03931269913308897,0.671914311212224,-0.10066926262769049,-0.1054790785041266,-0.01526572947191104,4.887995513487051,0.9956162925497245,4.988361649064751,-0.026004446533691772,-0.0669177638082243,0.023732539579286723,0.049748184537889165,0.051257041070364294,double,1,1,215.33526604719617,109.34222918943546,324.6774952366316,24.77110992095281,17.008918394408415,0.03058769181169087,0.0,0.0,0.0,authored_keyframe,0
67,1.34,single_leg_front_kick,0.268,lift_off,nominal,-0.03346820819288773,-0.05926966158088888,0.7599723269002826,0.9997361024465188,-0.0017271192903048473,-0.041565265595181776,0.671569036189566,-0.10797773309615764,-0.11870145038989914,-0.018752422609090647,5.386516991552156,1.105507925925057,5.498791965019518,-0.02997884843415644,-0.0726227913390437,0.019348074161214732,0.04727871150555798,0.05122039829556588,double,1,1,216.48284155914652,104.4830211690876,320.96586272823413,25.15308783783134,17.639846406266088,0.031688868520761714,0.0,0.0,0.0,authored_keyframe,0
68,1.36,single_leg_front_kick,0.272,lift_off,fall,-0.03656309830863617,-0.0620631094753051,0.7588856368883362,0.9996712360407373,-0.003940841366039799,-0.04409239158436091,0.6711289289890863,-0.11524004855773604,-0.13289086129110386,-0.024272910626575,5.9202287803396105,1.2146556268166642,6.043550041434159,-0.03408283047965734,-0.07885109695169579,0.014781264630714979,0.044625577655145764,0.0511805529294993,double,1,1,219.130598487428,99.80305017618342,318.9336486636114,76.34228935518979,50.0,0.7579175495347207,0.0,0.0,0.0,authored_keyframe,0
69,1.3800000000000001,single_leg_front_kick,0.27599999999999997,lift_off,fall,-0.048454122141826615,-0.060694030965303736,0.7409131331070583,0.9934591617167635,-0.005987826962872378,-0.046692606554689826,0.6693208678511362,-0.10801069968606083,-0.12464663467445998,-0.14529875234203926,7.328594027991235,1.6766960336483987,7.517951849829917,nan,nan,-999.0,-999.0,0.0,no_contact,0,0,0.0,0.0,0.0,81.18017428687064,57.25189070149702,0.6158976957748734,0.0,0.0,0.0,authored_keyframe,0
70,1.4000000000000001,single_leg_front_kick,0.27999999999999997,lift_off,fall,-0.07552132778047807,-0.057342531108064365,0.7134757227815909,0.9904224735501549,-0.00804296388486544,-0.04925713485323957,0.6634763311432532,-0.11201521723799168,-0.12567325746613314,-0.3830932456814906,13.951649040252434,1.5429121936458823,14.036705061362435,nan,nan,-999.0,-999.0,0.0,no_contact,0,0,0.0,0.0,0.0,60.178008916935596,32.69373385828926,0.4915591040092785,0.0,0.0,0.0,authored_keyframe,0
71,1.42,single_leg_front_kick,0.284,lift_off,fall,-0.10203595295344643,-0.055976119770382665,0.6897136637445962,0.9924505416708266,-0.010072364373170856,-0.051870873540089193,0.6535315943152988,-0.10719452050656686,-0.13009786017665598,-0.5874078317482034,20.375341185468994,1.5433229566384765,20.43370681429966,nan,nan,-999.0,-999.0,0.0,no_contact,0,0,0.0,0.0,0.0,62.5655375175435,41.93969950818105,0.4093129450495611,0.0,0.0,0.0,authored_keyframe,0
72,1.44,single_leg_front_kick,0.288,lift_off,fall,-0.12381256946029107,-0.05646897272977101,0.6685068949773518,0.9958909307037918,-0.012017392817246337,-0.05452293087584175,0.6396572612706451,-0.09957316904406663,-0.13253191667785263,-0.7822065046858723,26.658876237626746,1.5758784410021032,26.705412842978394,nan,nan,-999.0,-999.0,0.0,no_contact,0,0,0.0,0.0,0.0,64.32250078502152,46.463865408108845,0.347419641879685,0.0,0.0,0.0,authored_keyframe,0
73,1.46,single_leg_front_kick,0.292,lift_off,fall,-0.14018350217694187,-0.058029948786550586,0.6465818038354347,0.9985251017810097,-0.013895682065116533,-0.057193301398182635,0.6218826583948083,-0.09475148357728216,-0.13352748472713438,-0.9763482059041453,33.00711179570468,1.5905812934603152,33.045413871598775,nan,nan,-999.0,-999.0,0.0,no_contact,0,0,0.0,0.0,0.0,58.06161975212832,43.7880769409474,0.298352053481107,0.0,0.0,0.0,authored_keyframe,0
74,1.48,single_leg_front_kick,0.296,lift_off,fall,-0.15190647633107635,-0.06006133376521488,0.6217083283879765,0.999505032198085,-0.01573888269402678,-0.05987137289882687,0.6002003401604785,-0.09247609697976403,-0.134079072110861,-1.1714079690886763,39.43181267168494,1.5963039993992993,39.4641107467703,nan,nan,-999.0,-999.0,0.0,no_contact,0,0,0.0,0.0,0.0,45.94357928820825,28.56455556085501,0.2585634992794205,0.0,0.0,0.0,authored_keyframe,0
75,1.5,single_leg_front_kick,0.3,lift_off,fall,-0.15881677395842198,-0.06225627922557724,0.5924229055976518,0.9992529279998779,-0.017567833823156933,-0.06255445388799691,0.5746016357398067,-0.09183868308898303,-0.13434329481513205,-1.3672233705258445,45.9065539702106,1.602434936441674,45.934513115362265,nan,nan,-999.0,-999.0,0.0,no_contact,0,0,0.0,0.0,0.0,26.69338678384768,16.420679906194874,0.22596720683429192,0.0,0.0,0.0,authored_keyframe,0
76,1.52,single_leg_front_kick,0.304,lift_off,fall,-0.1633333741542665,-0.06456783362775344,0.5594022278339771,0.9984974066005314,-0.019395459499202704,-0.06523728874123709,0.5450806415248938,-0.09212820767150348,-0.13427119553696865,-1.5634298119968704,52.40851191539039,1.606641110826309,52.43313281546902,nan,nan,-999.0,-999.0,0.0,no_contact,0,0,0.0,0.0,0.0,13.541439634054727,9.732235005769471,0.1963412216609699,0.0,0.0,0.0,authored_keyframe,0
77,1.54,single_leg_front_kick,0.308,lift_off,fall,-0.16650132248682373,-0.0669841154486052,0.5224946919936855,0.997166683597327,-0.021224996068393454,-0.0679194201376424,0.5116348896467116,-0.0923911526231059,-0.1342463500436257,-1.7599269778721982,58.92900587794109,1.6084376604732924,58.950952540820275,nan,nan,-999.0,-999.0,0.0,no_contact,0,0,0.0,0.0,0.0,7.009132528921247,3.2458963089311363,0.16914979490450208,0.0,0.0,0.0,authored_keyframe,0
78,1.56,single_leg_front_kick,0.312,lift_off,fall,-0.1683975832050994,-0.06948063523587762,0.4814324331935082,0.9958534751006457,-0.023055022894536766,-0.07060127814114246,0.4742624135034351,-0.0924416192879594,-0.1342119020746146,-1.9564745074588215,65.45699896832987,1.608871262578112,65.47676825164393,nan,nan,-999.0,-999.0,0.0,no_contact,0,0,0.0,0.0,0.0,33.16852678237027,26.950076566086054,0.14480612996079506,0.0,0.0,0.0,authored_keyframe,0
79,1.58,single_leg_front_kick,0.316,lift_off,fall,-0.16928325367023167,-0.07218109569618603,0.4362945453193747,0.9945841504236992,-0.02458516065100522,-0.0733274687853962,0.4334985205263112,-0.0218500952989332,-0.14509950729482027,-2.0168865705403616,67.42303356551152,2.3108103236408515,67.46262149907857,-0.029178331941382887,-0.10382925296695318,-0.042418709440743614,-0.07322792152265428,0.009325553135261401,single_right,0,1,0.0,771.8503608433106,771.8503608433106,148.4906006509162,107.9637965180791,0.12323768774241939,0.0,0.0,0.0,authored_keyframe,0
80,1.6,single_leg_front_kick,0.32,lift_off,fall,-0.16801838332693306,-0.07409309744132365,0.3902503451217914,0.9886322092005777,-0.022991228961309805,-0.07602759580536503,0.3994618928817269,0.07979533310350119,-0.1267334248921374,-1.4649930805459785,49.099101054709394,4.147381468895542,49.273953539665385,-0.00688919767526321,-0.10160134170293675,0.073673879620681,0.057449519084274814,0.0560016420608441,double,1,1,550.7349268043947,587.2081787566271,1137.9431055610219,187.1919701743509,133.00127511549175,0.11291157932834175,0.0,0.0,0.0,authored_keyframe,0
81,1.62,single_leg_front_kick,0.324,lift_off,fall,-0.1687519525869025,-0.07489022820056151,0.3538785395954781,0.9765212752712314,-0.02301490625210688,-0.07836660386623906,0.3753236243841582,-0.0775120737753492,-0.11139889496214771,-0.9942169832496124,33.45572609187163,3.266016339012573,33.61476567017889,-0.03817625380041567,-0.10015620748223467,0.043169813945455944,0.05822216863869469,0.05598014910051658,double,1,1,515.9407922405704,612.3216389435113,1128.2624311840816,192.7717124184039,136.2020583081601,0.12117300534511298,0.0,0.0,0.0,authored_keyframe,0
82,1.6400000000000001,single_leg_front_kick,0.32799999999999996,lift_off,recovery,-0.17104502528554236,-0.07525579797321527,0.3305655238367094,0.967402959614239,-0.026140244812252553,-0.08050146226002922,0.3607686105929584,-0.21783100190225343,-0.10438119816821982,-0.5105976142400573,18.83274941450756,2.4452784017987432,18.99083560488949,-0.06791361909567216,-0.100518607758857,0.013904508242801185,0.05556301656064923,0.05594056072247672,double,1,1,501.21139360730405,622.5644266178126,1123.7758202251166,178.25172219995196,127.07534541947778,0.1322339962895299,0.0,0.0,0.0,authored_keyframe,0
83,1.6600000000000001,single_leg_front_kick,0.33199999999999996,lift_off,recovery,-0.1757881328179725,-0.07556981957087253,0.3205883278088766,0.9597720091736718,-0.031688736313291756,-0.08256230546894787,0.3556134508645572,-0.32196306543097997,-0.10282512558340832,-0.060144205902959325,11.445803180592517,1.8155092935861157,11.588894875869714,-0.09298875963729833,-0.10213965229324709,-0.011082297424280197,0.05009430703029297,0.05590797297784142,double,1,1,448.27305180563803,579.4135892658752,1027.6866410715133,152.1369629480596,110.30354527011042,0.136119490972332,0.0,0.0,0.0,authored_keyframe,0
84,1.68,single_leg_front_kick,0.33599999999999997,lift_off,recovery,-0.18259901147530733,-0.0760948258332201,0.3219849338692038,0.9540277606720808,-0.03896508602005427,-0.08465500198048975,0.35863527891469693,-0.39352779488383627,-0.10688822710548998,0.30887301261911265,17.05593343682113,1.2920297479137641,17.10480067907157,-0.11420831295464443,-0.10509222454340544,-0.032509779999370186,0.04259911534237939,0.0558716107518436,double,1,1,365.3133719216424,499.30376088078356,864.617132802426,121.11743366009404,89.32159330722048,0.13192479896424217,0.0,0.0,0.0,authored_keyframe,0
85,1.7,single_leg_front_kick,0.33999999999999997,lift_off,recovery,-0.1908417634800706,-0.07702683279709768,0.33185530818417946,0.9506506350720233,-0.047308965884943675,-0.08686700367616314,0.3678526084083423,-0.43112523893656296,-0.11366923086065456,0.5673802647717416,24.05904825883638,0.8529215839092774,24.074162048746707,-0.13079346855354645,-0.10887828566589762,-0.049324646765919716,0.034013935144861146,0.055831828691596745,double,1,1,267.4173286275604,400.9761143290429,668.3934429566033,90.93199308075106,67.4959652090788,0.12183424823039779,0.0,0.0,0.0,authored_keyframe,0
86,1.72,single_leg_front_kick,0.344,lift_off,recovery,-0.1998304890134928,-0.07841154057298318,0.34690340501491823,0.9494806856341179,-0.05606640746353678,-0.08921639457918328,0.3809994264651575,-0.44120982876327913,-0.12052202804547811,0.7152269499889037,28.30545656751396,0.5207154077869149,28.310245778363104,-0.14301705805070156,-0.11296806116832754,-0.06163816239133055,0.025148301315014377,0.055755807685225804,double,1,1,191.71615302989093,302.9226970696532,494.6388500995442,64.55663487954817,49.16660425504799,0.10899074888216694,0.0,0.0,0.0,authored_keyframe,0
87,1.74,single_leg_front_kick,0.348,lift_off,recovery,-0.2091912291009347,-0.08044988267824163,0.3640809962760972,0.9501168370724167,-0.06492402229478936,-0.09168394118458238,0.39604227348033766,-0.4448259109798169,-0.12529410419842932,0.7694625210633549,29.926182872305386,0.255462705862273,29.927273221941732,-0.15430114009919865,-0.11685879191770224,-0.07280509153059028,0.01635943483682964,0.055606914848941535,double,1,1,114.93435588154611,238.15907222706318,353.09342810860926,43.16861869936687,33.554201015649866,0.09500756776210985,0.0,0.0,0.0,authored_keyframe,0
88,1.76,single_leg_front_kick,0.352,lift_off,recovery,-0.2186300409119886,-0.08310854371830695,0.3810643271846068,0.9527030271672504,-0.073834612134689,-0.0942110469337747,0.4112745361432529,-0.44535824405028673,-0.1265926317053142,0.7446761231711858,29.236059968327414,0.05391969605926401,29.23610968999227,-0.16502328662513796,-0.12013133568936298,-0.08331855174241179,0.007606154045546407,0.05539579332639145,double,1,1,54.87282481704463,178.8094037496054,233.68222856665002,29.38384288060395,20.891857770389603,0.0814669032134413,0.0,0.0,0.0,authored_keyframe,0
89,1.78,single_leg_front_kick,0.356,lift_off,recovery,-0.2278621344389708,-0.0861825304903703,0.39617669154674423,0.9563361635332482,-0.08266513139472022,-0.09671693385197534,0.42528440092130904,-0.43719196501674606,-0.12338596130162538,0.6561565206363038,26.608284559343037,0.14536061198827344,26.608681607672533,-0.17369363313878589,-0.12240734010888817,-0.09171778182347408,-0.0009805059263973523,0.055127725121847514,double,1,1,8.06872945536865,131.315505759098,139.38423521446663,23.251116155968806,12.017110907226616,0.06937509466305375,0.0,0.0,0.0,authored_keyframe,0
90,1.8,single_leg_front_kick,0.36,single_support,recovery,-0.2366485157680981,-0.08941673150604088,0.40819174058200236,0.9592951822739503,-0.09124409786625765,-0.0991165032382847,0.4370456284828528,-0.42218533394954355,-0.11670511045685449,0.5294276391321682,22.909857272757993,0.37996438532322574,22.913007947283052,-0.18035524391913627,-0.12374958569462838,-0.10441169536856412,-0.04566465652171735,0.009192774813012568,single_right,0,1,0.0,98.3977174955222,98.3977174955222,19.68729082701505,10.445751879195287,0.05954650794833322,0.0,0.0,0.0,authored_keyframe,0
91,1.82,single_leg_front_kick,0.364,single_support,recovery,-0.24480651250963587,-0.09261681337821469,0.4165468511678759,0.9606018978912291,-0.09952309848923817,-0.10136067562311751,0.4460753595511623,-0.4070503545225567,-0.10823149906394984,0.3865223533882245,19.06004286209147,0.6153766202410821,19.0699743652031,-0.1863227038716831,-0.12444001041382266,-0.10971473345190774,-0.04675253882257867,0.009138296896916354,single_right,0,1,0.0,83.3711552695257,83.3711552695257,19.04967980102936,10.921334894524142,0.051940847484497024,0.0,0.0,0.0,authored_keyframe,0
92,1.84,single_leg_front_kick,0.368,single_support,recovery,-0.2524142301044359,-0.09576357805017098,0.4212223418032899,0.9602499251834975,-0.10747397648138213,-0.10342258302285116,0.45218320754693697,-0.38978407536089016,-0.09864182709407335,0.23884152235710823,15.592362417339224,0.8929349009445313,15.617909542924671,-0.19115881904541582,-0.12460052817864864,-0.1139496963960367,-0.04910402973620935,0.009086206071652697,single_right,0,1,0.0,80.51156961474749,80.51156961474749,20.178274176640205,11.648579723608707,0.04602326262634266,0.0,0.0,0.0,authored_keyframe,0
93,1.86,single_leg_front_kick,0.372,single_support,recovery,-0.25956773181668596,-0.09885205993729379,0.4223312555790789,0.9584250077265969,-0.11506909717751769,-0.10527877901419234,0.4553449757993737,-0.3718647612651165,-0.08778105606845377,0.09265608591019722,13.108372830644873,1.2010374114106852,13.163279573525617,-0.19518538099618768,-0.12419074038949715,-0.11736368777329428,-0.05229951372954724,0.009039964356746893,single_right,0,1,0.0,87.12121948319353,87.12121948319353,22.682504309697872,12.580877372167738,0.04158165706080818,0.0,0.0,0.0,authored_keyframe,0
94,1.8800000000000001,single_leg_front_kick,0.376,single_support,recovery,-0.26631881482122566,-0.10184295901248468,0.42003492967358774,0.9552081217700785,-0.12231547600233662,-0.10690045536939798,0.4556496360424839,-0.3551560441354053,-0.07532617718278722,-0.046748748562210896,12.204647618219562,1.51612213137276,12.298457212274666,-0.19885754901317026,-0.12313450755225683,-0.12040047699972335,-0.05600542842455806,0.009001529062781136,single_right,0,1,0.0,102.1103373785647,102.1103373785647,27.068532811036214,14.495374240591289,0.03847944227044784,0.0,0.0,0.0,authored_keyframe,0
95,1.9000000000000001,single_leg_front_kick,0.38,single_support,recovery,-0.2727008313361601,-0.10467586663083842,0.41456825070322784,0.9505618569084597,-0.12925759368346906,-0.10825268875154272,0.4532854367670048,-0.34149804523397786,-0.06098470099591663,-0.17468009609210416,12.949640527766949,1.8160707899803397,13.076364284945722,-0.20266495300283038,-0.12136177069643007,-0.12358411629609108,-0.060024253944956744,0.008971628600916652,single_right,0,1,0.0,124.42335691841245,124.42335691841245,33.56766820908815,21.750410012027594,0.03666121660866579,0.0,0.0,0.0,authored_keyframe,0
96,1.92,single_leg_front_kick,0.384,single_support,recovery,-0.2787576251133177,-0.10728732015388243,0.40625695835505565,0.9443844965653125,-0.1359745359544344,-0.10929497160866564,0.44852643816635734,-0.33250848533411254,-0.04448183845780509,-0.28722151092158216,14.724435950360206,2.0848711341944997,14.871304640227688,-0.20707333297756686,-0.11880632347852661,-0.12744403177218808,-0.06428307785682882,0.008949691388979933,single_right,0,1,0.0,152.56866072409127,152.56866072409127,41.71292362094427,30.316500656300665,0.036201626938913566,0.0,0.0,0.0,authored_keyframe,0
97,1.94,single_leg_front_kick,0.388,single_support,recovery,-0.28452427540361264,-0.10958889977231628,0.3955069964612085,0.9364764680071023,-0.14255988438916073,-0.10996765058864123,0.44178950978208265,-0.32598645301307116,-0.022389950844061035,-0.36213692701181166,16.26253742165094,2.385317319662617,16.436540454307277,-0.21173864045799623,-0.11471910247726437,-0.12083245998913981,-0.05149585078569395,0.05195254581184385,double,1,1,114.94187442544033,180.7145149004996,295.6563893259399,51.8939690875193,39.788029555358264,0.03718182100447094,0.0,0.0,0.0,authored_keyframe,0
98,1.96,single_leg_front_kick,0.392,single_support,recovery,-0.28994991802933,-0.11129906918265312,0.3831685688392042,0.9247670119673648,-0.14909412527559274,-0.11016461743091094,0.43434526835401366,-0.33214296244330355,-0.0012899350539951992,-0.379176724058271,16.80656824710301,2.645920807492495,17.013572028355856,-0.21898300814471452,-0.11043604308218552,-0.12766169384264864,-0.05786805080987962,0.051744997309604544,double,1,1,96.37985403534091,211.65119271254702,308.0310467478879,61.16820739491813,47.24953335187454,0.03960439128636326,0.0,0.0,0.0,authored_keyframe,0
99,1.98,single_leg_front_kick,0.396,single_support,recovery,-0.29558684719185563,-0.11250952812550565,0.3705039361493564,0.9101036686145695,-0.15599609543722814,-0.11003492800902764,0.42673045309661173,-0.3590052071199839,0.01196003588234206,-0.3787579565535609,17.40411991380176,2.6960321849974314,17.611700074567842,-0.2308721690355201,-0.10754047804227504,-0.13919280426369895,-0.06458917450975167,0.05162469433452839,double,1,1,107.62381243828085,237.10576919505593,344.7295816333368,68.24786282559822,52.70792159709664,0.04357839069363611,0.0,0.0,0.0,authored_keyframe,0
100,2.0,single_leg_front_kick,0.4,single_support,recovery,-0.3018395465459638,-0.1134309749659297,0.35827457796978934,0.8938969626334548,-0.16358946760413182,-0.10969523092107931,0.4193664080999251,-0.39913774105331135,0.02046082934138667,-0.35673571941667864,17.861331044277303,2.661116704810646,18.058479692097183,-0.246114387475046,-0.10546479082930946,-0.15424810204306208,-0.07213135030088798,0.051461538008036295,double,1,1,123.96694927194554,253.86220434469487,377.8291536166404,72.7747679198661,56.08218626874621,0.04816362322278662,0.0,0.0,0.0,authored_keyframe,0
101,2.02,single_leg_front_kick,0.404,single_support,recovery,-0.30898345569268343,-0.11422787924925645,0.3469461012494902,0.8768944312199304,-0.17209856532501966,-0.1092284362948495,0.4126303265949292,-0.4490937184085599,0.025201108858847514,-0.31884709072376544,18.382545180120022,2.595551936699282,18.56488236308696,-0.26420353176321365,-0.1040599220393511,-0.17230772456002935,-0.08071422866025131,0.05120456467984828,double,1,1,135.72548151031756,262.478235721793,398.20371723211053,74.84051066088658,57.79127901647138,0.05247921578534342,0.0,0.0,0.0,authored_keyframe,0
102,2.04,single_leg_front_kick,0.40800000000000003,single_support,recovery,-0.3166604626000397,-0.1149820474142192,0.33685183049073414,0.8617674336604795,-0.18166330475139986,-0.10870840349171894,0.40682604878626416,-0.5028672114036512,0.025608128755922617,-0.2644255276109335,18.96205656090721,2.5963900559911335,19.138987181716118,-0.2840687833891015,-0.10349348268798186,-0.19228459804923304,-0.09044927439993765,0.050824681315469224,double,1,1,155.01196166485926,272.36781709041645,427.3797787552757,73.87026197235386,57.33710616381582,0.05591262382753096,0.0,0.0,0.0,authored_keyframe,0
103,2.06,single_leg_front_kick,0.41200000000000003,single_support,recovery,-0.32514036241078653,-0.11584072699851836,0.3281996162959394,0.8470495264458573,-0.1923349039003463,-0.10824624219838765,0.4021931730508489,-0.560048340488507,0.020369615225174137,-0.20588896948893123,19.906067220870785,2.6390130988661147,20.080236610603304,-0.3057336776357257,-0.10412179575153015,-0.21420376978928882,-0.10136668712682956,0.050326127318471546,double,1,1,153.36143751033342,266.46751126284425,419.8289487731777,70.34415824157644,55.133739063585125,0.05807792879009829,0.0,0.0,0.0,authored_keyframe,0
104,2.08,single_leg_front_kick,0.41600000000000004,single_support,recovery,-0.33469024644589224,-0.11691688563770122,0.32085000899718624,0.8313397540715297,-0.204196671460761,-0.10793156799361855,0.39863606277761765,-0.6211481842290382,0.011454107133767995,-0.15745191074266982,21.368196355235828,2.6853164701696213,21.53626569349658,-0.32940955258828875,-0.1056226153292192,-0.23828260765153042,-0.11357421758621777,0.049692881355640275,double,1,1,144.31516424472574,251.81302944151676,396.1281936862425,64.96430007929511,51.5544976501528,0.05884526929223431,0.0,0.0,0.0,authored_keyframe,0
105,2.1,single_leg_front_kick,0.42000000000000004,single_support,recovery,-0.345391676080522,-0.11826322178872528,0.31442832015244226,0.8147591581654673,-0.2173042211629247,-0.10781850122087443,0.395861213167948,-0.6839899706902094,0.0006955171489569942,-0.1268930867264384,23.194141599395145,2.7407114362610576,23.355506924698606,-0.35470421260659746,-0.10767878564840896,-0.264098978354165,-0.1271162055758503,0.04891181972053378,double,1,1,130.4308977095818,231.52073564591518,361.951633355497,58.46354349414322,47.01713652679821,0.05827334127773052,0.0,0.0,0.0,authored_keyframe,0
106,2.12,single_leg_front_kick,0.42400000000000004,single_support,recovery,-0.35724815960799183,-0.11988704768462176,0.30842551770702387,0.7974051475140147,-0.23166248308340107,-0.10792506901889441,0.3934559980833004,-0.7458346735436698,-0.010234583670540094,-0.11876366601468309,25.182582783893665,2.819140784190107,25.339890102933396,-0.3810299964910887,-0.10997473815852847,-0.2910222827965464,-0.14197435148322116,0.04797825353592264,double,1,1,114.24576027336956,208.22924427272815,322.4750045460977,51.58667715394041,41.969332396846696,0.056580267659510214,0.0,0.0,0.0,authored_keyframe,0
107,2.14,single_leg_front_kick,0.42800000000000005,single_support,recovery,-0.37017603325024945,-0.12176185994670065,0.30226897809475006,0.7791679976245778,-0.24722042036111305,-0.10824177975993468,0.3909465188926102,-0.8039874706189521,-0.020217025181431512,-0.13496651631960424,27.189298431226455,2.9352146179491045,27.3472747094791,-0.4077198347863782,-0.11227768930034401,-0.31819562045257993,-0.15791453958110957,0.04695045857930406,double,1,1,97.85510287341923,184.12617351260596,281.9812763860252,45.06405169113982,36.8203484545831,0.05408296024364652,0.0,0.0,0.0,authored_keyframe,0
108,2.16,single_leg_front_kick,0.43200000000000005,single_support,recovery,-0.38401348608536756,-0.12380991690671776,0.29538373556633374,0.7597129654244315,-0.2638814126833707,-0.10873870089622961,0.3878486054738067,-0.8565765333842755,-0.02817302043020373,-0.1748954860103518,29.163600177649812,3.099751803364686,29.32787132685014,-0.434200290035206,-0.11434053216789015,-0.3449197729625175,-0.17473190802343305,0.04581988647696651,double,1,1,82.9702500615874,161.03040535293462,244.00065541452202,39.404366906732726,31.900947436956862,0.051152910893464,0.0,0.0,0.0,authored_keyframe,0
109,2.18,single_leg_front_kick,0.43600000000000005,single_support,recovery,-0.3985403032486723,-0.1258929050422107,0.28725027784849194,0.7385620727800034,-0.2815259414655522,-0.10935957521869186,0.3837138818587727,-0.9029017688615567,-0.03295909382709756,-0.2362478307065917,31.13660945093195,3.3175691682512602,31.312852206178793,-0.46009645836939006,-0.11587802786145032,-0.3709859034375166,-0.19251058908780913,0.044488626369828144,double,1,1,69.84027976942953,140.70206322637776,210.5423429958073,34.756714987798155,27.44274250160332,0.04814463635660558,0.0,0.0,0.0,authored_keyframe,0
110,2.2,single_leg_front_kick,0.44000000000000006,single_support,recovery,-0.41346750940155697,-0.12787004954238837,0.27745592660988033,0.7154857297788275,-0.3000216936800611,-0.11004329353720842,0.3781510646073515,-0.9424678862063088,-0.03480272486138031,-0.3153773913554164,33.15591499681878,3.5977402353725436,33.35053873744008,-0.48506131071230196,-0.11687629333940916,-0.3960079151718713,-0.21107767602757083,0.042954069685851005,double,1,1,60.24046055731917,123.65729500318326,183.89775556050245,31.097369685602562,23.514640001548027,0.045294759959232836,0.0,0.0,0.0,authored_keyframe,0
111,2.22,single_leg_front_kick,0.44400000000000006,single_support,recovery,-0.42855649761263354,-0.12963086991430853,0.2656742063669943,0.6896093722279363,-0.3192369416537249,-0.11073548110129458,0.3708481856924461,-0.9757340048052568,-0.034151578349439285,-0.4084587864160496,35.28592090627566,3.942072170930195,35.50543827647765,-0.5089490350206316,-0.11737557705833686,-0.41983307901760825,-0.23029040987778568,0.041221566466336165,double,1,1,53.92040010590594,109.31968053802848,163.24008064393442,28.189334229302716,20.116573448284875,0.04271968957146246,0.0,0.0,0.0,authored_keyframe,0
112,2.24,single_leg_front_kick,0.44800000000000006,single_support,recovery,-0.44359250832663116,-0.13108699432445042,0.2516639935292258,0.6599996230356111,-0.3390581503475079,-0.11139328361110899,0.3615590722536725,-1.003932432197701,-0.03166730140999998,-0.5127632198205151,37.60031331718671,4.339274983631507,37.84987277302499,-0.5317927173075958,-0.11747276010604606,-0.4425235063780342,-0.250058978201279,0.03928829442702268,double,1,1,50.124218179574,96.08324021784038,146.20745839741437,25.71794686333461,17.15323629600949,0.04044844073722789,0.0,0.0,0.0,authored_keyframe,0
113,2.2600000000000002,single_leg_front_kick,0.45199999999999996,single_support,recovery,-0.4583990350597356,-0.13217539442292436,0.2352659818516597,0.6259180924972807,-0.35939894991877736,-0.11198816359517098,0.35008149453787424,-1.0283819512891281,-0.028092347902718282,-0.6264509420892852,40.15911700121588,4.773954735877469,40.44187584840191,-0.5536684038426843,-0.11729502947283468,-0.4641631904670037,-0.2702955683728259,0.03714457991468438,double,1,1,47.91515325734942,83.50229984723671,131.41745310458612,23.194346030572213,14.145274305484019,0.03843588078037865,0.0,0.0,0.0,authored_keyframe,0
114,2.2800000000000002,single_leg_front_kick,0.45599999999999996,single_support,recovery,-0.4728456945048524,-0.13286067228646514,0.2163835806097731,0.5868628191245756,-0.38019125256099606,-0.11250724140099365,0.3362351823677675,-1.04949862925434,-0.02424850392753557,-0.7491100459208112,42.998456819276825,5.2311373508254775,43.315494765988944,-0.5744895294815305,-0.11699647311573005,-0.4847294706016752,-0.290986679318849,0.034765448032159106,double,1,1,46.70266611893601,69.94779629821781,116.65046241715382,20.590018426616044,10.913653395727634,0.03657543498021459,0.0,0.0,0.0,authored_keyframe,0
115,2.3000000000000003,single_leg_front_kick,0.45999999999999996,single_support,recovery,-0.48682426789285826,-0.13313517062782718,0.19495448625733075,0.5425424198363794,-0.4013659288400149,-0.1129530915923431,0.31984617952466926,-1.067048690817869,-0.020790273480454414,-0.8801210985860966,46.122240686506764,5.705933160931028,46.47385027282625,-0.5940386882968014,-0.11670710900111768,-0.5041022794547647,-0.312157689028553,0.032111898791727427,double,1,1,45.7179267068992,57.89590131305742,103.61382801995663,18.290155882693593,7.708515163574044,0.03476903138670466,0.0,0.0,0.0,authored_keyframe,0
116,2.32,single_leg_front_kick,0.46399999999999997,single_support,recovery,-0.5002245535290096,-0.13301546618809093,0.17094479964368078,0.49271427552581715,-0.4228500130475201,-0.1133366516358568,0.30075721019276386,-1.080778498856466,-0.017952010497200174,-1.0188019018766283,49.52435542096601,6.19421117540486,49.91021971448008,-0.6120888265125439,-0.1164799572895095,-0.5219464677823972,-0.3336115830649614,0.029162633979912363,double,1,1,44.283907770209964,46.51341474143157,90.79732251164154,16.596788944754177,8.128653992255877,0.033016515747819275,0.0,0.0,0.0,authored_keyframe,0
117,2.34,single_leg_front_kick,0.46799999999999997,single_support,recovery,-0.5129440044692338,-0.13252878266801804,0.14434387352783762,0.43725583014418473,-0.44455711039075146,-0.11367053515870529,0.2788125834339657,-1.089582486100585,-0.01570400766082683,-1.1654782465984106,53.19742102116981,6.688077749102981,53.616191465653785,-0.6282455374967837,-0.11631801206226858,-0.5376826136573416,-0.35504912879670825,0.025937635330927848,double,1,1,42.03217002807533,35.18496902023601,77.21713904831134,15.983979770143812,9.318671655937708,0.03135439401720307,0.0,0.0,0.0,authored_keyframe,0
118,2.36,single_leg_front_kick,0.472,single_support,recovery,-0.5248788895794978,-0.13170164323989636,0.11515183028603788,0.3762292100634055,-0.4663696443447428,-0.11396376204390088,0.2538491418116197,-1.0915501315543032,-0.0137342297203016,-1.3204180893450272,57.12121226800591,7.183329970119029,57.571113593765055,-0.6419585339310176,-0.11617307710529584,-0.5505879779469648,-0.3761540722295962,0.022366687204717246,double,1,1,38.795065917515764,24.65881341766546,63.45387933518123,16.974769944917874,11.137710734786596,0.029843060655147566,0.0,0.0,0.0,authored_keyframe,0
119,2.38,single_leg_front_kick,0.476,single_support,recovery,-0.5360687009714357,-0.1306465065794312,0.08363724397650404,0.3099283120262514,-0.4881415787168649,-0.11424849941496655,0.2259570556636539,-1.0981811345846495,-0.024066316911487563,-1.3497820291553342,58.02213751227985,7.779917368551365,58.54140035697301,-0.654809657254525,-0.11790098138792732,-0.5623911762081826,-0.3966893175213257,0.018431909616282764,double,1,1,44.41681808562852,22.184813833209493,2264.558927906666,72.56675168089906,45.87098917903835,0.02873041747460993,0.0,0.0,0.0,authored_keyframe,0
120,2.4,single_leg_front_kick,0.48,single_support,recovery,-0.5464703375539625,-0.13115743898655935,0.06727604667529985,0.20137205801910762,-0.5103605289189451,-0.11538008616849775,0.20832871401693595,-1.1000574871563853,-0.07267165919658976,-0.6277104417852277,42.29765140979471,9.450544694864412,43.34055963891258,nan,nan,-999.0,-999.0,0.0,no_contact,0,0,0.0,0.0,997.5971602909334,62.79704735169929,36.465534972151424,0.03743852536333224,0.0,0.0,0.0,authored_keyframe,0
121,2.42,single_leg_front_kick,0.484,single_support,recovery,-0.5529991153706681,-0.13148667805605385,0.061478978561738416,0.11431814369446101,-0.5318725705413109,-0.11700523811538953,0.1985774564653132,-1.0505852985537638,-0.08527302669432127,-0.4227858956430005,37.86457179712589,10.714961472114439,39.35144465872376,nan,nan,-999.0,-999.0,0.0,no_contact,0,0,0.0,0.0,477.667104466183,56.9510062378635,40.19184638775851,0.04506443101853687,0.0,0.0,0.0,authored_keyframe,0
122,2.44,single_leg_front_kick,0.488,single_support,recovery,-0.5582151334067219,-0.1314995538955437,0.0572726679931433,0.03824349538873863,-0.5525180543304306,-0.11878173396395976,0.19076649516889727,-1.0164989116572452,-0.08937709354148245,-0.389672055869885,36.41827491062712,11.503067223109179,38.19177009521006,nan,nan,-999.0,-999.0,0.0,no_contact,0,0,0.0,0.0,297.29234469401666,53.16124685157971,50.0,0.04681044181191533,0.0,0.0,0.0,authored_keyframe,0
123,2.46,single_leg_front_kick,0.492,single_support,recovery,-0.5642236119902755,-0.13206868207765424,0.05653741528559973,-0.023259791914942,-0.5731654651816215,-0.12106934002852555,0.18463895989711943,-1.0458584854444586,-0.1388996466041916,-0.21764943347349097,35.91700517248016,10.971311523600392,37.55530504612968,nan,nan,-999.0,-999.0,0.0,no_contact,0,0,0.0,0.0,563.0047495972776,53.41832385805963,50.0,0.05098199496501557,0.0,565.4239130716714,0.0,authored_keyframe,0
124,2.48,single_leg_front_kick,0.496,single_support,recovery,-0.5719175889397218,-0.13395193215469225,0.06113918505518329,-0.06710018112715932,-0.5935509711956768,-0.12405293425634273,0.18163665923037234,-0.9579567217636618,-0.167094587655968,-0.033725521634007403,32.441104106717745,10.09439301768032,33.975314657237426,nan,nan,-999.0,-999.0,0.0,no_contact,0,0,0.0,0.0,1964.3731055812568,58.92324108922149,33.600799620715534,0.061245500564987586,0.0,2106.1909485602687,0.0,authored_keyframe,0
125,2.5,single_leg_front_kick,0.5,single_support,recovery,-0.5758620542655769,-0.1369959121872608,0.06948509337255994,-0.11514273239370901,-0.6084834229606606,-0.12766034109653754,0.18862120684003894,-0.6178003958636319,-0.18303507691355878,0.5142781409811661,27.486959489278906,6.324521483966839,28.205185941000597,nan,nan,-999.0,-999.0,0.0,no_contact,0,0,0.0,0.0,620.7281888961595,38.957911281830015,23.0579496476949,0.06108500590407737,0.0,707.2389343427345,0.0,authored_keyframe,0
126,2.52,single_leg_front_kick,0.504,single_support,recovery,-0.5780619863739543,-0.1396800370626384,0.07824848811734594,-0.1766243387200259,-0.6190836318824782,-0.13125856335935054,0.19966560759845928,-0.47184782628041705,-0.174149908730725,0.5487527770937783,24.818402880680697,5.329986194117227,25.38428400363619,nan,nan,-999.0,-999.0,0.0,no_contact,0,0,0.0,0.0,245.12736722779988,21.214948157326617,11.712999485215501,0.058092778986675024,110.19247924645201,199.66323652777126,0.0,authored_keyframe,0
127,2.54,single_leg_front_kick,0.508,single_support,recovery,-0.5797776321570806,-0.14149800716774186,0.0852611509674357,-0.24058010588968656,-0.6276461523260646,-0.134600146351447,0.20974156989167478,-0.4014563419028096,-0.16157700877517647,0.45651349605631114,20.97258268326271,4.7710514371900805,21.50842058875092,nan,nan,-999.0,-999.0,0.0,no_contact,0,0,0.0,0.0,140.50749522763968,13.881106777684167,5.871101407899543,0.052662296816953835,79.20682542116674,93.65521232518138,0.0,authored_keyframe,0
128,2.56,single_leg_front_kick,0.512,single_support,recovery,-0.581114472657457,-0.14266015612003982,0.09018330305587433,-0.3009905849603307,-0.6352211521712369,-0.1377216788568322,0.21764238601724756,-0.36380763812716954,-0.15312542963106496,0.34401096108227464,17.45710281423968,4.2283785752145535,17.961893665264483,nan,nan,-999.0,-999.0,0.0,no_contact,0,0,0.0,0.0,147.83353254483103,15.702534345967466,8.012070083667988,0.046125760333353714,54.929241158243315,102.78505288232911,0.0,authored_keyframe,0
129,2.58,single_leg_front_kick,0.516,single_support,recovery,-0.5822289136757438,-0.1435882408429658,0.09345446536795307,-0.3545412847481797,-0.6421369221306152,-0.140756927488395,0.2234577958365272,-0.3313038007373728,-0.15110063994140155,0.24920565281790613,14.711609155856177,3.639894497396226,15.155206231089258,nan,nan,-999.0,-999.0,0.0,no_contact,0,0,0.0,0.0,186.67327335831936,20.91705944117711,13.388914633364816,0.04022657518087177,31.385059904676815,164.93519011914702,0.0,authored_keyframe,0
130,2.6,single_leg_front_kick,0.52,single_support,recovery,-0.5832122482919244,-0.14447648976733002,0.09560219647798654,-0.4006317183363478,-0.6483429709234799,-0.14377530942275882,0.22760875978519424,-0.29242200081576764,-0.15111930060182036,0.17423398849066393,12.41728840667639,3.065873912464936,12.790177255289034,nan,nan,-999.0,-999.0,0.0,no_contact,0,0,0.0,0.0,213.52592168151338,25.637105644746324,17.030879199985506,0.036078835368706035,27.445359176531994,200.3770200565721,0.0,authored_keyframe,0
131,2.62,single_leg_front_kick,0.524,single_support,recovery,-0.5841037550491872,-0.14533846256215807,0.0970110447261837,-0.4391401902727697,-0.6536975514820067,-0.1467645052046465,0.23049944843151948,-0.24683847756517938,-0.1479014164840734,0.12171880199430372,10.417147825688133,2.5074861837898514,10.71468411966195,nan,nan,-999.0,-999.0,0.0,no_contact,0,0,0.0,0.0,252.27147699084034,28.950243681234948,19.69647590003619,0.034066449780899954,0.0,264.6706110857286,0.0,authored_keyframe,0
132,2.64,single_leg_front_kick,0.528,single_support,recovery,-0.5849002645690904,-0.1461501759245729,0.09796576432229728,-0.4701539935589441,-0.6580684843351844,-0.1496610630721404,0.23251050517674393,-0.19447978726963913,-0.1413271780578904,0.08417253064480022,8.492557225656217,1.985556312935425,8.721580252619553,nan,nan,-999.0,-999.0,0.0,no_contact,0,0,0.0,0.0,270.904714683738,30.851727958172976,21.30138254425121,0.03383366560510609,0.0,286.38194163788256,0.0,authored_keyframe,0
133,2.66,single_leg_front_kick,0.532,single_support,recovery,-0.5855353276662899,-0.1468623555287037,0.0985390999284697,-0.49400827196053543,-0.6613355620100805,-0.15238725119631102,0.2338578857407494,-0.13748097351604763,-0.13132889115956978,0.053648714392891275,6.586582924839203,1.5045274677959695,6.75623249504751,nan,nan,-999.0,-999.0,0.0,no_contact,0,0,0.0,0.0,277.13842051872,31.49772680510373,21.694328538171376,0.03465449640504177,0.0,294.5168117762431,0.0,authored_keyframe,0
134,2.68,single_leg_front_kick,0.536,single_support,recovery,-0.5859625906007591,-0.1474645756034473,0.09869677835444052,-0.5108281596357541,-0.6634369136120634,-0.15488372152129354,0.23461684617846756,-0.07850799175721238,-0.1196079610568686,0.025228975924920297,4.843777238640729,1.084712676035201,4.963746521240327,nan,nan,-999.0,-999.0,0.0,no_contact,0,0,0.0,0.0,281.0543265828922,31.300757659609545,17.747644405123438,0.035792271505025335,0.0,298.4705118438821,0.0,authored_keyframe,0
135,2.7,single_leg_front_kick,0.54,single_support,recovery,-0.5861784226194374,-0.1480446987347821,0.09864278374314842,-0.5188533541289101,-0.6643498285317284,-0.15715573826046278,0.2348321858919372,-0.018035782850130314,-0.10831432067095134,0.0001902153480364608,3.6610513787326475,0.8004793277898867,3.7475411074382055,nan,nan,-999.0,-999.0,0.0,no_contact,0,0,0.0,0.0,292.2973536613334,28.97833524147522,16.14926880006165,0.03642398388320455,0.0,314.04519261189364,0.0,authored_keyframe,0
136,2.72,single_leg_front_kick,0.544,single_support,recovery,-0.58615495343782,-0.14865042109488716,0.0983297900455179,-0.5186592686440008,-0.664022799144168,-0.1591949847675086,0.23460169227976113,0.0443217857445814,-0.09697349307552415,-0.021858586317666,3.628839366778463,0.7954107287525237,3.7149903603233936,nan,nan,-999.0,-999.0,0.0,no_contact,0,0,0.0,0.0,286.16091790344234,25.786311963056487,15.259874668284484,0.03629212388858721,0.0,306.86123788386743,0.0,authored_keyframe,0
137,2.74,single_leg_front_kick,0.548,single_support,recovery,-0.5858228210316644,-0.14930218018319097,0.0973019501594531,-0.5142092117062468,-0.6624727158112347,-0.16101421300953747,0.2338529453855427,0.10404977502830039,-0.08569993769986681,-0.051884431685818126,4.815784818844396,1.0658627519634634,4.932326715398654,nan,nan,-999.0,-999.0,0.0,no_contact,0,0,0.0,0.0,269.8823265613968,23.065336847949485,13.851568403478069,0.035727756610586234,0.0,287.5049912653262,0.0,authored_keyframe,0
138,2.7600000000000002,single_leg_front_kick,0.5519999999999999,single_support,recovery,-0.5851087094751055,-0.14998076528557128,0.09532998687611283,-0.5053176157137738,-0.659761573502835,-0.16260336542734424,0.2323994155116658,0.1609626383623654,-0.0745780826561231,-0.09113728101716902,6.6496034835839595,1.4472702192319222,6.805278655306302,nan,nan,-999.0,-999.0,0.0,no_contact,0,0,0.0,0.0,255.87689492928644,20.87013086371788,11.661407373321225,0.03497224658804836,0.0,272.8638595581215,0.0,authored_keyframe,0
139,2.7800000000000002,single_leg_front_kick,0.5559999999999999,single_support,recovery,-0.5839679292342133,-0.15072628933712925,0.09234789832820174,-0.49046154182099566,-0.6559359227968653,-0.16397880411870586,0.2300836838260147,0.21588432680273434,-0.06409909300066673,-0.1370695305528908,8.789852725000836,1.8741409646586533,8.987430961215573,nan,nan,-999.0,-999.0,0.0,no_contact,0,0,0.0,0.0,246.57507347161516,19.015786073911713,9.748215178995244,0.03406732495162369,0.0,263.22996490354893,0.0,authored_keyframe,0
140,2.8000000000000003,single_leg_front_kick,0.5599999999999999,single_support,recovery,-0.5824012327525051,-0.1515462704625094,0.08820029603093603,-0.46987737853554806,-0.6510280399805433,-0.16514805775953725,0.22679166507909063,0.2693606617131028,-0.05406197414843481,-0.1883211314412451,11.105288868891844,2.3285578158737406,11.34678907724118,nan,nan,-999.0,-999.0,0.0,no_contact,0,0,0.0,0.0,237.8876154047115,17.44304651666173,8.110970107578172,0.03312338384477585,0.0,254.14496259149428,0.0,authored_keyframe,0
141,2.82,single_leg_front_kick,0.564,single_support,recovery,-0.5804396008749649,-0.15244518292930956,0.08275151142369976,-0.44396731735982536,-0.6450674289120003,-0.166120474022573,0.22241532514004064,0.32131775484794856,-0.04396405463344224,-0.24521132180888752,13.5558100995318,2.8034176536304285,13.842656464539424,nan,nan,-999.0,-999.0,0.0,no_contact,0,0,0.0,0.0,228.319994038476,18.212122514599113,10.653457233895049,0.0322242283260832,0.0,244.32805942231846,0.0,authored_keyframe,0
142,2.84,single_leg_front_kick,0.568,single_support,recovery,-0.5781755713915435,-0.15335590845092484,0.07615183991211491,-0.41223188085469525,-0.6381157653489392,-0.16686919306637849,0.2168923539788623,0.3624020609204118,-0.027493051755790015,-0.2880549415851925,15.462051975722106,3.257133628970653,15.801391419014449,nan,nan,-999.0,-999.0,0.0,no_contact,0,0,0.0,0.0,431.9548373297748,25.763094593401576,12.212376176845229,0.031212679290818106,0.0,438.91615605318464,0.0,authored_keyframe,0
143,2.86,single_leg_front_kick,0.572,single_support,recovery,-0.5763656170129904,-0.1533949708194489,0.07238428219327674,-0.363919672317412,-0.6307766566106399,-0.16694733363893405,0.21220198868559814,0.3710884841981643,0.01105535786474829,-0.19749950753860165,14.020532568043748,3.442821133128286,14.437047857726668,nan,nan,-999.0,-999.0,0.0,no_contact,0,0,0.0,0.0,434.9632807967487,24.17645499801483,17.381724199415558,0.029471128797654716,0.0,437.7704454195496,0.0,authored_keyframe,0
144,2.88,single_leg_front_kick,0.576,single_support,recovery,-0.5749134891490599,-0.15323772447531092,0.07017561930414253,-0.3183462079178517,-0.6232455588438854,-0.16645386709480203,0.20860240945326936,0.37864421897733497,0.03452056486510997,-0.17784880279719403,13.995073362930365,3.537094926781543,14.43513487830532,nan,nan,-999.0,-999.0,0.0,no_contact,0,0,0.0,0.0,316.1653631114691,28.5837473794108,23.97207304678321,0.02891470085697549,0.0,318.21374846716145,0.0,authored_keyframe,0
145,2.9,single_leg_front_kick,0.58,single_support,recovery,-0.5735059756626372,-0.1531439410297279,0.06818861551893764,-0.27283329654276645,-0.615694540066875,-0.16553011218984426,0.20487906676759463,0.37459135926570114,0.05509482855416805,-0.19685205903586753,14.227914257135337,3.6465645900699055,14.687783271070781,nan,nan,-999.0,-999.0,0.0,no_contact,0,0,0.0,0.0,285.6896517097367,34.39483155730899,30.415544326009048,0.03021654787157967,0.0,287.9489677067759,0.0,authored_keyframe,0
146,2.92,single_leg_front_kick,0.584,single_support,recovery,-0.5720350086728894,-0.1530549371057907,0.06606080192763956,-0.22511516559961925,-0.6083071798449867,-0.164212500779376,0.2007129686746469,0.364398886106884,0.07427268276391694,-0.2183353336286539,14.378241282885632,3.7863637171616373,14.868435445181,nan,nan,-999.0,-999.0,0.0,no_contact,0,0,0.0,0.0,296.37171551723026,39.25360625527105,35.68706461805304,0.033584685521090146,0.0,298.46092263255474,0.0,authored_keyframe,0
147,2.94,single_leg_front_kick,0.588,single_support,recovery,-0.5704591883064427,-0.15293151523767054,0.0636686710271527,-0.17575188383253235,-0.6011169237838594,-0.16253714379153608,0.19621238572357824,0.3532923505846855,0.0873630567252693,-0.22850072151082665,14.327397833994386,3.9765609423440225,14.869006880814974,nan,nan,-999.0,-999.0,0.0,no_contact,0,0,0.0,0.0,337.44403921492466,42.93268003394481,39.68477586373899,0.038159499431826616,0.0,405.20706438772777,0.0,authored_keyframe,0
148,2.96,single_leg_front_kick,0.592,single_support,recovery,-0.5689911566018643,-0.15294571389849718,0.061297502689605286,-0.12430550049009399,-0.594178587928481,-0.16087770941092158,0.1917769479479544,0.34326124997816243,0.0801773388155059,-0.21721706536930102,13.805002215008447,4.211733408004393,14.433183448445753,nan,nan,-999.0,-999.0,0.0,no_contact,0,0,0.0,0.0,346.7045577892035,45.047678616053034,41.73811779301198,0.04291567713443641,0.0,402.2395136561221,0.0,authored_keyframe,0
149,2.98,single_leg_front_kick,0.596,single_support,recovery,-0.5674755452377156,-0.15296040901840602,0.058856006248670434,-0.07317472864777404,-0.5873077813715701,-0.15931792152160787,0.18758114271069026,0.3443515125721821,0.07645382533856705,-0.20472915418955756,13.59800311391388,4.429728601404831,14.301335048453188,nan,nan,-999.0,-999.0,0.0,no_contact,0,0,0.0,0.0,349.31717677506487,45.99785429429519,42.70605139048037,0.047312569213543404,0.0,390.6305634515737,0.0,authored_keyframe,0
150,3.0,single_leg_front_kick,0.6,single_support,recovery,-0.5658171919132046,-0.15292279370007375,0.05633798564505069,-0.022703769128659162,-0.5803389049215545,-0.1578124167057033,0.18370973992662876,0.34978614119280577,0.07694286415669219,-0.1639696087433734,13.133049242658613,4.53708660316688,13.894680178209658,nan,nan,-999.0,-999.0,0.0,no_contact,0,0,0.0,0.0,789.5901974855883,54.43241078820621,36.94305586448162,0.05088857443139366,0.0,147.33078451194302,0.0,authored_keyframe,0
151,3.02,single_leg_front_kick,0.604,single_support,recovery,-0.5644972677317353,-0.1524307019849321,0.05663584182181706,0.005769214269866599,-0.5737652997600707,-0.15600935475281347,0.18269166195332853,0.31200856606384664,0.09636232578828072,0.01626692325483707,10.901057366769379,3.6697296154262293,11.502172280223126,nan,nan,-999.0,-999.0,0.0,no_contact,0,0,0.0,0.0,518.5578867385929,53.502846189822996,37.06605979358336,0.05289441167928278,0.0,0.0,0.0,authored_keyframe,0
152,3.04,single_leg_front_kick,0.608,single_support,recovery,-0.5629384931065848,-0.1518590462804184,0.05902698661055636,0.03145163484646454,-0.5680072487574509,-0.15399225142259473,0.18398342143190233,0.2675892603297551,0.10382987797731137,0.0948920922258256,10.07924091873436,3.1491365613335174,10.559742353855825,nan,nan,-999.0,-999.0,0.0,no_contact,0,0,0.0,0.0,418.11249905356533,48.513071179666596,33.65428268648474,0.054902999787360865,0.0,0.0,0.0,authored_keyframe,0
153,3.06,single_leg_front_kick,0.612,single_support,recovery,-0.561419461814736,-0.15140832745719593,0.06146960182568047,0.05536735127072833,-0.5631423336877439,-0.15196002729683908,0.18641457406535292,0.22377188776650161,0.0982512844959063,0.139273891018283,9.378549116355517,2.7313334186708897,9.76818129294503,nan,nan,-999.0,-999.0,0.0,no_contact,0,0,0.0,0.0,383.7223232272213,42.01942617815335,28.497343634405986,0.05503518654307644,0.0,0.0,0.0,authored_keyframe,0
154,3.08,single_leg_front_kick,0.616,single_support,recovery,-0.5601476979653712,-0.15111965090557852,0.06347847657744468,0.07449060927385817,-0.5591031437936963,-0.1500977668070581,0.18947451641024018,0.18464696840088107,0.08896568770179367,0.16110504115825355,8.692019150871994,2.349316390864876,9.003914949815544,nan,nan,-999.0,-999.0,0.0,no_contact,0,0,0.0,0.0,350.5279056435534,35.053977859010345,23.19979799647468,0.05318036140011367,0.0,0.0,0.0,authored_keyframe,0
155,3.1,single_leg_front_kick,0.62,single_support,recovery,-0.5592025783726977,-0.15087020224699538,0.06493643256419232,0.0880403429483256,-0.555784568323604,-0.14841373637343946,0.19277496662151164,0.15204824545345783,0.08003163188552333,0.16539305775509416,7.9516068641709055,1.9835609618465369,8.195277043010286,nan,nan,-999.0,-999.0,0.0,no_contact,0,0,0.0,0.0,323.45245623096366,28.85273643152292,17.51259847365437,0.049817337706327194,0.0,0.0,0.0,authored_keyframe,0
156,3.12,single_leg_front_kick,0.624,single_support,recovery,-0.5585747057481786,-0.15073651881306657,0.06585242702833657,0.09629242405425964,-0.553065897079687,-0.14695471644753977,0.19601187035002493,0.1236186848582952,0.06762359922780321,0.15689149970157676,7.030908778665404,1.619080326950225,7.214921992581175,nan,nan,-999.0,-999.0,0.0,no_contact,0,0,0.0,0.0,304.4020142418111,23.547528522470195,12.93661887086511,0.045555398004425894,0.0,0.0,0.0,authored_keyframe,0
157,3.14,single_leg_front_kick,0.628,single_support,recovery,-0.5582111052207344,-0.15064896086035942,0.06634185877248226,0.10025985747679687,-0.5508769964449476,-0.145720080388327,0.19896115529658587,0.09847047185582551,0.05731202038880515,0.1381039176232712,5.969255789490446,1.2754783347038827,6.104003576560566,nan,nan,-999.0,-999.0,0.0,no_contact,0,0,0.0,0.0,289.76997821725877,19.72544020361892,9.88825469358869,0.04108837270681751,0.0,0.0,0.0,authored_keyframe,0
158,3.16,single_leg_front_kick,0.632,single_support,recovery,-0.5580619717931427,-0.1505751202490711,0.0664861667031829,0.10100618643670725,-0.5491724446083374,-0.14467160862960726,0.20145692807247498,0.07471071819358675,0.04878648010052144,0.11286874049200045,4.797089940136788,0.9571228924217972,4.89164145507001,nan,nan,-999.0,-999.0,0.0,no_contact,0,0,0.0,0.0,281.7605843655715,17.531447665978916,8.731298501801204,0.036992831847771766,0.0,0.0,0.0,authored_keyframe,0
159,3.18,single_leg_front_kick,0.636,single_support,recovery,-0.5580827436786235,-0.15051593768651428,0.06636949219377064,0.09922796764408917,-0.5479377483336042,-0.14378066063733017,0.20340768828626818,0.051306469418860766,0.04085097027515513,0.0843954414380276,3.5635654751821697,0.6597345555335451,3.624120387028467,nan,nan,-999.0,-999.0,0.0,no_contact,0,0,0.0,0.0,278.29175659766213,16.6637683489113,8.04564461099239,0.033705218973442586,0.0,0.0,0.0,authored_keyframe,0
160,3.2,single_leg_front_kick,0.64,single_support,recovery,-0.558225921920138,-0.15051072868630555,0.06605645535775038,0.09551294084922711,-0.5471724031081452,-0.1430605049219052,0.20477730286599952,0.027518956048867376,0.0322594188078095,0.05529767206226482,2.323328763503686,0.3849302789547334,2.3550006078512453,nan,nan,-999.0,-999.0,0.0,no_contact,0,0,0.0,0.0,278.69448378824,16.5800498659393,7.8392385576382395,0.03146158288264558,0.0,0.0,0.0,authored_keyframe,0
161,3.22,single_leg_front_kick,0.644,single_support,recovery,-0.558465677684669,-0.15052892311583113,0.06558890203316675,0.09030162834239101,-0.5468929355678923,-0.142503243649433,0.20557144849314904,0.002730966711071745,0.024432393426998475,0.027064196668401055,1.2190602914250095,0.20053390265085524,1.235443985068369,nan,nan,-999.0,-999.0,0.0,no_contact,0,0,0.0,0.0,281.16121336098263,16.873896969299572,7.659780698063965,0.030248095115065418,0.0,0.0,0.0,authored_keyframe,0
162,3.24,single_leg_front_kick,0.648,single_support,recovery,-0.5587599759698222,-0.15055736329436467,0.06504784635019359,0.08424278317985924,-0.5471057116317426,-0.14209567726558622,0.20584382641630342,-0.021662662450872817,0.017162120068386244,0.0030392153018272065,0.9270073536092934,0.30828170842892383,0.9769238687828042,nan,nan,-999.0,-999.0,0.0,no_contact,0,0,0.0,0.0,288.04390225158704,17.5484489854402,8.089547738087221,0.029906130605747972,0.0,0.0,0.0,authored_keyframe,0
163,3.2600000000000002,single_leg_front_kick,0.6519999999999999,single_support,recovery,-0.5591242490883777,-0.1505906624146227,0.064421881954579,0.07721319816390172,-0.5478159129240864,-0.14182852382319192,0.2056526204191164,-0.04699355971217576,0.010307628465668352,-0.019678718071396248,1.7330640325233497,0.5471725375397588,1.8173906367822503,nan,nan,-999.0,-999.0,0.0,no_contact,0,0,0.0,0.0,290.4118142263859,18.506843065310854,8.717505512227564,0.030117415703377403,0.0,0.0,0.0,authored_keyframe,0
164,3.2800000000000002,single_leg_front_kick,0.6559999999999999,single_support,recovery,-0.5595706220774066,-0.15062796956500432,0.06366742626128868,0.06891423445646457,-0.5490427758391206,-0.14169552301026325,0.20502653734011997,-0.07323004098108958,0.0036786812183137664,-0.040523168622775954,2.793163757730798,0.8135040653578842,2.9092185620634683,nan,nan,-999.0,-999.0,0.0,no_contact,0,0,0.0,0.0,293.984262967681,19.615427031787533,9.093050897725826,0.03063380567628652,0.0,0.0,0.0,authored_keyframe,0
165,3.3000000000000003,single_leg_front_kick,0.6599999999999999,single_support,recovery,-0.560088213070194,-0.1506739685975025,0.06281011362477208,0.0594401174195368,-0.5507946809784575,-0.14169508431202027,0.20402527962596165,-0.09914142965530962,-0.00301324379204528,-0.05690839511293346,3.812668292890684,1.0893797799601628,3.96524751013099,nan,nan,-999.0,-999.0,0.0,no_contact,0,0,0.0,0.0,302.3214564701965,20.81349165216209,9.900795630821092,0.03132368128514085,0.0,0.0,0.0,authored_keyframe,0
166,3.3200000000000003,single_leg_front_kick,0.6639999999999999,single_support,recovery,-0.5606964004059168,-0.15073601377965037,0.06184994052319648,0.048569444903473404,-0.5530665916099922,-0.1418297073106562,0.2027215644265581,-0.12546494651521492,-0.009786555096989837,-0.07209977100708279,4.8356848562389025,1.3681792656502967,5.025511171195786,nan,nan,-999.0,-999.0,0.0,no_contact,0,0,0.0,0.0,301.72157607485394,21.98192526629705,11.413641941918014,0.032064800110070825,0.0,0.0,0.0,authored_keyframe,0
167,3.34,single_leg_front_kick,0.6679999999999999,single_support,recovery,-0.5614175918152324,-0.15078939895834978,0.0607274026400574,0.03572605167259671,-0.5558710269423399,-0.14208519912481224,0.20112790768847014,-0.15193158672348114,-0.0147791880164507,-0.08480361868134764,5.822139126564844,1.66019821389096,6.054218539042341,nan,nan,-999.0,-999.0,0.0,no_contact,0,0,0.0,0.0,311.8975234845246,23.099786621333173,12.823167943692884,0.032787527861280794,0.0,0.0,0.0,authored_keyframe,0
168,3.36,single_leg_front_kick,0.6719999999999999,single_support,recovery,-0.562250604391651,-0.15083141864899693,0.05950029104446692,0.02102029907006518,-0.559201967782412,-0.14243002911759461,0.19931563172609967,-0.17847265415222724,-0.019256053283720674,-0.0960753228758679,6.788321324993195,1.9522123486507952,7.063458038778316,nan,nan,-999.0,-999.0,0.0,no_contact,0,0,0.0,0.0,306.2123527611712,24.087514835972552,14.400856737984071,0.03349255040398569,0.0,0.0,0.0,authored_keyframe,0
169,3.38,single_leg_front_kick,0.6759999999999999,single_support,recovery,-0.563216314821105,-0.1508901582205476,0.058077841390552255,0.00376534770650069,-0.563064553354728,-0.14286720308095113,0.1972640181401726,-0.20469389825040255,-0.024079982763615372,-0.10705033572874842,7.743419181247337,2.257263555178238,8.065716296402018,nan,nan,-999.0,-999.0,0.0,no_contact,0,0,0.0,0.0,313.1473538716223,24.860837359047775,15.325610509571577,0.034130000174820666,0.0,0.0,0.0,authored_keyframe,0
170,3.4,single_leg_front_kick,0.6799999999999999,single_support,recovery,-0.56431193437073,-0.1509812196685104,0.05649993365635023,-0.016041058121434266,-0.5674509561277066,-0.14340620867518789,0.1950096179858417,-0.23122430778578468,-0.02931043983904224,-0.11846544054063858,8.717152557970284,2.566040004510691,9.086985750163642,nan,nan,-999.0,-999.0,0.0,no_contact,0,0,0.0,0.0,304.83234174550853,28.661987633004586,25.24171383060893,0.034712637326906604,0.0,0.0,0.0,authored_keyframe,0
171,3.42,single_leg_front_kick,0.6839999999999999,single_support,recovery,-0.5655872202059724,-0.15130227305205415,0.05608103205257998,-0.029148986871405796,-0.5722758840721133,-0.14430459348791808,0.193238071370573,-0.24471345264460698,-0.05730400168228361,-0.06284508172941111,8.637732255538594,2.332111706342873,8.947019812721626,nan,nan,-999.0,-999.0,0.0,no_contact,0,0,0.0,0.0,393.08390943070725,30.483940996463613,27.965915254060512,0.03622187268926985,0.0,346.98070649603676,0.0,authored_keyframe,0
172,3.44,single_leg_front_kick,0.688,single_support,recovery,-0.5671514942995468,-0.15197957796369566,0.05655593381757434,-0.03517586544369792,-0.5770473313122905,-0.14563138391691774,0.1921648927503858,-0.2301881824406015,-0.07310487861133805,-0.049874772619417584,8.222389056077844,2.0811094465179543,8.48166836877598,nan,nan,-999.0,-999.0,0.0,no_contact,0,0,0.0,0.0,338.2836165852606,31.417122583558868,28.566639727038503,0.0382621859347969,0.0,341.31594684158824,0.0,authored_keyframe,0
173,3.46,single_leg_front_kick,0.692,single_support,recovery,-0.5687239557763886,-0.15283772027816717,0.05694942563604629,-0.04301032381241532,-0.5813923074935914,-0.14726810092046938,0.1911882920568705,-0.20636106781465124,-0.08890247537454322,-0.05004773954069525,7.675223346076707,1.936591263196184,7.915771543750408,nan,nan,-999.0,-999.0,0.0,no_contact,0,0,0.0,0.0,318.9010231020991,33.43325083967467,31.078587342823212,0.040138048355792225,0.0,322.4875228629956,0.0,authored_keyframe,0
174,3.48,single_leg_front_kick,0.696,single_support,recovery,-0.570188565328879,-0.15365816500038368,0.05725969901533508,-0.05199170105665009,-0.5852690332260311,-0.14917608467520058,0.19017001057545416,-0.1835758180813397,-0.09456851417284838,-0.047199447531043694,7.062585159021985,1.7948691333415079,7.28708887926171,nan,nan,-999.0,-999.0,0.0,no_contact,0,0,0.0,0.0,360.3613674544265,34.69715694478324,32.44382523375584,0.041876324939461834,0.0,375.9384057048343,0.0,authored_keyframe,0
175,3.5,single_leg_front_kick,0.7,single_support,recovery,-0.5715359930589489,-0.15399548071802105,0.05797701465284328,-0.05962854595835715,-0.5886882425912403,-0.15093229132807567,0.1894300695778022,-0.16051002631660766,-0.08322542646145743,-0.031355998262747556,6.118180304288897,1.608333199680928,6.326046626210123,nan,nan,-999.0,-999.0,0.0,no_contact,0,0,0.0,0.0,339.17255632272355,35.51672126902613,33.27663423192492,0.04349935812754389,0.0,355.38700247517266,0.0,authored_keyframe,0
176,3.52,single_leg_front_kick,0.704,single_support,recovery,-0.5727394077441521,-0.1541882811767897,0.058699804133776554,-0.06799050691640145,-0.5916750639789459,-0.152470474280971,0.18886324243687336,-0.14065159584332435,-0.0714494907982116,-0.026528955477267295,5.3337164736818234,1.4456386240819141,5.526156209614628,nan,nan,-999.0,-999.0,0.0,no_contact,0,0,0.0,0.0,333.18271033780536,36.23029391216617,33.983740542142726,0.04491279755032551,0.0,357.4816484140511,0.0,authored_keyframe,0
177,3.54,single_leg_front_kick,0.708,single_support,recovery,-0.5738003481965775,-0.1542987114423132,0.059314184311015816,-0.07583874039832642,-0.5943073131672872,-0.15377658537145178,0.18837183561845752,-0.12444600587213961,-0.060413079526707616,-0.02314256733756219,4.676340552481958,1.2874226555686192,4.850321438508856,nan,nan,-999.0,-999.0,0.0,no_contact,0,0,0.0,0.0,333.0233221493673,36.73313259619323,34.50065888018784,0.04618567642072825,0.0,346.55800696562284,0.0,authored_keyframe,0
178,3.56,single_leg_front_kick,0.712,single_support,recovery,-0.5747077365581099,-0.1543802107666179,0.05982083386788709,-0.0829719636509304,-0.5966229188751649,-0.15486649745342432,0.1879611790180946,-0.108519601912986,-0.049781917354107655,-0.01802281882705938,4.02580522363769,1.1519191396521944,4.187364971311381,nan,nan,-999.0,-999.0,0.0,no_contact,0,0,0.0,0.0,337.7916886213578,36.86397292658716,34.60193072771738,0.04729810022148523,0.0,350.2879524972456,0.0,authored_keyframe,0
179,3.58,single_leg_front_kick,0.716,single_support,recovery,-0.5754506728762062,-0.15447843306073022,0.06026178596070002,-0.08957566164938388,-0.5986292047024885,-0.15576377348176512,0.18767771034125189,-0.09379892641857115,-0.04114822787178811,-0.011000331305479968,3.4346915226890915,1.0261131949632423,3.5846916387480223,nan,nan,-999.0,-999.0,0.0,no_contact,0,0,0.0,0.0,339.1812116942743,36.69524903217506,34.41735320245997,0.04818642227284707,0.0,344.0230788274762,0.0,authored_keyframe,0
180,3.6,single_leg_front_kick,0.72,touch_down,recovery,-0.5760602867700794,-0.15458938413812975,0.06064844950434425,-0.09581781281095586,-0.6003566435771812,-0.1565079797455139,0.18753872292602464,-0.08042876474205864,-0.0341560570318868,-0.003722112027792369,2.916021036323089,0.9042125460860793,3.052995088888656,nan,nan,-999.0,-999.0,0.0,no_contact,0,0,0.0,0.0,338.97529911334783,36.25426569083607,33.92416529991432,0.04879948354185822,0.0,340.581349790537,0.0,authored_keyframe,0
181,3.62,single_leg_front_kick,0.724,touch_down,recovery,-0.5765541825866276,-0.1546797794703034,0.0609583313831347,-0.10184345598181896,-0.6018303951929213,-0.1571084573401749,0.1875265432696914,-0.0684147082588232,-0.026524940970043105,0.0015086199112483926,2.4469810609862286,0.783441417300742,2.5693378071338704,nan,nan,-999.0,-999.0,0.0,no_contact,0,0,0.0,0.0,338.54452780558336,35.61575431548924,33.20486498766363,0.04910911589419148,0.0,339.2929456227058,0.0,authored_keyframe,0
182,3.64,single_leg_front_kick,0.728,touch_down,recovery,-0.5769408061071992,-0.15477411577207384,0.06122981356713513,-0.10731693133662885,-0.6030688569163509,-0.15757275544955926,0.18763224573529783,-0.056790724662927956,-0.0197161025015781,0.007272974094017261,2.018945113977761,0.667316196720231,2.12637021227721,nan,nan,-999.0,-999.0,0.0,no_contact,0,0,0.0,0.0,334.37028697815146,34.937922586638834,32.501174182121325,0.0491923464844355,0.0,335.34784154018894,0.0,authored_keyframe,0
183,3.66,single_leg_front_kick,0.732,touch_down,recovery,-0.5772304841849385,-0.1547859669618192,0.061377523241232405,-0.1126220538627711,-0.6040841751613457,-0.15785471268426532,0.18780194561152036,-0.04596752843919005,-0.010032065175552411,0.009784065423900737,1.6022435869680134,0.5461821761492155,1.6927786274416448,nan,nan,-999.0,-999.0,0.0,no_contact,0,0,0.0,0.0,337.1480514230299,33.46881392165851,31.235403117075492,0.04900550519864407,0.0,339.34078940119343,0.0,authored_keyframe,0
184,3.68,single_leg_front_kick,0.736,touch_down,recovery,-0.5773577219589126,-0.15490763625648188,0.06157689773253479,-0.11661104080177916,-0.6047991620564808,-0.15802842206017706,0.18821137775973323,-0.027103648390175827,-0.007809129434473258,0.02711126492015526,1.304406272697224,0.3487726288268626,1.3502288957323738,nan,nan,-999.0,-999.0,0.0,no_contact,0,0,0.0,0.0,345.5372939700238,31.494800629875883,28.91258673294408,0.048528356867617334,0.0,350.3212354436506,0.0,authored_keyframe,0
185,3.7,single_leg_front_kick,0.74,touch_down,recovery,-0.5773125518501916,-0.15504800589826265,0.06168346441487394,-0.12024905790355266,-0.6051374602166377,-0.15814890125388506,0.18880540262298703,-0.009867398775448236,-0.0021064850796112403,0.027187547243680665,0.9668733224259126,0.21453337060870767,0.9903881000515182,nan,nan,-999.0,-999.0,0.0,no_contact,0,0,0.0,0.0,307.0801702277139,31.600717426396304,29.607289584451806,0.04761228989070171,0.0,312.0590572217591,0.0,authored_keyframe,0
186,3.72,single_leg_front_kick,0.744,touch_down,recovery,-0.5772256719563781,-0.15514633087446664,0.06177486788622846,-0.12236334861565834,-0.6052271577412917,-0.15816582548259023,0.18932366652084157,0.00012048139093301738,-3.2691626373956246e-05,0.025703627750174863,0.85699841081384,0.1398245867043234,0.8683301164790279,nan,nan,-999.0,-999.0,0.0,no_contact,0,0,0.0,0.0,325.28874022668595,31.00054541957431,29.00476597153868,0.046870233278063604,0.0,330.65479856688944,0.0,authored_keyframe,0
187,3.74,single_leg_front_kick,0.748,touch_down,recovery,-0.5771098847290823,-0.15526045800116317,0.061878325645380323,-0.12363926953806609,-0.6051159910343771,-0.15814200229356176,0.18980192353547676,0.009862587181589418,0.0022786806521239342,0.021756075809308616,0.8000414207311951,0.13508341906721696,0.8113653954862003,nan,nan,-999.0,-999.0,0.0,no_contact,0,0,0.0,0.0,317.50719642916346,30.675602511895537,28.7084055578022,0.04617490409073453,0.0,321.9341096887174,0.0,authored_keyframe,0
188,3.7600000000000002,single_leg_front_kick,0.752,touch_down,recovery,-0.5769538117750577,-0.1553488149053338,0.06189424867357554,-0.12395776271137593,-0.6048188416726815,-0.15806733522908392,0.19016717224693627,0.018895609002512987,0.004942502327053455,0.015286688528660154,0.8269377660441449,0.20798926454457853,0.8526931470792266,nan,nan,-999.0,-999.0,0.0,no_contact,0,0,0.0,0.0,315.948989334201,30.554435837108016,28.61702310695309,0.04555926832401976,0.0,319.46408942909176,0.0,authored_keyframe,0
189,3.7800000000000002,single_leg_front_kick,0.756,touch_down,recovery,-0.5767580498552731,-0.15540664289500877,0.061821512156680275,-0.12297542377018526,-0.6043427801988243,-0.1579388353239689,0.19040095088305467,0.027846643595164068,0.007618305309698101,0.008809573281916047,1.0063739244786343,0.30886685622334,1.052704712036484,nan,nan,-999.0,-999.0,0.0,no_contact,0,0,0.0,0.0,316.6630580487494,30.562033773846434,28.64442806805401,0.045078430599962374,0.0,319.4367351251139,0.0,authored_keyframe,0
190,3.8000000000000003,single_leg_front_kick,0.76,touch_down,recovery,-0.5765229185446983,-0.15543578510241446,0.06167251268881387,-0.12064775801288428,-0.6036853294024329,-0.15775890316870395,0.19051093575676756,0.03703813689614019,0.01007620055514983,0.0028630154469646307,1.2833309432118556,0.4188166933224156,1.3499428626466208,nan,nan,-999.0,-999.0,0.0,no_contact,0,0,0.0,0.0,317.5661122506096,30.661833478871785,28.757397460043897,0.04473800428056886,0.0,319.77170965776475,0.0,authored_keyframe,0
191,3.8200000000000003,single_leg_front_kick,0.764,touch_down,recovery,-0.5762463917643796,-0.15544040829677894,0.06145379041525214,-0.11698912178383583,-0.6028404554986396,-0.1575338183019515,0.1905076062040641,0.04656198067070867,0.012151883529681088,-0.002590683701678799,1.6067517887091118,0.5338145287138604,1.6931063940538205,nan,nan,-999.0,-999.0,0.0,no_contact,0,0,0.0,0.0,318.3280358066135,30.82862524491506,28.933031708435934,0.04452639521017864,0.0,320.0998228075282,0.0,authored_keyframe,0
192,3.84,single_leg_front_kick,0.768,touch_down,recovery,-0.5759245252147831,-0.155425196288421,0.06116659836159441,-0.11200481072824126,-0.6018010951329846,-0.15727236204435663,0.1904000277051805,0.05645516665965605,0.013752864767047027,-0.007618828436925107,1.9539086024258423,0.6534298712283003,2.0602741136186564,nan,nan,-999.0,-999.0,0.0,no_contact,0,0,0.0,0.0,319.01231090931435,31.038368516692103,29.147661626997696,0.044427033201756755,0.0,320.44347996802117,0.0,authored_keyframe,0
193,3.86,single_leg_front_kick,0.772,touch_down,recovery,-0.5755521971132328,-0.15539450292694018,0.060809602183022546,-0.10569093401569218,-0.6005593223859325,-0.15698442128485648,0.19019636854464206,0.06677014651868454,0.014852174577904824,-0.012251300918618063,2.31689367063836,0.7781227586369581,2.4440685973500993,nan,nan,-999.0,-999.0,0.0,no_contact,0,0,0.0,0.0,319.65788214339324,31.26713762410909,29.377429812331293,0.04442107965815501,0.0,320.81892060591474,0.0,authored_keyframe,0
194,3.88,single_leg_front_kick,0.776,touch_down,recovery,-0.5751236865789787,-0.15535211380302247,0.060380323991807885,-0.09804039490079401,-0.5991059223405512,-0.15667986795294342,0.18990425565903585,0.07758004561852638,0.015470134216623617,-0.016519363860186813,2.6944259595519875,0.908581208965309,2.843492757998956,nan,nan,-999.0,-999.0,0.0,no_contact,0,0,0.0,0.0,320.2320701129633,31.492637030297544,29.600485318919404,0.04448814676013321,0.0,321.1891696371633,0.0,authored_keyframe,0
195,3.9,single_leg_front_kick,0.78,touch_down,recovery,-0.574633077151784,-0.15530126332478772,0.05987555312911005,-0.08904354591788517,-0.5974301079938239,-0.15636782907696964,0.1895303540870852,0.08896640638715267,0.01565511948637318,-0.020488190532852047,3.088309588828916,1.0455871759234379,3.260507423532138,nan,nan,-999.0,-999.0,0.0,no_contact,0,0,0.0,0.0,320.6650236184876,31.695660762519836,29.798410345051277,0.044607063007083655,0.0,321.4911543131032,0.0,authored_keyframe,0
196,3.92,single_leg_front_kick,0.784,touch_down,recovery,-0.5740745470121136,-0.15524470261039855,0.05929129600945373,-0.07868531726770019,-0.5955194640524667,-0.15605629704197904,0.1890795367017311,0.10100990810054511,0.015468790401110188,-0.024268046548650942,3.501807796853712,1.190002156601753,3.698481171889654,nan,nan,-999.0,-999.0,0.0,no_contact,0,0,0.0,0.0,320.88106848535654,31.860855023893233,29.9567707011835,0.0447568604833978,0.0,321.66101681648706,0.0,authored_keyframe,0
197,3.94,single_leg_front_kick,0.788,touch_down,recovery,-0.5734425888428271,-0.155184752193315,0.05862259075786528,-0.06694150501320922,-0.5933600094093459,-0.15575197735830018,0.18855399396729705,0.11378689494332843,0.014976519830504732,-0.028012083838306945,3.938833738484941,1.3427640891678576,4.161421225805679,nan,nan,-999.0,-999.0,0.0,no_contact,0,0,0.0,0.0,320.81377233071004,31.976864532111183,30.06508315016349,0.04491776592315269,0.0,321.64870133722263,0.0,authored_keyframe,0
198,3.96,single_leg_front_kick,0.792,touch_down,recovery,-0.5727321805302735,-0.1551233377509418,0.05786331232761587,-0.05377562248596272,-0.5909362902562122,-0.15546028040960105,0.18795245325497986,0.1273689258717747,0.014241937428983012,-0.03190917899112993,4.403539680298262,1.504879494686755,4.653581847296766,nan,nan,-999.0,-999.0,0.0,no_contact,0,0,0.0,0.0,320.4096759060668,32.04326024004265,30.12406215725533,0.04507201358481215,0.0,321.4309506476574,0.0,authored_keyframe,0
199,3.98,single_leg_front_kick,0.796,touch_down,recovery,-0.5719437048900148,-0.1550619608606015,0.057001080367126755,-0.039153312538740964,-0.5882355227085488,-0.15518705305712735,0.18726452842169442,0.14145903221483555,0.013169890219313229,-0.03655794033904443,4.891111080037828,1.676473870173587,5.170447972336983,nan,nan,-999.0,-999.0,0.0,no_contact,0,0,0.0,0.0,319.4460597632028,31.63741810919474,29.05011266922592,0.045203261034931594,0.0,320.36933468293864,0.0,authored_keyframe,0
200,4.0,single_leg_front_kick,0.8,touch_down,recovery,-0.5710971214627646,-0.15500227717581747,0.056085374874758315,-0.023268054287324803,-0.5852536090120731,-0.15493733786789005,0.18653525726665635,0.1524404882728909,0.011850190487249192,-0.024554211176114397,5.163189786520338,1.753359811076064,5.4527790528064335,nan,nan,-999.0,-999.0,0.0,no_contact,0,0,0.0,0.0,447.2944780676456,33.69726015819052,24.324202091107956,0.045227450196123044,0.0,187.3102893391882,0.0,authored_keyframe,0
201,4.0200000000000005,single_leg_front_kick,0.8039999999999999,touch_down,recovery,-0.570649111413134,-0.1549656524674136,0.05591805135302286,-0.0176374642481796,-0.582482859618596,-0.1547168253325291,0.18656565579227125,0.12389318625278797,0.010463474688325725,0.016398720287166456,4.181346627634635,1.4033598036936423,4.410564403685156,nan,nan,-999.0,-999.0,0.0,no_contact,0,0,0.0,0.0,367.4182606448776,34.247091027405084,23.262492895047423,0.04437969831187135,0.0,27.432709967291842,0.0,authored_keyframe,0
202,4.04,single_leg_front_kick,0.808,touch_down,recovery,-0.5704420503624672,-0.15493297595266425,0.05612839137660856,-0.016000339915334272,-0.5803942755776123,-0.15451791101916232,0.1870862662405643,0.0891151284815197,0.00958112945122856,0.032078254695578574,3.1739503909615006,1.0330741530208734,3.3378441080919967,nan,nan,-999.0,-999.0,0.0,no_contact,0,0,0.0,0.0,345.82363827868846,32.518962668950834,21.973349760723824,0.04362798660504512,0.0,0.0,0.0,authored_keyframe,0
203,4.0600000000000005,single_leg_front_kick,0.8119999999999999,touch_down,recovery,-0.5702541843516423,-0.15490697847867196,0.056349288362401016,-0.014211508440319333,-0.5789747396991567,-0.1543358906634381,0.18782105894139686,0.055939391615917024,0.007818394821958357,0.03929877951487101,2.294184795365605,0.6766068935645718,2.3918780829519353,nan,nan,-999.0,-999.0,0.0,no_contact,0,0,0.0,0.0,332.6668313284827,30.03574924530664,20.250333801682586,0.04278871975672625,0.0,0.0,0.0,authored_keyframe,0
204,4.08,single_leg_front_kick,0.8160000000000001,touch_down,recovery,-0.5701731180523023,-0.15497987777229033,0.056358528464699804,-0.014447597000719977,-0.5782154063448492,-0.15424023898805486,0.18862371072431752,0.02381828455859326,0.0033085622372734835,0.04017328444737538,1.561045673669164,0.3229460361548339,1.5941009182449313,nan,nan,-999.0,-999.0,0.0,no_contact,0,0,0.0,0.0,326.4987899562899,27.31221906731434,18.250387284454277,0.041516698501338704,0.0,0.0,0.0,authored_keyframe,0
205,4.1,single_leg_front_kick,0.82,touch_down,recovery,-0.570226594194906,-0.15499172676297146,0.056180832379958266,-0.01681540366694623,-0.57807779847046,-0.15417329320260567,0.18939517423084515,-0.0067646150359600785,0.0034325930096386014,0.036261910150411907,1.2351841721320351,0.08020379310674915,1.2377853559944112,nan,nan,-999.0,-999.0,0.0,no_contact,0,0,0.0,0.0,315.8472912686653,24.88743335698675,16.1914017600012,0.039978918632519865,0.0,0.0,0.0,authored_keyframe,0
206,4.12,single_leg_front_kick,0.8240000000000001,touch_down,recovery,-0.5704609981296634,-0.15498024119680306,0.05576450485146158,-0.02231812742603914,-0.5785372994714767,-0.15409944007856693,0.1900221488117905,-0.03608744255318991,0.003965897734802957,0.026498225765046707,1.4985676254548808,0.34496722570986893,1.5377604868364396,nan,nan,-999.0,-999.0,0.0,no_contact,0,0,0.0,0.0,307.00623714371216,23.42727297440146,18.827931186270433,0.03830055655181226,0.0,0.0,0.0,authored_keyframe,0
207,4.14,single_leg_front_kick,0.828,touch_down,recovery,-0.5706598815055369,-0.15501610584799647,0.05546580779065355,-0.027467143760045956,-0.5794336021856072,-0.15406764656101157,0.19049100353037712,-0.048265068586513506,-0.000764522678070589,0.023367318776927916,1.788071777858211,0.5285042340938505,1.8645421443958168,nan,nan,-999.0,-999.0,0.0,no_contact,0,0,0.0,0.0,329.2075645087437,22.654082082702843,19.804772820719684,0.03710688635785314,0.0,169.80776307946414,0.0,authored_keyframe,0
208,4.16,single_leg_front_kick,0.8320000000000001,touch_down,recovery,-0.5707372415226641,-0.1550532027622665,0.05548258685341743,-0.028983841210405443,-0.5803911743766258,-0.1541176316871425,0.19094430820235408,-0.046091196312203694,-0.003630522215185783,0.020853724385475156,1.6910425060531726,0.49522732015026466,1.762065508402513,nan,nan,-999.0,-999.0,0.0,no_contact,0,0,0.0,0.0,317.02956616448284,22.533666566714917,20.17393595878556,0.03658840613830028,0.0,237.4099383447943,0.0,authored_keyframe,0
209,4.18,single_leg_front_kick,0.836,touch_down,recovery,-0.5708196951159399,-0.15507747994594803,0.05554193559011748,-0.02988608708562366,-0.5812168948989732,-0.1542079566541547,0.19127404938697357,-0.03664702324815688,-0.005067275507645075,0.012363857371419883,1.3005381464964718,0.38193520249252655,1.3554607959640463,nan,nan,-999.0,-999.0,0.0,no_contact,0,0,0.0,0.0,310.7548089065893,22.863774291087942,20.609108107239095,0.03642768558901891,0.0,266.8549038968115,0.0,authored_keyframe,0
210,4.2,single_leg_front_kick,0.8400000000000001,recover,recovery,-0.5709170246970582,-0.1550955970770067,0.055595418263057035,-0.030508127517354905,-0.5818184120039398,-0.15431655334903446,0.19141001054720064,-0.024588092209115783,-0.005642941652576395,0.002219987646259619,0.8443577001660435,0.2433749353232153,0.8787327722198993,nan,nan,-999.0,-999.0,0.0,no_contact,0,0,0.0,0.0,310.3526799589498,23.150689769758614,20.523930390994607,0.03650639276089495,0.0,272.7637433159975,0.0,authored_keyframe,0
211,4.22,single_leg_front_kick,0.844,recover,recovery,-0.5710348127209798,-0.1551862350443246,0.0555554472548309,-0.03150948017321469,-0.582192916380344,-0.15449512716119207,0.19131279846848823,-0.014577949876875551,-0.012210091337836551,-0.010161537910315013,0.7188552844460486,0.16990150773499202,0.7386605731366965,nan,nan,-999.0,-999.0,0.0,no_contact,0,0,0.0,0.0,310.51799623609566,24.417902856373153,21.78169684861578,0.03663230668759631,0.0,245.89575170817457,0.0,authored_keyframe,0
212,4.24,single_leg_front_kick,0.8480000000000001,recover,recovery,-0.5711516340083435,-0.15525452088723496,0.05556581534045859,-0.0317607217205833,-0.5823948401397736,-0.15474972046194324,0.19106553780764599,-0.0062085113581182285,-0.012130837539318425,-0.013513709895929642,0.6398747926789813,0.08147903270999679,0.6450415359318545,nan,nan,-999.0,-999.0,0.0,no_contact,0,0,0.0,0.0,322.8440676917237,25.250818524482575,22.28375188831486,0.03699861761623517,0.0,262.2963221454199,0.0,authored_keyframe,0
213,4.26,single_leg_front_kick,0.852,recover,recovery,-0.5712450039073618,-0.15527506807815572,0.05562266075017691,-0.031006935610938147,-0.5824281734489377,-0.1549724126366526,0.19076798900626463,0.0017403396023695636,-0.010323673638100547,-0.015885915813792714,0.6343316261445445,0.07089244666054081,0.6382807774958446,nan,nan,-999.0,-999.0,0.0,no_contact,0,0,0.0,0.0,323.9183498613843,26.056815961178415,22.61330034093405,0.03746003350732054,0.0,246.0734281431174,0.0,authored_keyframe,0
214,4.28,single_leg_front_kick,0.8560000000000001,recover,recovery,-0.5713087869684336,-0.1552854163208535,0.05565669409637499,-0.03005042883299445,-0.582334176127248,-0.15516030619020374,0.19043694938753128,0.006541550083817307,-0.008668475747404638,-0.016827858606973996,0.6677483937996234,0.10230607272727064,0.6755401171942748,nan,nan,-999.0,-999.0,0.0,no_contact,0,0,0.0,0.0,326.9300799335583,26.802615593165743,22.883514154978155,0.03791561056302821,0.0,224.07542518610464,0.0,authored_keyframe,0
215,4.3,single_leg_front_kick,0.86,recover,recovery,-0.5713531794758967,-0.15529307917400847,0.055674345220724154,-0.029082452992108588,-0.5821843330363669,-0.1553176181554081,0.19010791471261235,0.00778836109934744,-0.007244676428183858,-0.015879601055486234,0.6372482582042959,0.10897438409831917,0.6464988468466258,nan,nan,-999.0,-999.0,0.0,no_contact,0,0,0.0,0.0,329.97052399073084,27.362538824799604,23.08837019219544,0.03835588348440522,0.0,205.831937681657,0.0,authored_keyframe,0
216,4.32,single_leg_front_kick,0.8640000000000001,recover,recovery,-0.5713850578684676,-0.15530097772921633,0.055685333939753764,-0.02821138847376706,-0.5820410180906712,-0.15544887866988905,0.18981565788943816,0.00632237698430482,-0.00603524649530439,-0.013402998427255008,0.5334968402003659,0.09103473205897639,0.5412080939387589,nan,nan,-999.0,-999.0,0.0,no_contact,0,0,0.0,0.0,332.0228434912723,27.680194657208776,23.234143729654114,0.038756623458873686,0.0,192.70506184899006,0.0,authored_keyframe,0
217,4.34,single_leg_front_kick,0.868,recover,recovery,-0.5714098777056646,-0.1553101047757999,0.05569510840638059,-0.02751463661246329,-0.5819472505471106,-0.1555578940802551,0.1895831270081959,0.0031785247848988836,-0.004994886841493048,-0.010111708534181972,0.39067306404083973,0.0607384298858016,0.39536641211925233,nan,nan,-999.0,-999.0,0.0,no_contact,0,0,0.0,0.0,332.8119115213605,27.768114637787363,23.33761235593227,0.03909098205917417,0.0,185.40593657663678,0.0,authored_keyframe,0
218,4.36,single_leg_front_kick,0.8720000000000001,recover,recovery,-0.5714320326820201,-0.1553204504562324,0.055705637936733256,-0.02702710186528775,-0.5819250328508859,-0.15564753734319117,0.18941852431603193,-0.0006038483559258951,-0.00407865606969618,-0.006724903917962502,0.2630030792877872,0.041608541862203856,0.26627408899620114,nan,nan,-999.0,-999.0,0.0,no_contact,0,0,0.0,0.0,332.5048004898659,27.68635740409343,23.414986823834546,0.03934354897874527,0.0,183.86813929153024,0.0,authored_keyframe,0
219,4.38,single_leg_front_kick,0.876,recover,recovery,-0.5714544018983836,-0.15533152857223778,0.055716852944686306,-0.02674131813914129,-0.5819769359284992,-0.15571989373396092,0.18931744845503579,-0.004129917655981653,-0.003252355623933301,-0.0037832833128541177,0.21593961363230305,0.0554010060108592,0.2229331473843304,nan,nan,-999.0,-999.0,0.0,no_contact,0,0,0.0,0.0,331.4709867611152,27.514203559064814,23.477640756018626,0.039515129694309814,0.0,187.07652946121596,0.0,authored_keyframe,0
220,4.4,single_leg_front_kick,0.8800000000000001,recover,recovery,-0.5714783040000438,-0.15534266788476941,0.05572802088033473,-0.02662212701192121,-0.5820903749250027,-0.15577649128966678,0.18926727137704072,-0.006767636797072649,-0.002492972364214123,-0.0015909293521788204,0.24624385968726878,0.07661292027974609,0.2578867541915909,nan,nan,-999.0,-999.0,0.0,no_contact,0,0,0.0,0.0,330.1029319158626,27.324181110819733,23.53279250238716,0.03961993709787428,0.0,193.32220674175147,0.0,authored_keyframe,0
221,4.42,single_leg_front_kick,0.884,recover,recovery,-0.5715037971194058,-0.1553531678380139,0.0557385501475565,-0.02662224921228479,-0.58224357977969,-0.15581849691322378,0.18925171670109103,-0.00820096309801653,-0.0017860678661201564,-0.00023699506419065097,0.27995046460421263,0.08858340169701602,0.29363120012752286,nan,nan,-999.0,-999.0,0.0,no_contact,0,0,0.0,0.0,328.7225837962551,27.16666431875248,23.584859692715824,0.03967892533833756,0.0,200.7117269357908,0.0,authored_keyframe,0
222,4.44,single_leg_front_kick,0.8880000000000001,recover,recovery,-0.5715300829247365,-0.15536239130068452,0.05574816129502287,-0.026692689024246485,-0.5824117945305177,-0.15584686271290873,0.18925458734407755,-0.008408911902440558,-0.0011236749937492947,0.0003500402949302065,0.2830954983401096,0.08856378454549856,0.29662536154795743,nan,nan,-999.0,-999.0,0.0,no_contact,0,0,0.0,0.0,327.5527640163069,27.06693276548011,23.6360082957526,0.03971299616927479,0.0,207.62093691024518,0.0,authored_keyframe,0
223,4.46,single_leg_front_kick,0.892,recover,recovery,-0.5715559014429576,-0.15536982833833443,0.05575674200376832,-0.026789113783603317,-0.5825724366958089,-0.15586244210677383,0.18926231620415612,-0.007592880862163053,-0.0005032067215654152,0.0003420072885209169,0.2539667815336615,0.078247092060565,0.26574749959030863,nan,nan,-999.0,-999.0,0.0,no_contact,0,0,0.0,0.0,326.717173618806,27.030269344055476,23.686384768446224,0.03973853461394399,0.0,212.9438550254335,0.0,authored_keyframe,0
224,4.48,single_leg_front_kick,0.8960000000000001,recover,recovery,-0.5715798860087076,-0.1553751359233848,0.05576419429714884,-0.026876199443522722,-0.5827085248422073,-0.1558660882914198,0.18926534819692836,-0.006082978093297174,7.33948675083033e-05,-4.475790359589401e-05,0.20283368821271988,0.06108438022652584,0.2118320244477535,nan,nan,-999.0,-999.0,0.0,no_contact,0,0,0.0,0.0,326.2524414683207,27.049239539642798,23.73458081747069,0.03976585473637529,0.0,216.1484762673629,0.0,authored_keyframe,0
225,4.5,single_leg_front_kick,0.9,recover,recovery,-0.5716008546092785,-0.15537814901446517,0.055770396823375534,-0.026930396639139292,-0.5828102381538264,-0.15585873146783433,0.1892585056082374,-0.004247694667838685,0.0006009591394644032,-0.0005954476520361202,0.14440456142877947,0.04100239130577757,0.1501128690493598,nan,nan,-999.0,-999.0,0.0,no_contact,0,0,0.0,0.0,326.1272384834055,27.109644854159104,23.778382025582875,0.03979973758752722,0.0,217.20531773059832,0.0,authored_keyframe,0
226,4.5200000000000005,single_leg_front_kick,0.9039999999999999,recover,recovery,-0.5716180105314224,-0.15537886381437546,0.05577525896905339,-0.026940786047423317,-0.5828748539569097,-0.15584142422160824,0.1892405685495775,-0.002421860393319256,0.001072877734812148,-0.0011300638733575284,0.09601738789837279,0.02171492502805398,0.09844225082656628,nan,nan,-999.0,-999.0,0.0,no_contact,0,0,0.0,0.0,326.26496231791793,27.19450240274063,23.815579343590713,0.03984086035432834,0.0,216.45104234398238,0.0,authored_keyframe,0
227,4.54,single_leg_front_kick,0.908,recover,recovery,-0.5716310362559929,-0.15537740296248606,0.05577879223184804,-0.02690789446749912,-0.5829055149745165,-0.15581535001073982,0.189213340607219,-0.0008596812649865913,0.001482905004720687,-0.001522937104922215,0.07644794922183831,0.007944413789751496,0.07685962952478735,nan,nan,-999.0,-999.0,0.0,no_contact,0,0,0.0,0.0,326.5667095454895,27.286804112885065,23.84461560667545,0.039887273393339986,0.0,214.43322015192567,0.0,authored_keyframe,0
228,4.5600000000000005,single_leg_front_kick,0.9119999999999999,recover,recovery,-0.5716400837909802,-0.15537397598864577,0.05578114114323299,-0.02684085397380522,-0.5829093426522164,-0.15578180065702135,0.18918047069147545,0.0002865525183500698,0.0018264411365056213,-0.0017091509899753899,0.08394553176742069,0.01122788049625121,0.08469307884445537,nan,nan,-999.0,-999.0,0.0,no_contact,0,0,0.0,0.0,326.93198492947306,27.371745950684264,23.864939132394472,0.039935611227411454,0.0,211.76674205403913,0.0,authored_keyframe,0
229,4.58,single_leg_front_kick,0.916,recover,recovery,-0.5716456825304906,-0.15536884499730688,0.0557825581808026,-0.02675365681523677,-0.5828953749496115,-0.15574213616570462,0.18914627331640393,0.000965751960969158,0.0021010850219000763,-0.0016798562376970215,0.09529474724913833,0.017878664822467423,0.09695739017275214,nan,nan,-999.0,-999.0,0.0,no_contact,0,0,0.0,0.0,327.275172893289,27.43851395737415,23.877041852269947,0.03998204902383976,0.0,209.01942601917963,0.0,authored_keyframe,0
230,4.6000000000000005,single_leg_front_kick,0.9199999999999999,recover,recovery,-0.5716485974010994,-0.15536229929158984,0.05578334180777485,-0.026661368755820123,-0.582872705195518,-0.15569774046282842,0.189114737425176,0.0012113093204554881,0.002306590602110087,-0.0014695162861228905,0.09972908297426179,0.02121955571629366,0.10196155910775435,nan,nan,-999.0,-999.0,0.0,no_contact,0,0,0.0,0.0,327.536256613475,27.48133072641601,23.882243069863538,0.04002307854339382,0.0,206.63430253034483,0.0,authored_keyframe,0
231,4.62,single_leg_front_kick,0.924,recover,recovery,-0.5716496739033506,-0.1553546378440409,0.05578376998581727,-0.026577041678749705,-0.5828490686094627,-0.155649981815208,0.18908884431257264,0.0011150763739264929,0.002444522654058982,-0.0011388411160878724,0.09729700137408091,0.02197855765628947,0.09974850110672713,nan,nan,-999.0,-999.0,0.0,no_contact,0,0,0.0,0.0,327.6849982792867,27.49950711356685,23.882334004461065,0.040056106167917806,0.0,204.8894042125298,0.0,authored_keyframe,0
232,4.64,single_leg_front_kick,0.9279999999999999,recover,recovery,-0.5716497024117305,-0.15534615679090608,0.05578405484572175,-0.026509778853838,-0.5828299921010119,-0.15560018090366884,0.18907023757522257,0.0007983336856667642,0.0025178733106799656,-0.0007572935286342445,0.09161546547069255,0.021637578330855646,0.09413595651734555,nan,nan,-999.0,-999.0,0.0,no_contact,0,0,0.0,0.0,327.7189303168017,27.49653389942569,23.8792088065359,0.040079813405549766,0.0,203.89199659242504,0.0,authored_keyframe,0
233,4.66,single_leg_front_kick,0.932,recover,recovery,-0.5716493231339317,-0.15533713970250648,0.055784327613530506,-0.026464049198637138,-0.5828185077557955,-0.15554958566737598,0.18905921614592136,0.00038499510689357056,0.0025307700064808843,-0.00038842322278855935,0.08632646009209444,0.021456256464191303,0.08895295753087204,nan,nan,-999.0,-999.0,0.0,no_contact,0,0,0.0,0.0,327.6567534632793,27.47853850134503,23.874573033019015,0.04009422981771938,0.0,203.60128616021274,0.0,authored_keyframe,0
234,4.68,single_leg_front_kick,0.9359999999999999,recover,recovery,-0.5716489792149849,-0.15532784974290736,0.055784647745010664,-0.02644004107536053,-0.5828153408969677,-0.1554993508458407,0.18905496955393772,-1.9163513851521984e-05,0.0024882826995984344,-8.002603631239051e-05,0.08300754038960463,0.021864239704645908,0.08583878342214583,nan,nan,-999.0,-999.0,0.0,no_contact,0,0,0.0,0.0,327.52951619228793,27.452569518102255,23.869765442233966,0.040100532706019834,0.0,203.8706652511147,0.0,authored_keyframe,0
235,4.7,single_leg_front_kick,0.9400000000000001,recover,recovery,-0.5716489134103986,-0.15531852384927142,0.0557850235474714,-0.026434682491383386,-0.5828194266710215,-0.15545052078451124,0.1890559507621408,-0.000339207203426592,0.0023962757892562413,0.00014033274900280174,0.08082660615785474,0.022488769124210915,0.08389687121531425,nan,nan,-999.0,-999.0,0.0,no_contact,0,0,0.0,0.0,327.3719053338451,27.425126611385274,23.86568563144605,0.04010065791156582,0.0,204.49836593119022,0.0,authored_keyframe,0
236,4.72,single_leg_front_kick,0.944,recover,recovery,-0.571649196645705,-0.1553093693340389,0.055785433408158745,-0.026442942312262546,-0.582828588279081,-0.15540401526268965,0.1890602849654248,-0.0005354372949893954,0.002261248089129365,0.00026508501114465126,0.07797983562934416,0.022749537390491237,0.0812305128400707,nan,nan,-999.0,-999.0,0.0,no_contact,0,0,0.0,0.0,327.21528147882304,27.401185066673083,23.862801992490034,0.040096842721913065,0.0,205.27553156463466,0.0,authored_keyframe,0
237,4.74,single_leg_front_kick,0.9480000000000001,recover,recovery,-0.5716497747522971,-0.15530056300119952,0.05578584239863991,-0.02645910815766246,-0.5828402226728003,-0.15536061892926017,0.1890661341973156,-0.0006007573535237994,0.0020901344264873216,0.00030305643908409217,0.07320954494067683,0.02230802042256708,0.07653290302604919,nan,nan,-999.0,-999.0,0.0,no_contact,0,0,0.0,0.0,327.08320979309246,27.38376994067146,23.861214113788847,0.04009121397836271,0.0,206.02347460042103,0.0,authored_keyframe,0
238,4.76,single_leg_front_kick,0.952,recover,recovery,-0.5716505209750498,-0.15529225235789942,0.05578621372605714,-0.02647784320732309,-0.5828518765695501,-0.15532097508503445,0.18907196724895164,-0.000553230813160496,0.001890075441167475,0.00027403205914623333,0.06629392138284333,0.021142237636345627,0.06958360600447726,nan,nan,-999.0,-999.0,0.0,no_contact,0,0,0.0,0.0,326.98952190676164,27.373991514804917,23.86074813537118,0.040085494887535884,0.0,206.61606713641976,0.0,authored_keyframe,0
239,4.78,single_leg_front_kick,0.9560000000000001,recover,recovery,-0.5716512846463464,-0.15528455812648947,0.05578651636163294,-0.026494918346261366,-0.5828616442677886,-0.1552855841802466,0.18907671406289267,-0.0004263394318567883,0.001668181467110585,0.00020288964823823454,0.05780395367542185,0.01943734558538858,0.06098448543618401,nan,nan,-999.0,-999.0,0.0,no_contact,0,0,0.0,0.0,326.9385031115028,27.37138958903187,23.86106621365517,0.04008085553616176,0.0,206.98721023952032,0.0,authored_keyframe,0
240,4.8,single_leg_front_kick,0.96,recover,recovery,-0.5716519296236888,-0.15527757716827414,0.05578672991770562,-0.02650758993213263,-0.5828683668411602,-0.15525480682273562,0.18907980839736882,-0.0002591959304491086,0.0014313193541140238,0.00011437668128802653,0.048647681447964185,0.017443879224456588,0.05168061370243224,nan,nan,-999.0,-999.0,0.0,no_contact,0,0,0.0,0.0,326.92658837550687,27.374433152916158,23.861772627338816,0.04007789343602506,0.0,207.12613671110392,0.0,authored_keyframe,0
241,4.82,single_leg_front_kick,0.9640000000000001,recover,recovery,-0.5716523592215879,-0.15527138509475816,0.05578684703198737,-0.026514650385327715,-0.5828716512084846,-0.15522887059194315,0.18908113980779312,-8.837235104319113e-05,0.0011859430428921816,2.921376297112842e-05,0.039662284220405165,0.01536586166148466,0.042534768063080874,nan,nan,-999.0,-999.0,0.0,no_contact,0,0,0.0,0.0,326.94489900828086,27.381052009200413,23.862501657072382,0.040076709419380886,0.0,207.06467745104396,0.0,authored_keyframe,0
242,4.84,single_leg_front_kick,0.968,recover,recovery,-0.5716525271855416,-0.15526603814998194,0.05578687318271663,-0.026516220597625633,-0.582871752968357,-0.1552078796681437,0.18908094534960854,5.771143723767588e-05,0.0009379766809026052,-3.8179048760420724e-05,0.03135819936513283,0.013305850287556084,0.03406438491002404,nan,nan,-999.0,-999.0,0.0,no_contact,0,0,0.0,0.0,326.98200464582044,27.389113019352802,23.862977319351092,0.04007703894469148,0.0,206.8608040558367,0.0,authored_keyframe,0
243,4.86,single_leg_front_kick,0.9720000000000001,recover,recovery,-0.5716524365276291,-0.15526157427416754,0.05578682415497386,-0.0265133780603388,-0.5828693781465292,-0.15519182623430955,0.18907967356759983,0.00016157311898736172,0.0006927481915568308,-8.03679285043636e-05,0.023867808688351384,0.011273511280572697,0.02639629421295614,nan,nan,-999.0,-999.0,0.0,no_contact,0,0,0.0,0.0,327.0264155636081,27.396785586875136,23.86304153795107,0.04007840309066615,0.0,206.5821528896016,0.0,authored_keyframe,0
244,4.88,single_leg_front_kick,0.976,recover,recovery,-0.5716521295611521,-0.1552580135177954,0.055786721924092626,-0.026507720706010825,-0.5828654581319771,-0.1551806027369191,0.1890778497750163,0.0002168983208670715,0.00045496383362003505,-9.6283288051854e-05,0.01710850414346467,0.009237217159057927,0.019442918887619266,nan,nan,-999.0,-999.0,0.0,no_contact,0,0,0.0,0.0,327.06846995791796,27.40276851483656,23.862653666397215,0.040080251512070175,0.0,206.29221860564047,0.0,authored_keyframe,0
245,4.9,single_leg_front_kick,0.9800000000000001,recover,recovery,-0.571651673126129,-0.15525535812782756,0.05578659007660681,-0.02650095478645219,-0.5828609424944576,-0.15517401432601652,0.18907596425673354,0.0002268361764196501,0.000228710737221897,-8.971463920159949e-05,0.01114870999782947,0.0071808136568614536,0.013261139445397243,nan,nan,-999.0,-999.0,0.0,no_contact,0,0,0.0,0.0,327.10145428592483,27.40637527638219,23.8618688532796,0.04008207830140864,0.0,206.0407670902194,0.0,authored_keyframe,0
246,4.92,single_leg_front_kick,0.984,recover,recovery,-0.5716511428320293,-0.1552535926722913,0.05578644984598902,-0.02649457041220497,-0.5828566399386592,-0.15517179106298834,0.1890743959080086,0.00020113786686059388,1.747410421442231e-05,-6.738961491584111e-05,0.007096507276455538,0.005141338330498722,0.008763205769205798,nan,nan,-999.0,-999.0,0.0,no_contact,0,0,0.0,0.0,327.1219569607422,27.40749653525669,23.86080477170474,0.04008350005837674,0.0,205.85895375772247,0.0,authored_keyframe,0
247,4.94,single_leg_front_kick,0.9880000000000001,recover,recovery,-0.5716506093517112,-0.1552526845249061,0.05578631746516887,-0.02648963776064472,-0.5828531219389245,-0.15517359973020184,0.18907337483870595,0.00015290806462356154,-0.0001758420613372952,-3.706003048435e-05,0.007867008500977149,0.0032492547481666276,0.008511608495045463,nan,nan,-999.0,-999.0,0.0,no_contact,0,0,0.0,0.0,327.129583787436,27.40647473625308,23.85960582545565,0.04008429326685254,0.0,205.75876470990926,0.0,authored_keyframe,0
248,4.96,single_leg_front_kick,0.992,recover,recovery,-0.5716501286657463,-0.155252584926279,0.055786203043912574,-0.026486727678198797,-0.5828506894711942,-0.15517905525913567,0.18907298010219092,9.560886455225465e-05,-0.00034889798728385225,-5.912406699033358e-06,0.012063128228845886,0.0019394430481082478,0.012218040022951059,nan,nan,-999.0,-999.0,0.0,no_contact,0,0,0.0,0.0,327.1262416025812,27.403933081635877,23.85841185627201,0.04008439487391294,0.0,205.7357958282888,0.0,authored_keyframe,0
249,4.98,single_leg_front_kick,0.9960000000000001,recover,recovery,-0.5716497369738806,-0.1552532307038146,0.055786110771580195,-0.026485937875161604,-0.5828493926160476,-0.1551877318896914,0.18907316381783768,4.075341007282441e-05,-0.0004999076581762461,2.0513948658838765e-05,0.01673676609533612,0.002193354910512826,0.01687987396556809,nan,nan,-999.0,-999.0,0.0,no_contact,0,0,0.0,0.0,327.11522016009496,27.400599561506343,23.85733557936504,0.04008387500666436,0.0,205.77407726631372,0.0,authored_keyframe,0
250,5.0,single_leg_front_kick,1.0,recover,recovery,-0.5716494499925673,-0.15525454659943236,0.055786040026677954,-0.026486992711670446,-0.5828490865344708,-0.15519917417977191,0.18907379077600764,-3.4981821400831586e-06,-0.0006276332966589449,3.88505870208648e-05,0.02096638729563458,0.003419172194900364,0.021243355072326192,nan,nan,-999.0,-999.0,0.0,no_contact,0,0,0.0,0.0,327.1002790196263,27.397157749715543,23.856450272304933,0.040082893391302485,0.0,205.85162504622292,0.0,authored_keyframe,0
251,5.0200000000000005,single_leg_front_kick,1.0,recover,recovery,-0.571649265676253,-0.15525644804819388,0.05578598693620152,-0.026489380565029506,-0.5828495053780659,-0.15521290791783826,0.18907468283468515,-3.2832537347990505e-05,-0.0007313802574637087,4.792184754017337e-05,0.024461847630228566,0.00470332168295545,0.024909902134249297,nan,nan,-999.0,-999.0,0.0,no_contact,0,0,0.0,0.0,327.08489201977494,27.394143261803755,23.85578710473568,0.04008165109433795,0.0,205.94560322482414,0.0,authored_keyframe,0
252,5.04,single_leg_front_kick,1.0,recover,recovery,-0.5716491690676062,-0.1552588441888887,0.055785946001816106,-0.026492496012801386,-0.5828503373375031,-0.1552284508840489,0.18907565938076118,-4.6513292395224223e-05,-0.0008109865977687296,4.839133074626535e-05,0.02713166993661107,0.005831413383492909,0.027751268360173834,nan,nan,-999.0,-999.0,0.0,no_contact,0,0,0.0,0.0,327.07173522173804,27.391891743401647,23.85534008678485,0.04008034714217467,0.0,206.0363246042225,0.0,authored_keyframe,0
253,5.0600000000000005,single_leg_front_kick,1.0,recover,recovery,-0.5716491379568693,-0.15526164087471667,0.05578591152455627,-0.02649576189201997,-0.5828512880838536,-0.15524532329526428,0.18907656804700215,-4.658605364988903e-05,-0.0008668022368366097,4.2189225377487884e-05,0.028976048014787727,0.006757332119375924,0.0297535358558749,nan,nan,-999.0,-999.0,0.0,no_contact,0,0,0.0,0.0,327.0624406199925,27.39053372084957,23.855075910360384,0.04007914626856213,0.0,206.1097106757328,0.0,authored_keyframe,0
254,5.08,single_leg_front_kick,1.0,recover,recovery,-0.5716491482314183,-0.1552647434820828,0.0557858786706818,-0.026498716103944293,-0.5828521250239145,-0.15526305768788956,0.1890773030063055,-3.682398768648068e-05,-0.0008996546265931418,3.187275344283457e-05,0.030039431353094156,0.0074738754080550494,0.03095522976222897,nan,nan,-999.0,-999.0,0.0,no_contact,0,0,0.0,0.0,327.0575877186476,27.39002490682026,23.85494585480367,0.04007816045595157,0.0,206.15819013559977,0.0,authored_keyframe,0
255,5.1000000000000005,single_leg_front_kick,1.0,recover,recovery,-0.571649178129405,-0.15526805937347346,0.05578584411350784,-0.026501057717967288,-0.5828526999154685,-0.15528120795922068,0.18907781093009016,-2.1655768205841684e-05,-0.0009108004547610849,2.004372310485282e-05,0.030383060161700448,0.007984742734433167,0.03141474910491236,nan,nan,-999.0,-999.0,0.0,no_contact,0,0,0.0,0.0,327.0568729693212,27.390197684243553,23.8548972884302,0.04007744384590495,0.0,206.18028479032938,0.0,authored_keyframe,0
256,5.12,single_leg_front_kick,1.0,recover,recovery,-0.5716492109879056,-0.15527149993851463,0.05578580625959759,-0.026502655006078037,-0.5828529516179,-0.15529935730580235,0.18907808673504695,-5.258877259547609e-06,-0.000901865322115723,8.905786415990874e-06,0.030071196992670652,0.008296695800739622,0.03119474394480607,nan,nan,-999.0,-999.0,0.0,no_contact,0,0,0.0,0.0,327.05938329553936,27.390819796693645,23.854882962969473,0.040076998431079355,0.0,206.17928829489273,0.0,authored_keyframe,0
257,5.14,single_leg_front_kick,1.0,recover,recovery,-0.5716492364248811,-0.15527498219967514,0.055785765124565054,-0.026503523654234064,-0.5828528936067162,-0.15531712485620386,0.1890781624044877,9.073082504828494e-06,-0.0008747750279013897,-3.1721637933114907e-10,0.029167567185035288,0.00841810093351895,0.030358053277844743,nan,nan,-999.0,-999.0,0.0,no_contact,0,0,0.0,0.0,327.0639017480176,27.39164875267448,23.85486710102812,0.040076786819333875,0.0,206.1614902682735,0.0,authored_keyframe,0
258,5.16,single_leg_front_kick,1.0,recover,recovery,-0.5716492501661529,-0.15527843001516875,0.05578572196220408,-0.026503786265185552,-0.5828525922331943,-0.1553341708780178,0.18907809249058455,1.9253811368997918e-05,-0.0008316828378932019,-5.884537432647413e-06,0.02773737915540997,0.008359652868783594,0.028969742810344958,nan,nan,-999.0,-999.0,0.0,no_contact,0,0,0.0,0.0,327.06918637719593,27.392474102251125,23.85482805763258,0.040076748163237134,0.0,206.13435743439237,0.0,authored_keyframe,0
259,5.18,single_leg_front_kick,1.0,recover,recovery,-0.5716492528981701,-0.15528177493741516,0.055785678767365676,-0.0265036245900139,-0.5828521417220044,-0.15535020052609919,0.18907793954360594,2.444366861108532e-05,-0.0007748969682720554,-8.648462272802901e-06,0.02585040895810541,0.008135273337687215,0.027100301023792725,nan,nan,-999.0,-999.0,0.0,no_contact,0,0,0.0,0.0,327.0741827505481,27.393143702880874,23.854757968378618,0.04007681384113594,0.0,206.1049848674558,0.0,authored_keyframe,0
260,5.2,single_leg_front_kick,1.0,recover,recovery,-0.57164924859167,-0.15528495679250237,0.05578563776706969,-0.026503234264152187,-0.5828516409117771,-0.15536496617609344,0.18907776190558775,2.487095450603243e-05,-0.0007068117534401304,-8.726389790093942e-06,0.023582290604961188,0.007762312424194305,0.024826959627542836,nan,nan,-999.0,-999.0,0.0,no_contact,0,0,0.0,0.0,327.0781515197369,27.393573681431544,23.854660203300398,0.040076920389919286,0.0,206.07900559071567,0.0,authored_keyframe,0
261,5.22,single_leg_front_kick,1.0,recover,recovery,-0.5716492427155246,-0.15528792403943598,0.055785600989714974,-0.026502788937955428,-0.5828511751755636,-0.155378268445174,0.18907760529594553,2.1520543636249733e-05,-0.000629844898044755,-6.87824029248697e-06,0.02101325415187889,0.007260960585756112,0.02223237276314337,nan,nan,-999.0,-999.0,0.0,no_contact,0,0,0.0,0.0,327.08071125254816,27.39374455541322,23.854545609761587,0.04007701827149616,0.0,206.0600228706163,0.0,authored_keyframe,0
262,5.24,single_leg_front_kick,1.0,recover,recovery,-0.5716492406707622,-0.1552906339537695,0.05578556996694841,-0.026502417371760286,-0.5828508052181124,-0.15538995603783243,0.18907749862402112,1.57756013960417e-05,-0.0005463821286982869,-3.980980240873482e-06,0.018225079119731907,0.006653198505765324,0.019401509201028816,nan,nan,-999.0,-999.0,0.0,no_contact,0,0,0.0,0.0,327.0818108224447,27.393687655693032,23.854428481150425,0.040077076094168135,0.0,206.0495265143507,0.0,authored_keyframe,0
263,5.26,single_leg_front_kick,1.0,recover,recovery,-0.5716492466528977,-0.1552930526641545,0.05578554558600688,-0.026502193984514113,-0.5828505628674897,-0.155399924570529,0.18907745364962605,9.084103858077527e-06,-0.00045872965677604095,-8.53660829831883e-07,0.015297595690406363,0.005961702982802576,0.016418231828132297,nan,nan,-999.0,-999.0,0.0,no_contact,0,0,0.0,0.0,327.0816538125025,27.393466572466327,23.854322993559386,0.040077080753032214,0.0,206.0471838828916,0.0,authored_keyframe,0
264,5.28,single_leg_front_kick,1.0,recover,recovery,-0.571649263025138,-0.1552951550565668,0.05578552807973017,-0.02650214096809592,-0.5828504527815838,-0.15540811452986203,0.1890774675682258,2.6994982618195125e-06,-0.0003690742371321587,1.8633395251283078e-06,0.012305842530328648,0.005209013349319959,0.01336291811149941,nan,nan,-999.0,-999.0,0.0,no_contact,0,0,0.0,0.0,327.0805997329728,27.39315798983493,23.85424058283297,0.04007703451166289,0.0,206.05136165447354,0.0,authored_keyframe,0
265,5.3,single_leg_front_kick,1.0,recover,recovery,-0.5716492901778656,-0.15529692455176206,0.05578551712120996,-0.026502238630130872,-0.5828504582775842,-0.15541450851043634,0.18907752734530536,-2.4800787008237603e-06,-0.0002794502691862411,3.7685582879050867e-06,0.009318405178424869,0.004417095204595115,0.01031229388234027,nan,nan,-999.0,-999.0,0.0,no_contact,0,0,0.0,0.0,327.079064434906,27.392835269632055,23.85418845564833,0.04007695029709768,0.0,206.0597323924,0.0,authored_keyframe,0
266,5.32,single_leg_front_kick,1.0,recover,recovery,-0.5716493267743747,-0.1552983527575195,0.05578551198103291,-0.026502440111947856,-0.5828505492604054,-0.15541912786611284,0.18907761463263567,-5.972273643367661e-06,-0.00019171328787268553,4.704570788954604e-06,0.006396964115712622,0.003607352191691182,0.007343986637556889,nan,nan,-999.0,-999.0,0.0,no_contact,0,0,0.0,0.0,327.0774365396514,27.392556825561716,23.854169190035183,0.04007684645447704,0.0,206.06984285371618,0.0,authored_keyframe,0
267,5.34,single_leg_front_kick,1.0,recover,recovery,-0.5716493702435846,-0.15529943899782478,0.055785511705666764,-0.026502686889798188,-0.5828506903909703,-0.15542202889575119,0.1890777102999813,-7.686128678345149e-06,-0.0001075192535336662,4.72120431198184e-06,0.0035974082141214244,0.0028012903225605487,0.004559448796762573,nan,nan,-999.0,-999.0,0.0,no_contact,0,0,0.0,0.0,327.0760197386539,27.392360000988464,23.854181211831396,0.040076741978712735,0.0,206.07955865879183,0.0,authored_keyframe,0
268,5.36,single_leg_front_kick,1.0,recover,recovery,-0.5716494173745787,-0.15530018972496562,0.05578551528286511,-0.026502922260875167,-0.5828508480687635,-0.15542329867419014,0.18907779792658294,-7.83852526774377e-06,-2.830918818064243e-05,4.013675049617331e-06,0.0009884747295623296,0.0020229390360064405,0.0022515249575303375,nan,nan,-999.0,-999.0,0.0,no_contact,0,0,0.0,0.0,327.0750039832182,27.39226005741278,23.854219843605314,0.04007665289827806,0.0,206.0873423687222,0.0,authored_keyframe,0
269,5.38,single_leg_front_kick,1.0,recover,recovery,-0.5716494648876911,-0.1553006178259557,0.055785521770933766,-0.02650310107083192,-0.5828509953643402,-0.15542305063178868,0.18907786593756273,-6.8404932167905316e-06,4.470114987079557e-05,2.8523640165636216e-06,0.001510733144738014,0.0013088032669811723,0.0019988198083545697,nan,nan,-999.0,-999.0,0.0,no_contact,0,0,0.0,0.0,327.0744629936196,27.392253126438447,23.854278605796136,0.04007659011793929,0.0,206.09236084872128,0.0,authored_keyframe,0
270,5.4,single_leg_front_kick,1.0,recover,recovery,-0.5716495098925334,-0.15530074184027337,0.0557855303805785,-0.02650319501382445,-0.5828511146001614,-0.15542141998091827,0.1890779083767121,-5.180054723710683e-06,0.00011052675737845744,1.5180750226334383e-06,0.003689480461877249,0.0007615660038113124,0.0037672601259715385,nan,nan,-999.0,-999.0,0.0,no_contact,0,0,0.0,0.0,327.07437178473594,27.392321611148866,23.854350490203224,0.04007655870247098,0.0,206.09444741803486,0.0,authored_keyframe,0
271,5.42,single_leg_front_kick,1.0,recover,recovery,-0.5716495501848491,-0.1553005851104773,0.05578554050873532,-0.026503193746417335,-0.5828511977477903,-0.15541855908427227,0.18907792453667185,-3.322054706795778e-06,0.00016841420697028613,2.521703518102163e-07,0.005616220588896193,0.0007029896725627777,0.0056600466590719396,nan,nan,-999.0,-999.0,0.0,no_contact,0,0,0.0,0.0,327.07463617681805,27.392440503522902,23.85442900234261,0.04007655834589906,0.0,206.09396207736017,0.0,authored_keyframe,0
272,5.44,single_leg_front_kick,1.0,recover,recovery,-0.5716495843730236,-0.1553001748901721,0.05578555173188709,-0.026503102694188617,-0.5828512451313751,-0.15541463285644974,0.18907791780161914,-1.637378386642905e-06,0.00021783798227033028,-7.738996327591418e-07,0.007263218104246753,0.001101342547998363,0.007346243437151352,nan,nan,-999.0,-999.0,0.0,no_contact,0,0,0.0,0.0,327.07512630938567,27.392583325634053,23.85450885987614,0.04007658463791304,0.0,206.0915991115693,0.0,authored_keyframe,0
273,5.46,single_leg_front_kick,1.0,recover,recovery,-0.5716496118556381,-0.15529954143481095,0.055785563771218724,-0.02650293875808959,-0.5828512630853535,-0.1554098142858726,0.18907789409820555,-3.658881071347804e-07,0.00025849258149452623,-1.4695456539659259e-06,0.008618585776718257,0.001573537080677078,0.008761052433065105,nan,nan,-999.0,-999.0,0.0,no_contact,0,0,0.0,0.0,327.0757075423376,27.3927267966584,23.854586320675317,0.04007663070579932,0.0,206.08818760000548,0.0,authored_keyframe,0
274,5.48,single_leg_front_kick,1.0,recover,recovery,-0.5716496326906879,-0.15529871710006388,0.05578557644354619,-0.026502725170812664,-0.582851261223845,-0.1554042801579897,0.18907786031468782,3.893239363304396e-07,0.00029028073917914695,-1.8196324064671702e-06,0.009678490204736349,0.0020071773886175255,0.0098844288511049,nan,nan,-999.0,-999.0,0.0,no_contact,0,0,0.0,0.0,327.0762642491711,27.392853770623265,23.85465918279812,0.040076688856250695,0.0,206.08451996007818,0.0,authored_keyframe,0
275,5.5,single_leg_front_kick,1.0,recover,recovery,-0.5716496474046576,-0.15529773547027925,0.055785589610788625,-0.026502486576652468,-0.5828512498764967,-0.15539820705261653,0.18907782296140416,6.433880261407351e-07,0.0003132982160469341,-1.8678056317398449e-06,0.010445927973227508,0.0023750987863841444,0.010712539636656679,nan,nan,-999.0,-999.0,0.0,no_contact,0,0,0.0,0.0,327.07671433880785,27.39295439560975,23.854726542706604,0.04007675193852158,0.0,206.0812300329443,0.0,authored_keyframe,0
